-- MySQL dump 10.13  Distrib 5.5.12, for osx10.6 (i386)
--
-- Host: localhost    Database: ehiring
-- ------------------------------------------------------
-- Server version	5.5.12

/*!40101 SET @OLD_CHARACTER_SET_CLIENT=@@CHARACTER_SET_CLIENT */;
/*!40101 SET @OLD_CHARACTER_SET_RESULTS=@@CHARACTER_SET_RESULTS */;
/*!40101 SET @OLD_COLLATION_CONNECTION=@@COLLATION_CONNECTION */;
/*!40101 SET NAMES utf8 */;
/*!40103 SET @OLD_TIME_ZONE=@@TIME_ZONE */;
/*!40103 SET TIME_ZONE='+00:00' */;
/*!40014 SET @OLD_UNIQUE_CHECKS=@@UNIQUE_CHECKS, UNIQUE_CHECKS=0 */;
/*!40014 SET @OLD_FOREIGN_KEY_CHECKS=@@FOREIGN_KEY_CHECKS, FOREIGN_KEY_CHECKS=0 */;
/*!40101 SET @OLD_SQL_MODE=@@SQL_MODE, SQL_MODE='NO_AUTO_VALUE_ON_ZERO' */;
/*!40111 SET @OLD_SQL_NOTES=@@SQL_NOTES, SQL_NOTES=0 */;

--
-- Table structure for table `T_Area`
--

DROP TABLE IF EXISTS `T_Area`;
/*!40101 SET @saved_cs_client     = @@character_set_client */;
/*!40101 SET character_set_client = utf8 */;
CREATE TABLE `T_Area` (
  `area_Id` int(11) NOT NULL AUTO_INCREMENT COMMENT '区id',
  `area_Name` varchar(20) NOT NULL COMMENT '区名称',
  `area_City_id` int(11) NOT NULL COMMENT '所属城市id',
  `time_updated` timestamp NOT NULL DEFAULT CURRENT_TIMESTAMP ON UPDATE CURRENT_TIMESTAMP,
  `time_created` timestamp NOT NULL DEFAULT '0000-00-00 00:00:00',
  PRIMARY KEY (`area_Id`)
) ENGINE=InnoDB AUTO_INCREMENT=2787 DEFAULT CHARSET=utf8;
/*!40101 SET character_set_client = @saved_cs_client */;

--
-- Dumping data for table `T_Area`
--

LOCK TABLES `T_Area` WRITE;
/*!40000 ALTER TABLE `T_Area` DISABLE KEYS */;
INSERT INTO `T_Area` VALUES (1,'灵寿',19,'2011-08-03 15:24:44','2011-08-03 15:24:44'),(2,'高邑',19,'2011-08-03 15:24:44','2011-08-03 15:24:44'),(3,'深泽',19,'2011-08-03 15:24:44','2011-08-03 15:24:44'),(4,'赞皇',19,'2011-08-03 15:24:44','2011-08-03 15:24:44'),(5,'无极',19,'2011-08-03 15:24:44','2011-08-03 15:24:44'),(6,'平山',19,'2011-08-03 15:24:44','2011-08-03 15:24:44'),(7,'元氏',19,'2011-08-03 15:24:44','2011-08-03 15:24:44'),(8,'赵县',19,'2011-08-03 15:24:44','2011-08-03 15:24:44'),(9,'长安',19,'2011-08-03 15:24:44','2011-08-03 15:24:44'),(10,'桥东',19,'2011-08-03 15:24:44','2011-08-03 15:24:44'),(11,'桥西',19,'2011-08-03 15:24:44','2011-08-03 15:24:44'),(12,'新华',19,'2011-08-03 15:24:44','2011-08-03 15:24:44'),(13,'裕华',19,'2011-08-03 15:24:44','2011-08-03 15:24:44'),(14,'井陉矿',19,'2011-08-03 15:24:44','2011-08-03 15:24:44'),(15,'辛集',19,'2011-08-03 15:24:44','2011-08-03 15:24:44'),(16,'藁城',19,'2011-08-03 15:24:44','2011-08-03 15:24:44'),(17,'晋州',19,'2011-08-03 15:24:44','2011-08-03 15:24:44'),(18,'新乐',19,'2011-08-03 15:24:44','2011-08-03 15:24:44'),(19,'鹿泉',19,'2011-08-03 15:24:44','2011-08-03 15:24:44'),(20,'井陉',19,'2011-08-03 15:24:44','2011-08-03 15:24:44'),(21,'正定',19,'2011-08-03 15:24:44','2011-08-03 15:24:44'),(22,'栾城',19,'2011-08-03 15:24:44','2011-08-03 15:24:44'),(23,'行唐',19,'2011-08-03 15:24:44','2011-08-03 15:24:44'),(24,'路北',20,'2011-08-03 15:24:44','2011-08-03 15:24:44'),(25,'路南',20,'2011-08-03 15:24:44','2011-08-03 15:24:44'),(26,'古冶',20,'2011-08-03 15:24:44','2011-08-03 15:24:44'),(27,'开平',20,'2011-08-03 15:24:44','2011-08-03 15:24:44'),(28,'丰润',20,'2011-08-03 15:24:44','2011-08-03 15:24:44'),(29,'丰南',20,'2011-08-03 15:24:44','2011-08-03 15:24:44'),(30,'遵化',20,'2011-08-03 15:24:44','2011-08-03 15:24:44'),(31,'迁安',20,'2011-08-03 15:24:44','2011-08-03 15:24:44'),(32,'滦县',20,'2011-08-03 15:24:44','2011-08-03 15:24:44'),(33,'滦南',20,'2011-08-03 15:24:44','2011-08-03 15:24:44'),(34,'乐亭',20,'2011-08-03 15:24:44','2011-08-03 15:24:44'),(35,'迁西',20,'2011-08-03 15:24:44','2011-08-03 15:24:44'),(36,'玉田',20,'2011-08-03 15:24:44','2011-08-03 15:24:44'),(37,'唐海',20,'2011-08-03 15:24:44','2011-08-03 15:24:44'),(38,'海港',21,'2011-08-03 15:24:44','2011-08-03 15:24:44'),(39,'山海关',21,'2011-08-03 15:24:44','2011-08-03 15:24:44'),(40,'北戴河',21,'2011-08-03 15:24:44','2011-08-03 15:24:44'),(41,'昌黎',21,'2011-08-03 15:24:44','2011-08-03 15:24:44'),(42,'抚宁',21,'2011-08-03 15:24:44','2011-08-03 15:24:44'),(43,'卢龙',21,'2011-08-03 15:24:44','2011-08-03 15:24:44'),(44,'青龙',21,'2011-08-03 15:24:44','2011-08-03 15:24:44'),(45,'峰峰',22,'2011-08-03 15:24:44','2011-08-03 15:24:44'),(46,'武安',22,'2011-08-03 15:24:44','2011-08-03 15:24:44'),(47,'邯郸',22,'2011-08-03 15:24:44','2011-08-03 15:24:44'),(48,'临漳',22,'2011-08-03 15:24:44','2011-08-03 15:24:44'),(49,'成安',22,'2011-08-03 15:24:44','2011-08-03 15:24:44'),(50,'大名',22,'2011-08-03 15:24:44','2011-08-03 15:24:44'),(51,'涉县',22,'2011-08-03 15:24:44','2011-08-03 15:24:44'),(52,'磁县',22,'2011-08-03 15:24:44','2011-08-03 15:24:44'),(53,'肥乡',22,'2011-08-03 15:24:44','2011-08-03 15:24:44'),(54,'永年',22,'2011-08-03 15:24:44','2011-08-03 15:24:44'),(55,'邱县',22,'2011-08-03 15:24:44','2011-08-03 15:24:44'),(56,'鸡泽',22,'2011-08-03 15:24:44','2011-08-03 15:24:44'),(57,'广平',22,'2011-08-03 15:24:44','2011-08-03 15:24:44'),(58,'馆陶',22,'2011-08-03 15:24:44','2011-08-03 15:24:44'),(59,'魏县',22,'2011-08-03 15:24:44','2011-08-03 15:24:44'),(60,'曲周',22,'2011-08-03 15:24:44','2011-08-03 15:24:44'),(61,'丛台',22,'2011-08-03 15:24:44','2011-08-03 15:24:44'),(62,'邯山',22,'2011-08-03 15:24:44','2011-08-03 15:24:44'),(63,'复兴',22,'2011-08-03 15:24:44','2011-08-03 15:24:44'),(64,'威县',23,'2011-08-03 15:24:44','2011-08-03 15:24:44'),(65,'清河',23,'2011-08-03 15:24:44','2011-08-03 15:24:44'),(66,'临西',23,'2011-08-03 15:24:44','2011-08-03 15:24:44'),(67,'桥东',23,'2011-08-03 15:24:44','2011-08-03 15:24:44'),(68,'桥西',23,'2011-08-03 15:24:44','2011-08-03 15:24:44'),(69,'南宫',23,'2011-08-03 15:24:44','2011-08-03 15:24:44'),(70,'沙河',23,'2011-08-03 15:24:44','2011-08-03 15:24:44'),(71,'邢台',23,'2011-08-03 15:24:44','2011-08-03 15:24:44'),(72,'临城',23,'2011-08-03 15:24:44','2011-08-03 15:24:44'),(73,'内丘',23,'2011-08-03 15:24:44','2011-08-03 15:24:44'),(74,'柏乡',23,'2011-08-03 15:24:44','2011-08-03 15:24:44'),(75,'隆尧',23,'2011-08-03 15:24:44','2011-08-03 15:24:44'),(76,'任县',23,'2011-08-03 15:24:44','2011-08-03 15:24:44'),(77,'南和',23,'2011-08-03 15:24:44','2011-08-03 15:24:44'),(78,'宁晋',23,'2011-08-03 15:24:44','2011-08-03 15:24:44'),(79,'巨鹿',23,'2011-08-03 15:24:44','2011-08-03 15:24:44'),(80,'新河',23,'2011-08-03 15:24:44','2011-08-03 15:24:44'),(81,'广宗',23,'2011-08-03 15:24:44','2011-08-03 15:24:44'),(82,'平乡',23,'2011-08-03 15:24:44','2011-08-03 15:24:44'),(83,'新市',24,'2011-08-03 15:24:44','2011-08-03 15:24:44'),(84,'北市',24,'2011-08-03 15:24:44','2011-08-03 15:24:44'),(85,'南市',24,'2011-08-03 15:24:44','2011-08-03 15:24:44'),(86,'定州',24,'2011-08-03 15:24:44','2011-08-03 15:24:44'),(87,'涿州',24,'2011-08-03 15:24:44','2011-08-03 15:24:44'),(88,'安国',24,'2011-08-03 15:24:44','2011-08-03 15:24:44'),(89,'高碑店',24,'2011-08-03 15:24:44','2011-08-03 15:24:44'),(90,'满城',24,'2011-08-03 15:24:44','2011-08-03 15:24:44'),(91,'清苑',24,'2011-08-03 15:24:44','2011-08-03 15:24:44'),(92,'易县',24,'2011-08-03 15:24:44','2011-08-03 15:24:44'),(93,'徐水',24,'2011-08-03 15:24:44','2011-08-03 15:24:44'),(94,'涞源',24,'2011-08-03 15:24:44','2011-08-03 15:24:44'),(95,'定兴',24,'2011-08-03 15:24:44','2011-08-03 15:24:44'),(96,'顺平',24,'2011-08-03 15:24:44','2011-08-03 15:24:44'),(97,'唐县',24,'2011-08-03 15:24:44','2011-08-03 15:24:44'),(98,'望都',24,'2011-08-03 15:24:44','2011-08-03 15:24:44'),(99,'涞水',24,'2011-08-03 15:24:44','2011-08-03 15:24:44'),(100,'高阳',24,'2011-08-03 15:24:44','2011-08-03 15:24:44'),(101,'安新',24,'2011-08-03 15:24:44','2011-08-03 15:24:44'),(102,'雄县',24,'2011-08-03 15:24:44','2011-08-03 15:24:44'),(103,'容城',24,'2011-08-03 15:24:44','2011-08-03 15:24:44'),(104,'曲阳',24,'2011-08-03 15:24:44','2011-08-03 15:24:44'),(105,'阜平',24,'2011-08-03 15:24:44','2011-08-03 15:24:44'),(106,'博野',24,'2011-08-03 15:24:44','2011-08-03 15:24:44'),(107,'蠡县',24,'2011-08-03 15:24:44','2011-08-03 15:24:44'),(108,'宣化',25,'2011-08-03 15:24:44','2011-08-03 15:24:44'),(109,'张北',25,'2011-08-03 15:24:44','2011-08-03 15:24:44'),(110,'康保',25,'2011-08-03 15:24:44','2011-08-03 15:24:44'),(111,'沽源',25,'2011-08-03 15:24:44','2011-08-03 15:24:44'),(112,'尚义',25,'2011-08-03 15:24:44','2011-08-03 15:24:44'),(113,'蔚县',25,'2011-08-03 15:24:44','2011-08-03 15:24:44'),(114,'阳原',25,'2011-08-03 15:24:44','2011-08-03 15:24:44'),(115,'怀安',25,'2011-08-03 15:24:44','2011-08-03 15:24:44'),(116,'万全',25,'2011-08-03 15:24:44','2011-08-03 15:24:44'),(117,'怀来',25,'2011-08-03 15:24:44','2011-08-03 15:24:44'),(118,'涿鹿',25,'2011-08-03 15:24:44','2011-08-03 15:24:44'),(119,'赤城',25,'2011-08-03 15:24:44','2011-08-03 15:24:44'),(120,'崇礼',25,'2011-08-03 15:24:44','2011-08-03 15:24:44'),(121,'桥西',25,'2011-08-03 15:24:44','2011-08-03 15:24:44'),(122,'桥东',25,'2011-08-03 15:24:44','2011-08-03 15:24:44'),(123,'宣化',25,'2011-08-03 15:24:44','2011-08-03 15:24:44'),(124,'下花园',25,'2011-08-03 15:24:44','2011-08-03 15:24:44'),(125,'双桥',26,'2011-08-03 15:24:44','2011-08-03 15:24:44'),(126,'双滦',26,'2011-08-03 15:24:44','2011-08-03 15:24:44'),(127,'鹰手营子矿区',26,'2011-08-03 15:24:44','2011-08-03 15:24:44'),(128,'承德',26,'2011-08-03 15:24:44','2011-08-03 15:24:44'),(129,'兴隆',26,'2011-08-03 15:24:44','2011-08-03 15:24:44'),(130,'平泉',26,'2011-08-03 15:24:44','2011-08-03 15:24:44'),(131,'滦平',26,'2011-08-03 15:24:44','2011-08-03 15:24:44'),(132,'隆化',26,'2011-08-03 15:24:44','2011-08-03 15:24:44'),(133,'丰宁',26,'2011-08-03 15:24:44','2011-08-03 15:24:44'),(134,'宽城',26,'2011-08-03 15:24:44','2011-08-03 15:24:44'),(135,'围场',26,'2011-08-03 15:24:44','2011-08-03 15:24:44'),(136,'东光',27,'2011-08-03 15:24:44','2011-08-03 15:24:44'),(137,'南皮',27,'2011-08-03 15:24:44','2011-08-03 15:24:44'),(138,'海兴',27,'2011-08-03 15:24:44','2011-08-03 15:24:44'),(139,'吴桥',27,'2011-08-03 15:24:44','2011-08-03 15:24:44'),(140,'盐山',27,'2011-08-03 15:24:44','2011-08-03 15:24:44'),(141,'献县',27,'2011-08-03 15:24:44','2011-08-03 15:24:44'),(142,'肃宁',27,'2011-08-03 15:24:44','2011-08-03 15:24:44'),(143,'孟村',27,'2011-08-03 15:24:44','2011-08-03 15:24:44'),(144,'运河',27,'2011-08-03 15:24:44','2011-08-03 15:24:44'),(145,'新华',27,'2011-08-03 15:24:44','2011-08-03 15:24:44'),(146,'泊头',27,'2011-08-03 15:24:44','2011-08-03 15:24:44'),(147,'任丘',27,'2011-08-03 15:24:44','2011-08-03 15:24:44'),(148,'黄骅',27,'2011-08-03 15:24:44','2011-08-03 15:24:44'),(149,'河间',27,'2011-08-03 15:24:44','2011-08-03 15:24:44'),(150,'沧县',27,'2011-08-03 15:24:44','2011-08-03 15:24:44'),(151,'青县',27,'2011-08-03 15:24:44','2011-08-03 15:24:44'),(152,'安次',28,'2011-08-03 15:24:44','2011-08-03 15:24:44'),(153,'广阳',28,'2011-08-03 15:24:44','2011-08-03 15:24:44'),(154,'霸州',28,'2011-08-03 15:24:44','2011-08-03 15:24:44'),(155,'三河',28,'2011-08-03 15:24:44','2011-08-03 15:24:44'),(156,'固安',28,'2011-08-03 15:24:44','2011-08-03 15:24:44'),(157,'永清',28,'2011-08-03 15:24:44','2011-08-03 15:24:44'),(158,'香河',28,'2011-08-03 15:24:44','2011-08-03 15:24:44'),(159,'大城',28,'2011-08-03 15:24:44','2011-08-03 15:24:44'),(160,'文安',28,'2011-08-03 15:24:44','2011-08-03 15:24:44'),(161,'大厂',28,'2011-08-03 15:24:44','2011-08-03 15:24:44'),(162,'桃城',29,'2011-08-03 15:24:44','2011-08-03 15:24:44'),(163,'冀州',29,'2011-08-03 15:24:44','2011-08-03 15:24:44'),(164,'深州',29,'2011-08-03 15:24:44','2011-08-03 15:24:44'),(165,'枣强',29,'2011-08-03 15:24:44','2011-08-03 15:24:44'),(166,'武邑',29,'2011-08-03 15:24:44','2011-08-03 15:24:44'),(167,'武强',29,'2011-08-03 15:24:44','2011-08-03 15:24:44'),(168,'饶阳',29,'2011-08-03 15:24:44','2011-08-03 15:24:44'),(169,'安平',29,'2011-08-03 15:24:44','2011-08-03 15:24:44'),(170,'故城',29,'2011-08-03 15:24:44','2011-08-03 15:24:44'),(171,'景县',29,'2011-08-03 15:24:44','2011-08-03 15:24:44'),(172,'阜城',29,'2011-08-03 15:24:44','2011-08-03 15:24:44'),(173,'阳曲',30,'2011-08-03 15:24:44','2011-08-03 15:24:44'),(174,'娄烦',30,'2011-08-03 15:24:44','2011-08-03 15:24:44'),(175,'小店',30,'2011-08-03 15:24:44','2011-08-03 15:24:44'),(176,'迎泽',30,'2011-08-03 15:24:44','2011-08-03 15:24:44'),(177,'尖草坪',30,'2011-08-03 15:24:44','2011-08-03 15:24:44'),(178,'万柏林',30,'2011-08-03 15:24:44','2011-08-03 15:24:44'),(179,'晋源',30,'2011-08-03 15:24:44','2011-08-03 15:24:44'),(180,'古交',30,'2011-08-03 15:24:44','2011-08-03 15:24:44'),(181,'清徐',30,'2011-08-03 15:24:44','2011-08-03 15:24:44'),(182,'矿区',31,'2011-08-03 15:24:44','2011-08-03 15:24:44'),(183,'南郊',31,'2011-08-03 15:24:44','2011-08-03 15:24:44'),(184,'新荣',31,'2011-08-03 15:24:44','2011-08-03 15:24:44'),(185,'阳高',31,'2011-08-03 15:24:44','2011-08-03 15:24:44'),(186,'天镇',31,'2011-08-03 15:24:44','2011-08-03 15:24:44'),(187,'广灵',31,'2011-08-03 15:24:44','2011-08-03 15:24:44'),(188,'灵丘',31,'2011-08-03 15:24:44','2011-08-03 15:24:44'),(189,'浑源',31,'2011-08-03 15:24:44','2011-08-03 15:24:44'),(190,'左云',31,'2011-08-03 15:24:44','2011-08-03 15:24:44'),(191,'大同',31,'2011-08-03 15:24:44','2011-08-03 15:24:44'),(192,'矿区',32,'2011-08-03 15:24:44','2011-08-03 15:24:44'),(193,'郊区',32,'2011-08-03 15:24:44','2011-08-03 15:24:44'),(194,'平定',32,'2011-08-03 15:24:44','2011-08-03 15:24:44'),(195,'盂县',32,'2011-08-03 15:24:44','2011-08-03 15:24:44'),(196,'郊区',33,'2011-08-03 15:24:44','2011-08-03 15:24:44'),(197,'潞城',33,'2011-08-03 15:24:44','2011-08-03 15:24:44'),(198,'长治',33,'2011-08-03 15:24:44','2011-08-03 15:24:44'),(199,'襄垣',33,'2011-08-03 15:24:44','2011-08-03 15:24:44'),(200,'屯留',33,'2011-08-03 15:24:44','2011-08-03 15:24:44'),(201,'平顺',33,'2011-08-03 15:24:44','2011-08-03 15:24:44'),(202,'黎城',33,'2011-08-03 15:24:44','2011-08-03 15:24:44'),(203,'壶关',33,'2011-08-03 15:24:44','2011-08-03 15:24:44'),(204,'长子',33,'2011-08-03 15:24:44','2011-08-03 15:24:44'),(205,'武乡',33,'2011-08-03 15:24:44','2011-08-03 15:24:44'),(206,'沁县',33,'2011-08-03 15:24:44','2011-08-03 15:24:44'),(207,'沁源',33,'2011-08-03 15:24:44','2011-08-03 15:24:44'),(208,'陵川',34,'2011-08-03 15:24:44','2011-08-03 15:24:44'),(209,'高平',34,'2011-08-03 15:24:44','2011-08-03 15:24:44'),(210,'泽州',34,'2011-08-03 15:24:44','2011-08-03 15:24:44'),(211,'沁水',34,'2011-08-03 15:24:44','2011-08-03 15:24:44'),(212,'阳城',34,'2011-08-03 15:24:44','2011-08-03 15:24:44'),(213,'平鲁',35,'2011-08-03 15:24:44','2011-08-03 15:24:44'),(214,'山阴',35,'2011-08-03 15:24:44','2011-08-03 15:24:44'),(215,'应县',35,'2011-08-03 15:24:44','2011-08-03 15:24:44'),(216,'右玉',35,'2011-08-03 15:24:44','2011-08-03 15:24:44'),(217,'怀仁',35,'2011-08-03 15:24:44','2011-08-03 15:24:44'),(218,'介休',36,'2011-08-03 15:24:44','2011-08-03 15:24:44'),(219,'榆社',36,'2011-08-03 15:24:44','2011-08-03 15:24:44'),(220,'左权',36,'2011-08-03 15:24:44','2011-08-03 15:24:44'),(221,'和顺',36,'2011-08-03 15:24:44','2011-08-03 15:24:44'),(222,'昔阳',36,'2011-08-03 15:24:44','2011-08-03 15:24:44'),(223,'寿阳',36,'2011-08-03 15:24:44','2011-08-03 15:24:44'),(224,'太谷',36,'2011-08-03 15:24:44','2011-08-03 15:24:44'),(225,'祁县',36,'2011-08-03 15:24:44','2011-08-03 15:24:44'),(226,'平遥',36,'2011-08-03 15:24:44','2011-08-03 15:24:44'),(227,'灵石',36,'2011-08-03 15:24:44','2011-08-03 15:24:44'),(228,'永济',37,'2011-08-03 15:24:44','2011-08-03 15:24:44'),(229,'河津',37,'2011-08-03 15:24:44','2011-08-03 15:24:44'),(230,'芮城',37,'2011-08-03 15:24:44','2011-08-03 15:24:44'),(231,'临猗',37,'2011-08-03 15:24:44','2011-08-03 15:24:44'),(232,'万荣',37,'2011-08-03 15:24:44','2011-08-03 15:24:44'),(233,'新绛',37,'2011-08-03 15:24:44','2011-08-03 15:24:44'),(234,'稷山',37,'2011-08-03 15:24:44','2011-08-03 15:24:44'),(235,'闻喜',37,'2011-08-03 15:24:44','2011-08-03 15:24:44'),(236,'夏县',37,'2011-08-03 15:24:44','2011-08-03 15:24:44'),(237,'绛县',37,'2011-08-03 15:24:44','2011-08-03 15:24:44'),(238,'平陆',37,'2011-08-03 15:24:44','2011-08-03 15:24:44'),(239,'垣曲',37,'2011-08-03 15:24:44','2011-08-03 15:24:44'),(240,'繁峙',38,'2011-08-03 15:24:44','2011-08-03 15:24:44'),(241,'宁武',38,'2011-08-03 15:24:44','2011-08-03 15:24:44'),(242,'静乐',38,'2011-08-03 15:24:44','2011-08-03 15:24:44'),(243,'神池',38,'2011-08-03 15:24:44','2011-08-03 15:24:44'),(244,'五寨',38,'2011-08-03 15:24:44','2011-08-03 15:24:44'),(245,'岢岚',38,'2011-08-03 15:24:44','2011-08-03 15:24:44'),(246,'河曲',38,'2011-08-03 15:24:44','2011-08-03 15:24:44'),(247,'保德',38,'2011-08-03 15:24:44','2011-08-03 15:24:44'),(248,'偏关',38,'2011-08-03 15:24:44','2011-08-03 15:24:44'),(249,'原平',38,'2011-08-03 15:24:44','2011-08-03 15:24:44'),(250,'定襄',38,'2011-08-03 15:24:44','2011-08-03 15:24:44'),(251,'五台',38,'2011-08-03 15:24:44','2011-08-03 15:24:44'),(252,'代县',38,'2011-08-03 15:24:44','2011-08-03 15:24:44'),(253,'侯马',39,'2011-08-03 15:24:44','2011-08-03 15:24:44'),(254,'霍州',39,'2011-08-03 15:24:44','2011-08-03 15:24:44'),(255,'曲沃',39,'2011-08-03 15:24:44','2011-08-03 15:24:44'),(256,'翼城',39,'2011-08-03 15:24:44','2011-08-03 15:24:44'),(257,'襄汾',39,'2011-08-03 15:24:44','2011-08-03 15:24:44'),(258,'洪洞',39,'2011-08-03 15:24:44','2011-08-03 15:24:44'),(259,'古县',39,'2011-08-03 15:24:44','2011-08-03 15:24:44'),(260,'安泽',39,'2011-08-03 15:24:44','2011-08-03 15:24:44'),(261,'浮山',39,'2011-08-03 15:24:44','2011-08-03 15:24:44'),(262,'吉县',39,'2011-08-03 15:24:44','2011-08-03 15:24:44'),(263,'乡宁',39,'2011-08-03 15:24:44','2011-08-03 15:24:44'),(264,'蒲县',39,'2011-08-03 15:24:44','2011-08-03 15:24:44'),(265,'大宁',39,'2011-08-03 15:24:44','2011-08-03 15:24:44'),(266,'永和',39,'2011-08-03 15:24:44','2011-08-03 15:24:44'),(267,'隰县',39,'2011-08-03 15:24:44','2011-08-03 15:24:44'),(268,'汾西',39,'2011-08-03 15:24:44','2011-08-03 15:24:44'),(269,'柳林',40,'2011-08-03 15:24:44','2011-08-03 15:24:44'),(270,'岚县',40,'2011-08-03 15:24:44','2011-08-03 15:24:44'),(271,'交口',40,'2011-08-03 15:24:44','2011-08-03 15:24:44'),(272,'交城',40,'2011-08-03 15:24:44','2011-08-03 15:24:44'),(273,'石楼',40,'2011-08-03 15:24:44','2011-08-03 15:24:44'),(274,'孝义',40,'2011-08-03 15:24:44','2011-08-03 15:24:44'),(275,'汾阳',40,'2011-08-03 15:24:44','2011-08-03 15:24:44'),(276,'文水',40,'2011-08-03 15:24:44','2011-08-03 15:24:44'),(277,'中阳',40,'2011-08-03 15:24:44','2011-08-03 15:24:44'),(278,'兴县',40,'2011-08-03 15:24:44','2011-08-03 15:24:44'),(279,'临县',40,'2011-08-03 15:24:44','2011-08-03 15:24:44'),(280,'方山',40,'2011-08-03 15:24:44','2011-08-03 15:24:44'),(281,'回民',41,'2011-08-03 15:24:44','2011-08-03 15:24:44'),(282,'新城',41,'2011-08-03 15:24:44','2011-08-03 15:24:44'),(283,'玉泉',41,'2011-08-03 15:24:44','2011-08-03 15:24:44'),(284,'赛罕',41,'2011-08-03 15:24:44','2011-08-03 15:24:44'),(285,'托克托',41,'2011-08-03 15:24:44','2011-08-03 15:24:44'),(286,'武川',41,'2011-08-03 15:24:44','2011-08-03 15:24:44'),(287,'和林格尔',41,'2011-08-03 15:24:44','2011-08-03 15:24:44'),(288,'清水河',41,'2011-08-03 15:24:44','2011-08-03 15:24:44'),(289,'土默特左旗',41,'2011-08-03 15:24:44','2011-08-03 15:24:44'),(290,'昆都仑',42,'2011-08-03 15:24:44','2011-08-03 15:24:44'),(291,'东河',42,'2011-08-03 15:24:44','2011-08-03 15:24:44'),(292,'青山',42,'2011-08-03 15:24:44','2011-08-03 15:24:44'),(293,'石拐',42,'2011-08-03 15:24:44','2011-08-03 15:24:44'),(294,'白云矿',42,'2011-08-03 15:24:44','2011-08-03 15:24:44'),(295,'九原',42,'2011-08-03 15:24:44','2011-08-03 15:24:44'),(296,'固阳',42,'2011-08-03 15:24:44','2011-08-03 15:24:44'),(297,'土默特右旗',42,'2011-08-03 15:24:44','2011-08-03 15:24:44'),(298,'达尔罕茂明安联合旗',42,'2011-08-03 15:24:44','2011-08-03 15:24:44'),(299,'海勃湾',43,'2011-08-03 15:24:44','2011-08-03 15:24:44'),(300,'乌达',43,'2011-08-03 15:24:44','2011-08-03 15:24:44'),(301,'海南',43,'2011-08-03 15:24:44','2011-08-03 15:24:44'),(302,'巴林左旗',44,'2011-08-03 15:24:44','2011-08-03 15:24:44'),(303,'喀喇沁旗',44,'2011-08-03 15:24:44','2011-08-03 15:24:44'),(304,'巴林右旗',44,'2011-08-03 15:24:44','2011-08-03 15:24:44'),(305,'敖汉旗',44,'2011-08-03 15:24:44','2011-08-03 15:24:44'),(306,'克什克腾旗',44,'2011-08-03 15:24:44','2011-08-03 15:24:44'),(307,'翁牛特旗',44,'2011-08-03 15:24:44','2011-08-03 15:24:44'),(308,'红山',44,'2011-08-03 15:24:44','2011-08-03 15:24:44'),(309,'元宝山',44,'2011-08-03 15:24:44','2011-08-03 15:24:44'),(310,'松山',44,'2011-08-03 15:24:44','2011-08-03 15:24:44'),(311,'宁城',44,'2011-08-03 15:24:44','2011-08-03 15:24:44'),(312,'林西',44,'2011-08-03 15:24:44','2011-08-03 15:24:44'),(313,'阿鲁科尔沁旗',44,'2011-08-03 15:24:44','2011-08-03 15:24:44'),(314,'科尔沁',45,'2011-08-03 15:24:44','2011-08-03 15:24:44'),(315,'霍林郭勒',45,'2011-08-03 15:24:44','2011-08-03 15:24:44'),(316,'开鲁',45,'2011-08-03 15:24:44','2011-08-03 15:24:44'),(317,'库伦旗',45,'2011-08-03 15:24:44','2011-08-03 15:24:44'),(318,'奈曼旗',45,'2011-08-03 15:24:44','2011-08-03 15:24:44'),(319,'扎鲁特旗',45,'2011-08-03 15:24:44','2011-08-03 15:24:44'),(320,'科尔沁左翼中旗',45,'2011-08-03 15:24:44','2011-08-03 15:24:44'),(321,'科尔沁左翼后旗',45,'2011-08-03 15:24:44','2011-08-03 15:24:44'),(322,'东胜',46,'2011-08-03 15:24:44','2011-08-03 15:24:44'),(323,'达拉特旗',46,'2011-08-03 15:24:44','2011-08-03 15:24:44'),(324,'准格尔旗',46,'2011-08-03 15:24:44','2011-08-03 15:24:44'),(325,'鄂托克前旗',46,'2011-08-03 15:24:44','2011-08-03 15:24:44'),(326,'鄂托克旗',46,'2011-08-03 15:24:44','2011-08-03 15:24:44'),(327,'杭锦旗',46,'2011-08-03 15:24:44','2011-08-03 15:24:44'),(328,'乌审旗',46,'2011-08-03 15:24:44','2011-08-03 15:24:44'),(329,'伊金霍洛旗',46,'2011-08-03 15:24:44','2011-08-03 15:24:44'),(330,'海拉尔',47,'2011-08-03 15:24:44','2011-08-03 15:24:44'),(331,'满洲里',47,'2011-08-03 15:24:44','2011-08-03 15:24:44'),(332,'扎兰屯',47,'2011-08-03 15:24:44','2011-08-03 15:24:44'),(333,'牙克石',47,'2011-08-03 15:24:44','2011-08-03 15:24:44'),(334,'根河',47,'2011-08-03 15:24:44','2011-08-03 15:24:44'),(335,'额尔古纳',47,'2011-08-03 15:24:44','2011-08-03 15:24:44'),(336,'阿荣旗',47,'2011-08-03 15:24:44','2011-08-03 15:24:44'),(337,'新巴尔虎右旗',47,'2011-08-03 15:24:44','2011-08-03 15:24:44'),(338,'新巴尔虎左旗',47,'2011-08-03 15:24:44','2011-08-03 15:24:44'),(339,'陈巴尔虎旗',47,'2011-08-03 15:24:44','2011-08-03 15:24:44'),(340,'鄂伦春自治旗',47,'2011-08-03 15:24:44','2011-08-03 15:24:44'),(341,'鄂温克族自治旗',47,'2011-08-03 15:24:44','2011-08-03 15:24:44'),(342,'莫力达瓦达斡尔族自治旗',47,'2011-08-03 15:24:44','2011-08-03 15:24:44'),(343,'丰镇',48,'2011-08-03 15:24:44','2011-08-03 15:24:44'),(344,'卓资',48,'2011-08-03 15:24:44','2011-08-03 15:24:44'),(345,'化德',48,'2011-08-03 15:24:44','2011-08-03 15:24:44'),(346,'商都',48,'2011-08-03 15:24:44','2011-08-03 15:24:44'),(347,'兴和',48,'2011-08-03 15:24:44','2011-08-03 15:24:44'),(348,'凉城',48,'2011-08-03 15:24:44','2011-08-03 15:24:44'),(349,'察哈尔右翼前旗',48,'2011-08-03 15:24:44','2011-08-03 15:24:44'),(350,'察哈尔右翼中旗',48,'2011-08-03 15:24:44','2011-08-03 15:24:44'),(351,'察哈尔右翼后旗',48,'2011-08-03 15:24:44','2011-08-03 15:24:44'),(352,'四子王旗',48,'2011-08-03 15:24:44','2011-08-03 15:24:44'),(353,'集宁',48,'2011-08-03 15:24:44','2011-08-03 15:24:44'),(354,'锡林浩特',49,'2011-08-03 15:24:44','2011-08-03 15:24:44'),(355,'二连浩特',49,'2011-08-03 15:24:44','2011-08-03 15:24:44'),(356,'多伦',49,'2011-08-03 15:24:44','2011-08-03 15:24:44'),(357,'阿巴嘎旗',49,'2011-08-03 15:24:44','2011-08-03 15:24:44'),(358,'苏尼特左旗',49,'2011-08-03 15:24:44','2011-08-03 15:24:44'),(359,'苏尼特右旗',49,'2011-08-03 15:24:44','2011-08-03 15:24:44'),(360,'东乌珠穆沁旗',49,'2011-08-03 15:24:44','2011-08-03 15:24:44'),(361,'西乌珠穆沁旗',49,'2011-08-03 15:24:44','2011-08-03 15:24:44'),(362,'太仆寺旗',49,'2011-08-03 15:24:44','2011-08-03 15:24:44'),(363,'镶黄旗',49,'2011-08-03 15:24:44','2011-08-03 15:24:44'),(364,'正镶白旗',49,'2011-08-03 15:24:44','2011-08-03 15:24:44'),(365,'正蓝旗',49,'2011-08-03 15:24:44','2011-08-03 15:24:44'),(366,'临河',50,'2011-08-03 15:24:44','2011-08-03 15:24:44'),(367,'五原',50,'2011-08-03 15:24:44','2011-08-03 15:24:44'),(368,'磴口',50,'2011-08-03 15:24:44','2011-08-03 15:24:44'),(369,'乌拉特前旗',50,'2011-08-03 15:24:44','2011-08-03 15:24:44'),(370,'乌拉特中旗',50,'2011-08-03 15:24:44','2011-08-03 15:24:44'),(371,'乌拉特后旗',50,'2011-08-03 15:24:44','2011-08-03 15:24:44'),(372,'杭锦后旗',50,'2011-08-03 15:24:44','2011-08-03 15:24:44'),(373,'阿拉善左旗',51,'2011-08-03 15:24:44','2011-08-03 15:24:44'),(374,'阿拉善右旗',51,'2011-08-03 15:24:44','2011-08-03 15:24:44'),(375,'额济纳旗',51,'2011-08-03 15:24:44','2011-08-03 15:24:44'),(376,'乌兰浩特',52,'2011-08-03 15:24:44','2011-08-03 15:24:44'),(377,'阿尔山',52,'2011-08-03 15:24:44','2011-08-03 15:24:44'),(378,'突泉',52,'2011-08-03 15:24:44','2011-08-03 15:24:44'),(379,'科尔沁右翼前旗',52,'2011-08-03 15:24:44','2011-08-03 15:24:44'),(380,'科尔沁右翼中旗',52,'2011-08-03 15:24:44','2011-08-03 15:24:44'),(381,'扎赉特旗',52,'2011-08-03 15:24:44','2011-08-03 15:24:44'),(382,'和平',53,'2011-08-03 15:24:44','2011-08-03 15:24:44'),(383,'大东',53,'2011-08-03 15:24:44','2011-08-03 15:24:44'),(384,'皇姑',53,'2011-08-03 15:24:44','2011-08-03 15:24:44'),(385,'铁西',53,'2011-08-03 15:24:44','2011-08-03 15:24:44'),(386,'苏家屯',53,'2011-08-03 15:24:44','2011-08-03 15:24:44'),(387,'东陵',53,'2011-08-03 15:24:44','2011-08-03 15:24:44'),(388,'沈河',53,'2011-08-03 15:24:44','2011-08-03 15:24:44'),(389,'新城子',53,'2011-08-03 15:24:44','2011-08-03 15:24:44'),(390,'于洪',53,'2011-08-03 15:24:44','2011-08-03 15:24:44'),(391,'新民',53,'2011-08-03 15:24:44','2011-08-03 15:24:44'),(392,'辽中',53,'2011-08-03 15:24:44','2011-08-03 15:24:44'),(393,'康平',53,'2011-08-03 15:24:44','2011-08-03 15:24:44'),(394,'法库',53,'2011-08-03 15:24:44','2011-08-03 15:24:44'),(395,'西岗',54,'2011-08-03 15:24:44','2011-08-03 15:24:44'),(396,'中山',54,'2011-08-03 15:24:44','2011-08-03 15:24:44'),(397,'沙河口',54,'2011-08-03 15:24:44','2011-08-03 15:24:44'),(398,'甘井子',54,'2011-08-03 15:24:44','2011-08-03 15:24:44'),(399,'旅顺口',54,'2011-08-03 15:24:44','2011-08-03 15:24:44'),(400,'金州',54,'2011-08-03 15:24:44','2011-08-03 15:24:44'),(401,'瓦房店',54,'2011-08-03 15:24:44','2011-08-03 15:24:44'),(402,'普兰店',54,'2011-08-03 15:24:44','2011-08-03 15:24:44'),(403,'庄河',54,'2011-08-03 15:24:44','2011-08-03 15:24:44'),(404,'长海',54,'2011-08-03 15:24:44','2011-08-03 15:24:44'),(405,'海城',55,'2011-08-03 15:24:44','2011-08-03 15:24:44'),(406,'台安',55,'2011-08-03 15:24:44','2011-08-03 15:24:44'),(407,'岫岩',55,'2011-08-03 15:24:44','2011-08-03 15:24:44'),(408,'铁东',55,'2011-08-03 15:24:44','2011-08-03 15:24:44'),(409,'铁西',55,'2011-08-03 15:24:44','2011-08-03 15:24:44'),(410,'立山',55,'2011-08-03 15:24:44','2011-08-03 15:24:44'),(411,'千山',55,'2011-08-03 15:24:44','2011-08-03 15:24:44'),(412,'新抚',56,'2011-08-03 15:24:44','2011-08-03 15:24:44'),(413,'东洲',56,'2011-08-03 15:24:44','2011-08-03 15:24:44'),(414,'望花',56,'2011-08-03 15:24:44','2011-08-03 15:24:44'),(415,'顺城',56,'2011-08-03 15:24:44','2011-08-03 15:24:44'),(416,'抚顺',56,'2011-08-03 15:24:44','2011-08-03 15:24:44'),(417,'新宾',56,'2011-08-03 15:24:44','2011-08-03 15:24:44'),(418,'清原',56,'2011-08-03 15:24:44','2011-08-03 15:24:44'),(419,'平山',57,'2011-08-03 15:24:44','2011-08-03 15:24:44'),(420,'溪湖',57,'2011-08-03 15:24:44','2011-08-03 15:24:44'),(421,'明山',57,'2011-08-03 15:24:44','2011-08-03 15:24:44'),(422,'南芬',57,'2011-08-03 15:24:44','2011-08-03 15:24:44'),(423,'本溪',57,'2011-08-03 15:24:44','2011-08-03 15:24:44'),(424,'桓仁',57,'2011-08-03 15:24:44','2011-08-03 15:24:44'),(425,'振兴',58,'2011-08-03 15:24:44','2011-08-03 15:24:44'),(426,'元宝',58,'2011-08-03 15:24:44','2011-08-03 15:24:44'),(427,'振安',58,'2011-08-03 15:24:44','2011-08-03 15:24:44'),(428,'凤城',58,'2011-08-03 15:24:44','2011-08-03 15:24:44'),(429,'东港',58,'2011-08-03 15:24:44','2011-08-03 15:24:44'),(430,'宽甸',58,'2011-08-03 15:24:44','2011-08-03 15:24:44'),(431,'太和',59,'2011-08-03 15:24:44','2011-08-03 15:24:44'),(432,'古塔',59,'2011-08-03 15:24:44','2011-08-03 15:24:44'),(433,'凌河',59,'2011-08-03 15:24:44','2011-08-03 15:24:44'),(434,'凌海',59,'2011-08-03 15:24:44','2011-08-03 15:24:44'),(435,'北宁',59,'2011-08-03 15:24:44','2011-08-03 15:24:44'),(436,'黑山',59,'2011-08-03 15:24:44','2011-08-03 15:24:44'),(437,'义县',59,'2011-08-03 15:24:44','2011-08-03 15:24:44'),(438,'兴城',60,'2011-08-03 15:24:44','2011-08-03 15:24:44'),(439,'绥中',60,'2011-08-03 15:24:44','2011-08-03 15:24:44'),(440,'建昌',60,'2011-08-03 15:24:44','2011-08-03 15:24:44'),(441,'龙港',60,'2011-08-03 15:24:44','2011-08-03 15:24:44'),(442,'连山',60,'2011-08-03 15:24:44','2011-08-03 15:24:44'),(443,'南票',60,'2011-08-03 15:24:44','2011-08-03 15:24:44'),(444,'站前',61,'2011-08-03 15:24:44','2011-08-03 15:24:44'),(445,'西市',61,'2011-08-03 15:24:44','2011-08-03 15:24:44'),(446,'鲅鱼圈',61,'2011-08-03 15:24:44','2011-08-03 15:24:44'),(447,'老边',61,'2011-08-03 15:24:44','2011-08-03 15:24:44'),(448,'大石桥',61,'2011-08-03 15:24:44','2011-08-03 15:24:44'),(449,'盖州',61,'2011-08-03 15:24:44','2011-08-03 15:24:44'),(450,'双台子',62,'2011-08-03 15:24:44','2011-08-03 15:24:44'),(451,'兴隆台',62,'2011-08-03 15:24:44','2011-08-03 15:24:44'),(452,'大洼',62,'2011-08-03 15:24:44','2011-08-03 15:24:44'),(453,'盘山',62,'2011-08-03 15:24:44','2011-08-03 15:24:44'),(454,'海州',63,'2011-08-03 15:24:44','2011-08-03 15:24:44'),(455,'新邱',63,'2011-08-03 15:24:44','2011-08-03 15:24:44'),(456,'太平',63,'2011-08-03 15:24:44','2011-08-03 15:24:44'),(457,'清河门',63,'2011-08-03 15:24:44','2011-08-03 15:24:44'),(458,'细河',63,'2011-08-03 15:24:44','2011-08-03 15:24:44'),(459,'彰武',63,'2011-08-03 15:24:44','2011-08-03 15:24:44'),(460,'阜新',63,'2011-08-03 15:24:44','2011-08-03 15:24:44'),(461,'白塔',64,'2011-08-03 15:24:44','2011-08-03 15:24:44'),(462,'文圣',64,'2011-08-03 15:24:44','2011-08-03 15:24:44'),(463,'宏伟',64,'2011-08-03 15:24:44','2011-08-03 15:24:44'),(464,'弓长岭',64,'2011-08-03 15:24:44','2011-08-03 15:24:44'),(465,'太子河',64,'2011-08-03 15:24:44','2011-08-03 15:24:44'),(466,'灯塔',64,'2011-08-03 15:24:44','2011-08-03 15:24:44'),(467,'辽阳',64,'2011-08-03 15:24:44','2011-08-03 15:24:44'),(468,'西丰',65,'2011-08-03 15:24:44','2011-08-03 15:24:44'),(469,'昌图',65,'2011-08-03 15:24:44','2011-08-03 15:24:44'),(470,'银州',65,'2011-08-03 15:24:44','2011-08-03 15:24:44'),(471,'清河',65,'2011-08-03 15:24:44','2011-08-03 15:24:44'),(472,'调兵山',65,'2011-08-03 15:24:44','2011-08-03 15:24:44'),(473,'开原',65,'2011-08-03 15:24:44','2011-08-03 15:24:44'),(474,'铁岭',65,'2011-08-03 15:24:44','2011-08-03 15:24:44'),(475,'北票',66,'2011-08-03 15:24:44','2011-08-03 15:24:44'),(476,'凌源',66,'2011-08-03 15:24:44','2011-08-03 15:24:44'),(477,'双塔',66,'2011-08-03 15:24:44','2011-08-03 15:24:44'),(478,'朝阳',66,'2011-08-03 15:24:44','2011-08-03 15:24:44'),(479,'龙城',66,'2011-08-03 15:24:44','2011-08-03 15:24:44'),(480,'建平',66,'2011-08-03 15:24:44','2011-08-03 15:24:44'),(481,'喀喇沁左翼',66,'2011-08-03 15:24:44','2011-08-03 15:24:44'),(482,'朝阳',67,'2011-08-03 15:24:44','2011-08-03 15:24:44'),(483,'南关',67,'2011-08-03 15:24:44','2011-08-03 15:24:44'),(484,'宽城',67,'2011-08-03 15:24:44','2011-08-03 15:24:44'),(485,'二道',67,'2011-08-03 15:24:44','2011-08-03 15:24:44'),(486,'绿园',67,'2011-08-03 15:24:44','2011-08-03 15:24:44'),(487,'双阳',67,'2011-08-03 15:24:44','2011-08-03 15:24:44'),(488,'德惠',67,'2011-08-03 15:24:44','2011-08-03 15:24:44'),(489,'九台',67,'2011-08-03 15:24:44','2011-08-03 15:24:44'),(490,'榆树',67,'2011-08-03 15:24:44','2011-08-03 15:24:44'),(491,'农安',67,'2011-08-03 15:24:44','2011-08-03 15:24:44'),(492,'船营',68,'2011-08-03 15:24:44','2011-08-03 15:24:44'),(493,'龙潭',68,'2011-08-03 15:24:44','2011-08-03 15:24:44'),(494,'昌邑',68,'2011-08-03 15:24:44','2011-08-03 15:24:44'),(495,'丰满',68,'2011-08-03 15:24:44','2011-08-03 15:24:44'),(496,'磐石',68,'2011-08-03 15:24:44','2011-08-03 15:24:44'),(497,'蛟河',68,'2011-08-03 15:24:44','2011-08-03 15:24:44'),(498,'桦甸',68,'2011-08-03 15:24:44','2011-08-03 15:24:44'),(499,'舒兰',68,'2011-08-03 15:24:44','2011-08-03 15:24:44'),(500,'永吉',68,'2011-08-03 15:24:44','2011-08-03 15:24:44'),(501,'铁西',69,'2011-08-03 15:24:44','2011-08-03 15:24:44'),(502,'铁东',69,'2011-08-03 15:24:44','2011-08-03 15:24:44'),(503,'双辽',69,'2011-08-03 15:24:44','2011-08-03 15:24:44'),(504,'公主岭',69,'2011-08-03 15:24:44','2011-08-03 15:24:44'),(505,'梨树',69,'2011-08-03 15:24:44','2011-08-03 15:24:44'),(506,'伊通',69,'2011-08-03 15:24:44','2011-08-03 15:24:44'),(507,'东丰',70,'2011-08-03 15:24:44','2011-08-03 15:24:44'),(508,'东辽',70,'2011-08-03 15:24:44','2011-08-03 15:24:44'),(509,'龙山',70,'2011-08-03 15:24:44','2011-08-03 15:24:44'),(510,'西安',70,'2011-08-03 15:24:44','2011-08-03 15:24:44'),(511,'东昌',71,'2011-08-03 15:24:44','2011-08-03 15:24:44'),(512,'二道江',71,'2011-08-03 15:24:44','2011-08-03 15:24:44'),(513,'梅河口',71,'2011-08-03 15:24:44','2011-08-03 15:24:44'),(514,'集安',71,'2011-08-03 15:24:44','2011-08-03 15:24:44'),(515,'通化',71,'2011-08-03 15:24:44','2011-08-03 15:24:44'),(516,'辉南',71,'2011-08-03 15:24:44','2011-08-03 15:24:44'),(517,'柳河',71,'2011-08-03 15:24:44','2011-08-03 15:24:44'),(518,'八道江',72,'2011-08-03 15:24:44','2011-08-03 15:24:44'),(519,'临江',72,'2011-08-03 15:24:44','2011-08-03 15:24:44'),(520,'江源',72,'2011-08-03 15:24:44','2011-08-03 15:24:44'),(521,'抚松',72,'2011-08-03 15:24:44','2011-08-03 15:24:44'),(522,'靖宇',72,'2011-08-03 15:24:44','2011-08-03 15:24:44'),(523,'长白',72,'2011-08-03 15:24:44','2011-08-03 15:24:44'),(524,'宁江',73,'2011-08-03 15:24:44','2011-08-03 15:24:44'),(525,'扶余',73,'2011-08-03 15:24:44','2011-08-03 15:24:44'),(526,'长岭',73,'2011-08-03 15:24:44','2011-08-03 15:24:44'),(527,'乾安',73,'2011-08-03 15:24:44','2011-08-03 15:24:44'),(528,'前郭尔罗斯',73,'2011-08-03 15:24:44','2011-08-03 15:24:44'),(529,'洮北',74,'2011-08-03 15:24:44','2011-08-03 15:24:44'),(530,'大安',74,'2011-08-03 15:24:44','2011-08-03 15:24:44'),(531,'洮南',74,'2011-08-03 15:24:44','2011-08-03 15:24:44'),(532,'镇赉',74,'2011-08-03 15:24:44','2011-08-03 15:24:44'),(533,'通榆',74,'2011-08-03 15:24:44','2011-08-03 15:24:44'),(534,'安图',75,'2011-08-03 15:24:44','2011-08-03 15:24:44'),(535,'延吉',75,'2011-08-03 15:24:44','2011-08-03 15:24:44'),(536,'图们',75,'2011-08-03 15:24:44','2011-08-03 15:24:44'),(537,'敦化',75,'2011-08-03 15:24:44','2011-08-03 15:24:44'),(538,'珲春',75,'2011-08-03 15:24:44','2011-08-03 15:24:44'),(539,'龙井',75,'2011-08-03 15:24:44','2011-08-03 15:24:44'),(540,'和龙',75,'2011-08-03 15:24:44','2011-08-03 15:24:44'),(541,'汪清',75,'2011-08-03 15:24:44','2011-08-03 15:24:44'),(542,'南岗',76,'2011-08-03 15:24:44','2011-08-03 15:24:44'),(543,'道外',76,'2011-08-03 15:24:44','2011-08-03 15:24:44'),(544,'太平',76,'2011-08-03 15:24:44','2011-08-03 15:24:44'),(545,'香坊',76,'2011-08-03 15:24:44','2011-08-03 15:24:44'),(546,'动力',76,'2011-08-03 15:24:44','2011-08-03 15:24:44'),(547,'平房',76,'2011-08-03 15:24:44','2011-08-03 15:24:44'),(548,'双城',76,'2011-08-03 15:24:44','2011-08-03 15:24:44'),(549,'尚志',76,'2011-08-03 15:24:44','2011-08-03 15:24:44'),(550,'五常',76,'2011-08-03 15:24:44','2011-08-03 15:24:44'),(551,'阿城',76,'2011-08-03 15:24:44','2011-08-03 15:24:44'),(552,'呼兰',76,'2011-08-03 15:24:44','2011-08-03 15:24:44'),(553,'依兰',76,'2011-08-03 15:24:44','2011-08-03 15:24:44'),(554,'方正',76,'2011-08-03 15:24:44','2011-08-03 15:24:44'),(555,'宾县',76,'2011-08-03 15:24:44','2011-08-03 15:24:44'),(556,'巴彦',76,'2011-08-03 15:24:44','2011-08-03 15:24:44'),(557,'木兰',76,'2011-08-03 15:24:44','2011-08-03 15:24:44'),(558,'通河',76,'2011-08-03 15:24:44','2011-08-03 15:24:44'),(559,'延寿',76,'2011-08-03 15:24:44','2011-08-03 15:24:44'),(560,'克山',77,'2011-08-03 15:24:44','2011-08-03 15:24:44'),(561,'克东',77,'2011-08-03 15:24:44','2011-08-03 15:24:44'),(562,'拜泉',77,'2011-08-03 15:24:44','2011-08-03 15:24:44'),(563,'龙沙',77,'2011-08-03 15:24:44','2011-08-03 15:24:44'),(564,'建华',77,'2011-08-03 15:24:44','2011-08-03 15:24:44'),(565,'铁峰',77,'2011-08-03 15:24:44','2011-08-03 15:24:44'),(566,'昂昂溪',77,'2011-08-03 15:24:44','2011-08-03 15:24:44'),(567,'富拉尔基',77,'2011-08-03 15:24:44','2011-08-03 15:24:44'),(568,'碾子山',77,'2011-08-03 15:24:44','2011-08-03 15:24:44'),(569,'梅里斯达斡尔',77,'2011-08-03 15:24:44','2011-08-03 15:24:44'),(570,'讷河',77,'2011-08-03 15:24:44','2011-08-03 15:24:44'),(571,'龙江',77,'2011-08-03 15:24:44','2011-08-03 15:24:44'),(572,'依安',77,'2011-08-03 15:24:44','2011-08-03 15:24:44'),(573,'泰来',77,'2011-08-03 15:24:44','2011-08-03 15:24:44'),(574,'甘南',77,'2011-08-03 15:24:44','2011-08-03 15:24:44'),(575,'富裕',77,'2011-08-03 15:24:44','2011-08-03 15:24:44'),(576,'兴山',78,'2011-08-03 15:24:44','2011-08-03 15:24:44'),(577,'向阳',78,'2011-08-03 15:24:44','2011-08-03 15:24:44'),(578,'工农',78,'2011-08-03 15:24:44','2011-08-03 15:24:44'),(579,'南山',78,'2011-08-03 15:24:44','2011-08-03 15:24:44'),(580,'兴安',78,'2011-08-03 15:24:44','2011-08-03 15:24:44'),(581,'东山',78,'2011-08-03 15:24:44','2011-08-03 15:24:44'),(582,'萝北',78,'2011-08-03 15:24:44','2011-08-03 15:24:44'),(583,'绥滨',78,'2011-08-03 15:24:44','2011-08-03 15:24:44'),(584,'尖山',79,'2011-08-03 15:24:44','2011-08-03 15:24:44'),(585,'岭东',79,'2011-08-03 15:24:44','2011-08-03 15:24:44'),(586,'四方台',79,'2011-08-03 15:24:44','2011-08-03 15:24:44'),(587,'宝山',79,'2011-08-03 15:24:44','2011-08-03 15:24:44'),(588,'集贤',79,'2011-08-03 15:24:44','2011-08-03 15:24:44'),(589,'友谊',79,'2011-08-03 15:24:44','2011-08-03 15:24:44'),(590,'宝清',79,'2011-08-03 15:24:44','2011-08-03 15:24:44'),(591,'饶河',79,'2011-08-03 15:24:44','2011-08-03 15:24:44'),(592,'鸡冠',80,'2011-08-03 15:24:44','2011-08-03 15:24:44'),(593,'恒山',80,'2011-08-03 15:24:44','2011-08-03 15:24:44'),(594,'滴道',80,'2011-08-03 15:24:44','2011-08-03 15:24:44'),(595,'梨树',80,'2011-08-03 15:24:44','2011-08-03 15:24:44'),(596,'城子河',80,'2011-08-03 15:24:44','2011-08-03 15:24:44'),(597,'麻山',80,'2011-08-03 15:24:44','2011-08-03 15:24:44'),(598,'虎林',80,'2011-08-03 15:24:44','2011-08-03 15:24:44'),(599,'密山',80,'2011-08-03 15:24:44','2011-08-03 15:24:44'),(600,'鸡东',80,'2011-08-03 15:24:44','2011-08-03 15:24:44'),(601,'红岗',81,'2011-08-03 15:24:44','2011-08-03 15:24:44'),(602,'肇州',81,'2011-08-03 15:24:44','2011-08-03 15:24:44'),(603,'肇源',81,'2011-08-03 15:24:44','2011-08-03 15:24:44'),(604,'林甸',81,'2011-08-03 15:24:44','2011-08-03 15:24:44'),(605,'杜尔伯特',81,'2011-08-03 15:24:44','2011-08-03 15:24:44'),(606,'萨尔图',81,'2011-08-03 15:24:44','2011-08-03 15:24:44'),(607,'龙凤',81,'2011-08-03 15:24:44','2011-08-03 15:24:44'),(608,'让胡路',81,'2011-08-03 15:24:44','2011-08-03 15:24:44'),(609,'大同',81,'2011-08-03 15:24:44','2011-08-03 15:24:44'),(610,'伊春',82,'2011-08-03 15:24:44','2011-08-03 15:24:44'),(611,'南岔',82,'2011-08-03 15:24:44','2011-08-03 15:24:44'),(612,'友好',82,'2011-08-03 15:24:44','2011-08-03 15:24:44'),(613,'西林',82,'2011-08-03 15:24:44','2011-08-03 15:24:44'),(614,'翠峦',82,'2011-08-03 15:24:44','2011-08-03 15:24:44'),(615,'新青',82,'2011-08-03 15:24:44','2011-08-03 15:24:44'),(616,'美溪',82,'2011-08-03 15:24:44','2011-08-03 15:24:44'),(617,'金山屯',82,'2011-08-03 15:24:44','2011-08-03 15:24:44'),(618,'五营',82,'2011-08-03 15:24:44','2011-08-03 15:24:44'),(619,'乌马河',82,'2011-08-03 15:24:44','2011-08-03 15:24:44'),(620,'汤旺河',82,'2011-08-03 15:24:44','2011-08-03 15:24:44'),(621,'带岭',82,'2011-08-03 15:24:44','2011-08-03 15:24:44'),(622,'乌伊岭',82,'2011-08-03 15:24:44','2011-08-03 15:24:44'),(623,'红星',82,'2011-08-03 15:24:44','2011-08-03 15:24:44'),(624,'上甘岭',82,'2011-08-03 15:24:44','2011-08-03 15:24:44'),(625,'铁力',82,'2011-08-03 15:24:44','2011-08-03 15:24:44'),(626,'嘉荫',82,'2011-08-03 15:24:44','2011-08-03 15:24:44'),(627,'爱民',83,'2011-08-03 15:24:44','2011-08-03 15:24:44'),(628,'东安',83,'2011-08-03 15:24:44','2011-08-03 15:24:44'),(629,'阳明',83,'2011-08-03 15:24:44','2011-08-03 15:24:44'),(630,'西安',83,'2011-08-03 15:24:44','2011-08-03 15:24:44'),(631,'穆棱',83,'2011-08-03 15:24:44','2011-08-03 15:24:44'),(632,'绥芬河',83,'2011-08-03 15:24:44','2011-08-03 15:24:44'),(633,'海林',83,'2011-08-03 15:24:44','2011-08-03 15:24:44'),(634,'宁安',83,'2011-08-03 15:24:44','2011-08-03 15:24:44'),(635,'东宁',83,'2011-08-03 15:24:44','2011-08-03 15:24:44'),(636,'林口',83,'2011-08-03 15:24:44','2011-08-03 15:24:44'),(637,'前进',84,'2011-08-03 15:24:44','2011-08-03 15:24:44'),(638,'郊区',84,'2011-08-03 15:24:44','2011-08-03 15:24:44'),(639,'永红',84,'2011-08-03 15:24:44','2011-08-03 15:24:44'),(640,'同江',84,'2011-08-03 15:24:44','2011-08-03 15:24:44'),(641,'向阳',84,'2011-08-03 15:24:44','2011-08-03 15:24:44'),(642,'富锦',84,'2011-08-03 15:24:44','2011-08-03 15:24:44'),(643,'东风',84,'2011-08-03 15:24:44','2011-08-03 15:24:44'),(644,'桦南',84,'2011-08-03 15:24:44','2011-08-03 15:24:44'),(645,'桦川',84,'2011-08-03 15:24:44','2011-08-03 15:24:44'),(646,'汤原',84,'2011-08-03 15:24:44','2011-08-03 15:24:44'),(647,'抚远',84,'2011-08-03 15:24:44','2011-08-03 15:24:44'),(648,'桃山',85,'2011-08-03 15:24:44','2011-08-03 15:24:44'),(649,'新兴',85,'2011-08-03 15:24:44','2011-08-03 15:24:44'),(650,'茄子河',85,'2011-08-03 15:24:44','2011-08-03 15:24:44'),(651,'勃利',85,'2011-08-03 15:24:44','2011-08-03 15:24:44'),(652,'爱辉',86,'2011-08-03 15:24:44','2011-08-03 15:24:44'),(653,'北安',86,'2011-08-03 15:24:44','2011-08-03 15:24:44'),(654,'五大连池',86,'2011-08-03 15:24:44','2011-08-03 15:24:44'),(655,'嫩江',86,'2011-08-03 15:24:44','2011-08-03 15:24:44'),(656,'逊克',86,'2011-08-03 15:24:44','2011-08-03 15:24:44'),(657,'孙吴',86,'2011-08-03 15:24:44','2011-08-03 15:24:44'),(658,'北林',87,'2011-08-03 15:24:44','2011-08-03 15:24:44'),(659,'安达',87,'2011-08-03 15:24:44','2011-08-03 15:24:44'),(660,'肇东',87,'2011-08-03 15:24:44','2011-08-03 15:24:44'),(661,'海伦',87,'2011-08-03 15:24:44','2011-08-03 15:24:44'),(662,'望奎',87,'2011-08-03 15:24:44','2011-08-03 15:24:44'),(663,'兰西',87,'2011-08-03 15:24:44','2011-08-03 15:24:44'),(664,'青冈',87,'2011-08-03 15:24:44','2011-08-03 15:24:44'),(665,'庆安',87,'2011-08-03 15:24:44','2011-08-03 15:24:44'),(666,'明水',87,'2011-08-03 15:24:44','2011-08-03 15:24:44'),(667,'绥棱',87,'2011-08-03 15:24:44','2011-08-03 15:24:44'),(668,'呼玛',88,'2011-08-03 15:24:44','2011-08-03 15:24:44'),(669,'塔河',88,'2011-08-03 15:24:44','2011-08-03 15:24:44'),(670,'漠河',88,'2011-08-03 15:24:44','2011-08-03 15:24:44'),(671,'秦淮',89,'2011-08-03 15:24:44','2011-08-03 15:24:44'),(672,'建邺',89,'2011-08-03 15:24:44','2011-08-03 15:24:44'),(673,'鼓楼',89,'2011-08-03 15:24:44','2011-08-03 15:24:44'),(674,'下关',89,'2011-08-03 15:24:44','2011-08-03 15:24:44'),(675,'浦口',89,'2011-08-03 15:24:44','2011-08-03 15:24:44'),(676,'六合',89,'2011-08-03 15:24:44','2011-08-03 15:24:44'),(677,'栖霞',89,'2011-08-03 15:24:44','2011-08-03 15:24:44'),(678,'雨花台',89,'2011-08-03 15:24:44','2011-08-03 15:24:44'),(679,'江宁',89,'2011-08-03 15:24:44','2011-08-03 15:24:44'),(680,'溧水',89,'2011-08-03 15:24:44','2011-08-03 15:24:44'),(681,'高淳',89,'2011-08-03 15:24:44','2011-08-03 15:24:44'),(682,'玄武',89,'2011-08-03 15:24:44','2011-08-03 15:24:44'),(683,'白下',89,'2011-08-03 15:24:44','2011-08-03 15:24:44'),(684,'云龙',90,'2011-08-03 15:24:44','2011-08-03 15:24:44'),(685,'鼓楼',90,'2011-08-03 15:24:44','2011-08-03 15:24:44'),(686,'九里',90,'2011-08-03 15:24:44','2011-08-03 15:24:44'),(687,'贾汪',90,'2011-08-03 15:24:44','2011-08-03 15:24:44'),(688,'泉山',90,'2011-08-03 15:24:44','2011-08-03 15:24:44'),(689,'邳州',90,'2011-08-03 15:24:44','2011-08-03 15:24:44'),(690,'新沂',90,'2011-08-03 15:24:44','2011-08-03 15:24:44'),(691,'铜山',90,'2011-08-03 15:24:44','2011-08-03 15:24:44'),(692,'睢宁',90,'2011-08-03 15:24:44','2011-08-03 15:24:44'),(693,'沛县',90,'2011-08-03 15:24:44','2011-08-03 15:24:44'),(694,'丰县',90,'2011-08-03 15:24:44','2011-08-03 15:24:44'),(695,'新浦',91,'2011-08-03 15:24:44','2011-08-03 15:24:44'),(696,'连云',91,'2011-08-03 15:24:44','2011-08-03 15:24:44'),(697,'海州',91,'2011-08-03 15:24:44','2011-08-03 15:24:44'),(698,'赣榆',91,'2011-08-03 15:24:44','2011-08-03 15:24:44'),(699,'灌云',91,'2011-08-03 15:24:44','2011-08-03 15:24:44'),(700,'东海',91,'2011-08-03 15:24:44','2011-08-03 15:24:44'),(701,'灌南',91,'2011-08-03 15:24:44','2011-08-03 15:24:44'),(702,'淮阴',92,'2011-08-03 15:24:44','2011-08-03 15:24:44'),(703,'金湖',92,'2011-08-03 15:24:44','2011-08-03 15:24:44'),(704,'盱眙',92,'2011-08-03 15:24:44','2011-08-03 15:24:44'),(705,'洪泽',92,'2011-08-03 15:24:44','2011-08-03 15:24:44'),(706,'涟水',92,'2011-08-03 15:24:44','2011-08-03 15:24:44'),(707,'清河',92,'2011-08-03 15:24:44','2011-08-03 15:24:44'),(708,'清浦',92,'2011-08-03 15:24:44','2011-08-03 15:24:44'),(709,'楚州',92,'2011-08-03 15:24:44','2011-08-03 15:24:44'),(710,'宿城',93,'2011-08-03 15:24:44','2011-08-03 15:24:44'),(711,'宿豫',93,'2011-08-03 15:24:44','2011-08-03 15:24:44'),(712,'沭阳',93,'2011-08-03 15:24:44','2011-08-03 15:24:44'),(713,'泗阳',93,'2011-08-03 15:24:44','2011-08-03 15:24:44'),(714,'泗洪',93,'2011-08-03 15:24:44','2011-08-03 15:24:44'),(715,'城区',94,'2011-08-03 15:24:44','2011-08-03 15:24:44'),(716,'东台',94,'2011-08-03 15:24:44','2011-08-03 15:24:44'),(717,'大丰',94,'2011-08-03 15:24:44','2011-08-03 15:24:44'),(718,'盐都',94,'2011-08-03 15:24:44','2011-08-03 15:24:44'),(719,'射阳',94,'2011-08-03 15:24:44','2011-08-03 15:24:44'),(720,'阜宁',94,'2011-08-03 15:24:44','2011-08-03 15:24:44'),(721,'滨海',94,'2011-08-03 15:24:44','2011-08-03 15:24:44'),(722,'响水',94,'2011-08-03 15:24:44','2011-08-03 15:24:44'),(723,'建湖',94,'2011-08-03 15:24:44','2011-08-03 15:24:44'),(724,'广陵',95,'2011-08-03 15:24:44','2011-08-03 15:24:44'),(725,'维扬',95,'2011-08-03 15:24:44','2011-08-03 15:24:44'),(726,'邗江',95,'2011-08-03 15:24:44','2011-08-03 15:24:44'),(727,'仪征',95,'2011-08-03 15:24:44','2011-08-03 15:24:44'),(728,'江都',95,'2011-08-03 15:24:44','2011-08-03 15:24:44'),(729,'高邮',95,'2011-08-03 15:24:44','2011-08-03 15:24:44'),(730,'宝应',95,'2011-08-03 15:24:44','2011-08-03 15:24:44'),(731,'海陵',96,'2011-08-03 15:24:44','2011-08-03 15:24:44'),(732,'高港',96,'2011-08-03 15:24:44','2011-08-03 15:24:44'),(733,'靖江',96,'2011-08-03 15:24:44','2011-08-03 15:24:44'),(734,'泰兴',96,'2011-08-03 15:24:44','2011-08-03 15:24:44'),(735,'姜堰',96,'2011-08-03 15:24:44','2011-08-03 15:24:44'),(736,'兴化',96,'2011-08-03 15:24:44','2011-08-03 15:24:44'),(737,'崇川',97,'2011-08-03 15:24:44','2011-08-03 15:24:44'),(738,'港闸',97,'2011-08-03 15:24:44','2011-08-03 15:24:44'),(739,'海门',97,'2011-08-03 15:24:44','2011-08-03 15:24:44'),(740,'启东',97,'2011-08-03 15:24:44','2011-08-03 15:24:44'),(741,'通州',97,'2011-08-03 15:24:44','2011-08-03 15:24:44'),(742,'如皋',97,'2011-08-03 15:24:44','2011-08-03 15:24:44'),(743,'如东',97,'2011-08-03 15:24:44','2011-08-03 15:24:44'),(744,'海安',97,'2011-08-03 15:24:44','2011-08-03 15:24:44'),(745,'京口',98,'2011-08-03 15:24:44','2011-08-03 15:24:44'),(746,'润州',98,'2011-08-03 15:24:44','2011-08-03 15:24:44'),(747,'丹徒',98,'2011-08-03 15:24:44','2011-08-03 15:24:44'),(748,'扬中',98,'2011-08-03 15:24:44','2011-08-03 15:24:44'),(749,'丹阳',98,'2011-08-03 15:24:44','2011-08-03 15:24:44'),(750,'句容',98,'2011-08-03 15:24:44','2011-08-03 15:24:44'),(751,'钟楼',99,'2011-08-03 15:24:44','2011-08-03 15:24:44'),(752,'天宁',99,'2011-08-03 15:24:44','2011-08-03 15:24:44'),(753,'戚墅堰',99,'2011-08-03 15:24:44','2011-08-03 15:24:44'),(754,'新北',99,'2011-08-03 15:24:44','2011-08-03 15:24:44'),(755,'金坛',99,'2011-08-03 15:24:44','2011-08-03 15:24:44'),(756,'溧阳',99,'2011-08-03 15:24:44','2011-08-03 15:24:44'),(757,'崇安',100,'2011-08-03 15:24:44','2011-08-03 15:24:44'),(758,'南长',100,'2011-08-03 15:24:44','2011-08-03 15:24:44'),(759,'北塘',100,'2011-08-03 15:24:44','2011-08-03 15:24:44'),(760,'滨湖',100,'2011-08-03 15:24:44','2011-08-03 15:24:44'),(761,'惠山',100,'2011-08-03 15:24:44','2011-08-03 15:24:44'),(762,'锡山',100,'2011-08-03 15:24:44','2011-08-03 15:24:44'),(763,'江阴',100,'2011-08-03 15:24:44','2011-08-03 15:24:44'),(764,'宜兴',100,'2011-08-03 15:24:44','2011-08-03 15:24:44'),(765,'相城',101,'2011-08-03 15:24:44','2011-08-03 15:24:44'),(766,'吴江',101,'2011-08-03 15:24:44','2011-08-03 15:24:44'),(767,'昆山',101,'2011-08-03 15:24:44','2011-08-03 15:24:44'),(768,'太仓',101,'2011-08-03 15:24:44','2011-08-03 15:24:44'),(769,'常熟',101,'2011-08-03 15:24:44','2011-08-03 15:24:44'),(770,'张家港',101,'2011-08-03 15:24:44','2011-08-03 15:24:44'),(771,'金阊',101,'2011-08-03 15:24:44','2011-08-03 15:24:44'),(772,'沧浪',101,'2011-08-03 15:24:44','2011-08-03 15:24:44'),(773,'平江',101,'2011-08-03 15:24:44','2011-08-03 15:24:44'),(774,'虎丘',101,'2011-08-03 15:24:44','2011-08-03 15:24:44'),(775,'吴中',101,'2011-08-03 15:24:44','2011-08-03 15:24:44'),(776,'拱墅',102,'2011-08-03 15:24:44','2011-08-03 15:24:44'),(777,'上城',102,'2011-08-03 15:24:44','2011-08-03 15:24:44'),(778,'下城',102,'2011-08-03 15:24:44','2011-08-03 15:24:44'),(779,'江干',102,'2011-08-03 15:24:44','2011-08-03 15:24:44'),(780,'西湖',102,'2011-08-03 15:24:44','2011-08-03 15:24:44'),(781,'滨江',102,'2011-08-03 15:24:44','2011-08-03 15:24:44'),(782,'余杭',102,'2011-08-03 15:24:44','2011-08-03 15:24:44'),(783,'萧山',102,'2011-08-03 15:24:44','2011-08-03 15:24:44'),(784,'临安',102,'2011-08-03 15:24:44','2011-08-03 15:24:44'),(785,'富阳',102,'2011-08-03 15:24:44','2011-08-03 15:24:44'),(786,'建德',102,'2011-08-03 15:24:44','2011-08-03 15:24:44'),(787,'桐庐',102,'2011-08-03 15:24:44','2011-08-03 15:24:44'),(788,'淳安',102,'2011-08-03 15:24:44','2011-08-03 15:24:44'),(789,'海曙',103,'2011-08-03 15:24:44','2011-08-03 15:24:44'),(790,'江东',103,'2011-08-03 15:24:44','2011-08-03 15:24:44'),(791,'江北',103,'2011-08-03 15:24:44','2011-08-03 15:24:44'),(792,'镇海',103,'2011-08-03 15:24:44','2011-08-03 15:24:44'),(793,'北仑',103,'2011-08-03 15:24:44','2011-08-03 15:24:44'),(794,'鄞州',103,'2011-08-03 15:24:44','2011-08-03 15:24:44'),(795,'余姚',103,'2011-08-03 15:24:44','2011-08-03 15:24:44'),(796,'慈溪',103,'2011-08-03 15:24:44','2011-08-03 15:24:44'),(797,'奉化',103,'2011-08-03 15:24:44','2011-08-03 15:24:44'),(798,'宁海',103,'2011-08-03 15:24:44','2011-08-03 15:24:44'),(799,'象山',103,'2011-08-03 15:24:44','2011-08-03 15:24:44'),(800,'瓯海',104,'2011-08-03 15:24:44','2011-08-03 15:24:44'),(801,'文成',104,'2011-08-03 15:24:44','2011-08-03 15:24:44'),(802,'瑞安',104,'2011-08-03 15:24:44','2011-08-03 15:24:44'),(803,'平阳',104,'2011-08-03 15:24:44','2011-08-03 15:24:44'),(804,'乐清',104,'2011-08-03 15:24:44','2011-08-03 15:24:44'),(805,'泰顺',104,'2011-08-03 15:24:44','2011-08-03 15:24:44'),(806,'永嘉',104,'2011-08-03 15:24:44','2011-08-03 15:24:44'),(807,'洞头',104,'2011-08-03 15:24:44','2011-08-03 15:24:44'),(808,'苍南',104,'2011-08-03 15:24:44','2011-08-03 15:24:44'),(809,'鹿城',104,'2011-08-03 15:24:44','2011-08-03 15:24:44'),(810,'龙湾',104,'2011-08-03 15:24:44','2011-08-03 15:24:44'),(811,'秀城',105,'2011-08-03 15:24:44','2011-08-03 15:24:44'),(812,'秀洲',105,'2011-08-03 15:24:44','2011-08-03 15:24:44'),(813,'海宁',105,'2011-08-03 15:24:44','2011-08-03 15:24:44'),(814,'平湖',105,'2011-08-03 15:24:44','2011-08-03 15:24:44'),(815,'桐乡',105,'2011-08-03 15:24:44','2011-08-03 15:24:44'),(816,'嘉善',105,'2011-08-03 15:24:44','2011-08-03 15:24:44'),(817,'海盐',105,'2011-08-03 15:24:44','2011-08-03 15:24:44'),(818,'长兴',106,'2011-08-03 15:24:44','2011-08-03 15:24:44'),(819,'德清',106,'2011-08-03 15:24:44','2011-08-03 15:24:44'),(820,'安吉',106,'2011-08-03 15:24:44','2011-08-03 15:24:44'),(821,'越城',107,'2011-08-03 15:24:44','2011-08-03 15:24:44'),(822,'诸暨',107,'2011-08-03 15:24:44','2011-08-03 15:24:44'),(823,'上虞',107,'2011-08-03 15:24:44','2011-08-03 15:24:44'),(824,'嵊州',107,'2011-08-03 15:24:44','2011-08-03 15:24:44'),(825,'绍兴',107,'2011-08-03 15:24:44','2011-08-03 15:24:44'),(826,'新昌',107,'2011-08-03 15:24:44','2011-08-03 15:24:44'),(827,'婺城',108,'2011-08-03 15:24:44','2011-08-03 15:24:44'),(828,'金东',108,'2011-08-03 15:24:44','2011-08-03 15:24:44'),(829,'兰溪',108,'2011-08-03 15:24:44','2011-08-03 15:24:44'),(830,'永康',108,'2011-08-03 15:24:44','2011-08-03 15:24:44'),(831,'义乌',108,'2011-08-03 15:24:44','2011-08-03 15:24:44'),(832,'东阳',108,'2011-08-03 15:24:44','2011-08-03 15:24:44'),(833,'武义',108,'2011-08-03 15:24:44','2011-08-03 15:24:44'),(834,'浦江',108,'2011-08-03 15:24:44','2011-08-03 15:24:44'),(835,'磐安',108,'2011-08-03 15:24:44','2011-08-03 15:24:44'),(836,'江山',109,'2011-08-03 15:24:44','2011-08-03 15:24:44'),(837,'常山',109,'2011-08-03 15:24:44','2011-08-03 15:24:44'),(838,'开化',109,'2011-08-03 15:24:44','2011-08-03 15:24:44'),(839,'龙游',109,'2011-08-03 15:24:44','2011-08-03 15:24:44'),(840,'柯城',109,'2011-08-03 15:24:44','2011-08-03 15:24:44'),(841,'衢江',109,'2011-08-03 15:24:44','2011-08-03 15:24:44'),(842,'定海',110,'2011-08-03 15:24:44','2011-08-03 15:24:44'),(843,'普陀',110,'2011-08-03 15:24:44','2011-08-03 15:24:44'),(844,'岱山',110,'2011-08-03 15:24:44','2011-08-03 15:24:44'),(845,'嵊泗',110,'2011-08-03 15:24:44','2011-08-03 15:24:44'),(846,'椒江',111,'2011-08-03 15:24:44','2011-08-03 15:24:44'),(847,'黄岩',111,'2011-08-03 15:24:44','2011-08-03 15:24:44'),(848,'路桥',111,'2011-08-03 15:24:44','2011-08-03 15:24:44'),(849,'临海',111,'2011-08-03 15:24:44','2011-08-03 15:24:44'),(850,'温岭',111,'2011-08-03 15:24:44','2011-08-03 15:24:44'),(851,'三门',111,'2011-08-03 15:24:44','2011-08-03 15:24:44'),(852,'天台',111,'2011-08-03 15:24:44','2011-08-03 15:24:44'),(853,'仙居',111,'2011-08-03 15:24:44','2011-08-03 15:24:44'),(854,'玉环',111,'2011-08-03 15:24:44','2011-08-03 15:24:44'),(855,'莲都',112,'2011-08-03 15:24:44','2011-08-03 15:24:44'),(856,'龙泉',112,'2011-08-03 15:24:44','2011-08-03 15:24:44'),(857,'缙云',112,'2011-08-03 15:24:44','2011-08-03 15:24:44'),(858,'青田',112,'2011-08-03 15:24:44','2011-08-03 15:24:44'),(859,'云和',112,'2011-08-03 15:24:44','2011-08-03 15:24:44'),(860,'遂昌',112,'2011-08-03 15:24:44','2011-08-03 15:24:44'),(861,'松阳',112,'2011-08-03 15:24:44','2011-08-03 15:24:44'),(862,'庆元',112,'2011-08-03 15:24:44','2011-08-03 15:24:44'),(863,'景宁',112,'2011-08-03 15:24:44','2011-08-03 15:24:44'),(864,'肥西',113,'2011-08-03 15:24:44','2011-08-03 15:24:44'),(865,'瑶海',113,'2011-08-03 15:24:44','2011-08-03 15:24:44'),(866,'庐阳',113,'2011-08-03 15:24:44','2011-08-03 15:24:44'),(867,'蜀山',113,'2011-08-03 15:24:44','2011-08-03 15:24:44'),(868,'包河',113,'2011-08-03 15:24:44','2011-08-03 15:24:44'),(869,'长丰',113,'2011-08-03 15:24:44','2011-08-03 15:24:44'),(870,'肥东',113,'2011-08-03 15:24:44','2011-08-03 15:24:44'),(871,'镜湖',114,'2011-08-03 15:24:44','2011-08-03 15:24:44'),(872,'马塘',114,'2011-08-03 15:24:44','2011-08-03 15:24:44'),(873,'新芜',114,'2011-08-03 15:24:44','2011-08-03 15:24:44'),(874,'鸠江',114,'2011-08-03 15:24:44','2011-08-03 15:24:44'),(875,'芜湖',114,'2011-08-03 15:24:44','2011-08-03 15:24:44'),(876,'繁昌',114,'2011-08-03 15:24:44','2011-08-03 15:24:44'),(877,'南陵',114,'2011-08-03 15:24:44','2011-08-03 15:24:44'),(878,'中市',115,'2011-08-03 15:24:44','2011-08-03 15:24:44'),(879,'东市',115,'2011-08-03 15:24:44','2011-08-03 15:24:44'),(880,'西市',115,'2011-08-03 15:24:44','2011-08-03 15:24:44'),(881,'郊区',115,'2011-08-03 15:24:44','2011-08-03 15:24:44'),(882,'怀远',115,'2011-08-03 15:24:44','2011-08-03 15:24:44'),(883,'五河',115,'2011-08-03 15:24:44','2011-08-03 15:24:44'),(884,'固镇',115,'2011-08-03 15:24:44','2011-08-03 15:24:44'),(885,'田家庵',116,'2011-08-03 15:24:44','2011-08-03 15:24:44'),(886,'大通',116,'2011-08-03 15:24:44','2011-08-03 15:24:44'),(887,'谢家集',116,'2011-08-03 15:24:44','2011-08-03 15:24:44'),(888,'八公山',116,'2011-08-03 15:24:44','2011-08-03 15:24:44'),(889,'潘集',116,'2011-08-03 15:24:44','2011-08-03 15:24:44'),(890,'凤台',116,'2011-08-03 15:24:44','2011-08-03 15:24:44'),(891,'雨山',117,'2011-08-03 15:24:44','2011-08-03 15:24:44'),(892,'花山',117,'2011-08-03 15:24:44','2011-08-03 15:24:44'),(893,'金家庄',117,'2011-08-03 15:24:44','2011-08-03 15:24:44'),(894,'当涂',117,'2011-08-03 15:24:44','2011-08-03 15:24:44'),(895,'相山',118,'2011-08-03 15:24:44','2011-08-03 15:24:44'),(896,'杜集',118,'2011-08-03 15:24:44','2011-08-03 15:24:44'),(897,'烈山',118,'2011-08-03 15:24:44','2011-08-03 15:24:44'),(898,'濉溪',118,'2011-08-03 15:24:44','2011-08-03 15:24:44'),(899,'铜陵',119,'2011-08-03 15:24:44','2011-08-03 15:24:44'),(900,'铜官山',119,'2011-08-03 15:24:44','2011-08-03 15:24:44'),(901,'狮子山',119,'2011-08-03 15:24:44','2011-08-03 15:24:44'),(902,'郊区',119,'2011-08-03 15:24:44','2011-08-03 15:24:44'),(903,'迎江',120,'2011-08-03 15:24:44','2011-08-03 15:24:44'),(904,'大观',120,'2011-08-03 15:24:44','2011-08-03 15:24:44'),(905,'郊区',120,'2011-08-03 15:24:44','2011-08-03 15:24:44'),(906,'桐城',120,'2011-08-03 15:24:44','2011-08-03 15:24:44'),(907,'怀宁',120,'2011-08-03 15:24:44','2011-08-03 15:24:44'),(908,'枞阳',120,'2011-08-03 15:24:44','2011-08-03 15:24:44'),(909,'潜山',120,'2011-08-03 15:24:44','2011-08-03 15:24:44'),(910,'太湖',120,'2011-08-03 15:24:44','2011-08-03 15:24:44'),(911,'宿松',120,'2011-08-03 15:24:44','2011-08-03 15:24:44'),(912,'望江',120,'2011-08-03 15:24:44','2011-08-03 15:24:44'),(913,'岳西',120,'2011-08-03 15:24:44','2011-08-03 15:24:44'),(914,'屯溪',121,'2011-08-03 15:24:44','2011-08-03 15:24:44'),(915,'黄山',121,'2011-08-03 15:24:44','2011-08-03 15:24:44'),(916,'徽州',121,'2011-08-03 15:24:44','2011-08-03 15:24:44'),(917,'歙县',121,'2011-08-03 15:24:44','2011-08-03 15:24:44'),(918,'休宁',121,'2011-08-03 15:24:44','2011-08-03 15:24:44'),(919,'黟县',121,'2011-08-03 15:24:44','2011-08-03 15:24:44'),(920,'祁门',121,'2011-08-03 15:24:44','2011-08-03 15:24:44'),(921,'琅琊',122,'2011-08-03 15:24:44','2011-08-03 15:24:44'),(922,'南谯',122,'2011-08-03 15:24:44','2011-08-03 15:24:44'),(923,'明光',122,'2011-08-03 15:24:44','2011-08-03 15:24:44'),(924,'天长',122,'2011-08-03 15:24:44','2011-08-03 15:24:44'),(925,'来安',122,'2011-08-03 15:24:44','2011-08-03 15:24:44'),(926,'全椒',122,'2011-08-03 15:24:44','2011-08-03 15:24:44'),(927,'定远',122,'2011-08-03 15:24:44','2011-08-03 15:24:44'),(928,'凤阳',122,'2011-08-03 15:24:44','2011-08-03 15:24:44'),(929,'太和',123,'2011-08-03 15:24:44','2011-08-03 15:24:44'),(930,'阜南',123,'2011-08-03 15:24:44','2011-08-03 15:24:44'),(931,'颖上',123,'2011-08-03 15:24:44','2011-08-03 15:24:44'),(932,'颖州',123,'2011-08-03 15:24:44','2011-08-03 15:24:44'),(933,'颖东',123,'2011-08-03 15:24:44','2011-08-03 15:24:44'),(934,'颖泉',123,'2011-08-03 15:24:44','2011-08-03 15:24:44'),(935,'界首',123,'2011-08-03 15:24:44','2011-08-03 15:24:44'),(936,'临泉',123,'2011-08-03 15:24:44','2011-08-03 15:24:44'),(937,'埇桥',124,'2011-08-03 15:24:44','2011-08-03 15:24:44'),(938,'砀山',124,'2011-08-03 15:24:44','2011-08-03 15:24:44'),(939,'萧县',124,'2011-08-03 15:24:44','2011-08-03 15:24:44'),(940,'灵璧',124,'2011-08-03 15:24:44','2011-08-03 15:24:44'),(941,'泗县',124,'2011-08-03 15:24:44','2011-08-03 15:24:44'),(942,'居巢',125,'2011-08-03 15:24:44','2011-08-03 15:24:44'),(943,'庐江',125,'2011-08-03 15:24:44','2011-08-03 15:24:44'),(944,'无为',125,'2011-08-03 15:24:44','2011-08-03 15:24:44'),(945,'含山',125,'2011-08-03 15:24:44','2011-08-03 15:24:44'),(946,'和县',125,'2011-08-03 15:24:44','2011-08-03 15:24:44'),(947,'金安',126,'2011-08-03 15:24:44','2011-08-03 15:24:44'),(948,'裕安',126,'2011-08-03 15:24:44','2011-08-03 15:24:44'),(949,'寿县',126,'2011-08-03 15:24:44','2011-08-03 15:24:44'),(950,'霍邱',126,'2011-08-03 15:24:44','2011-08-03 15:24:44'),(951,'舒城',126,'2011-08-03 15:24:44','2011-08-03 15:24:44'),(952,'金寨',126,'2011-08-03 15:24:44','2011-08-03 15:24:44'),(953,'霍山',126,'2011-08-03 15:24:44','2011-08-03 15:24:44'),(954,'谯城',127,'2011-08-03 15:24:44','2011-08-03 15:24:44'),(955,'涡阳',127,'2011-08-03 15:24:44','2011-08-03 15:24:44'),(956,'蒙城',127,'2011-08-03 15:24:44','2011-08-03 15:24:44'),(957,'利辛',127,'2011-08-03 15:24:44','2011-08-03 15:24:44'),(958,'贵池',128,'2011-08-03 15:24:44','2011-08-03 15:24:44'),(959,'东至',128,'2011-08-03 15:24:44','2011-08-03 15:24:44'),(960,'石台',128,'2011-08-03 15:24:44','2011-08-03 15:24:44'),(961,'青阳',128,'2011-08-03 15:24:44','2011-08-03 15:24:44'),(962,'泾县',129,'2011-08-03 15:24:44','2011-08-03 15:24:44'),(963,'旌德',129,'2011-08-03 15:24:44','2011-08-03 15:24:44'),(964,'绩溪',129,'2011-08-03 15:24:44','2011-08-03 15:24:44'),(965,'宣州',129,'2011-08-03 15:24:44','2011-08-03 15:24:44'),(966,'宁国',129,'2011-08-03 15:24:44','2011-08-03 15:24:44'),(967,'郎溪',129,'2011-08-03 15:24:44','2011-08-03 15:24:44'),(968,'广德',129,'2011-08-03 15:24:44','2011-08-03 15:24:44'),(969,'仓山',130,'2011-08-03 15:24:44','2011-08-03 15:24:44'),(970,'马尾',130,'2011-08-03 15:24:44','2011-08-03 15:24:44'),(971,'晋安',130,'2011-08-03 15:24:44','2011-08-03 15:24:44'),(972,'台江',130,'2011-08-03 15:24:44','2011-08-03 15:24:44'),(973,'福清',130,'2011-08-03 15:24:44','2011-08-03 15:24:44'),(974,'长乐',130,'2011-08-03 15:24:44','2011-08-03 15:24:44'),(975,'闽侯',130,'2011-08-03 15:24:44','2011-08-03 15:24:44'),(976,'连江',130,'2011-08-03 15:24:44','2011-08-03 15:24:44'),(977,'罗源',130,'2011-08-03 15:24:44','2011-08-03 15:24:44'),(978,'闽清',130,'2011-08-03 15:24:44','2011-08-03 15:24:44'),(979,'永泰',130,'2011-08-03 15:24:44','2011-08-03 15:24:44'),(980,'平潭',130,'2011-08-03 15:24:44','2011-08-03 15:24:44'),(981,'鼓楼',130,'2011-08-03 15:24:44','2011-08-03 15:24:44'),(982,'鼓浪屿',131,'2011-08-03 15:24:44','2011-08-03 15:24:44'),(983,'思明',131,'2011-08-03 15:24:44','2011-08-03 15:24:44'),(984,'杏林',131,'2011-08-03 15:24:44','2011-08-03 15:24:44'),(985,'湖里',131,'2011-08-03 15:24:44','2011-08-03 15:24:44'),(986,'集美',131,'2011-08-03 15:24:44','2011-08-03 15:24:44'),(987,'同安',131,'2011-08-03 15:24:44','2011-08-03 15:24:44'),(988,'三元',132,'2011-08-03 15:24:44','2011-08-03 15:24:44'),(989,'永安',132,'2011-08-03 15:24:44','2011-08-03 15:24:44'),(990,'明溪',132,'2011-08-03 15:24:44','2011-08-03 15:24:44'),(991,'清流',132,'2011-08-03 15:24:44','2011-08-03 15:24:44'),(992,'宁化',132,'2011-08-03 15:24:44','2011-08-03 15:24:44'),(993,'大田',132,'2011-08-03 15:24:44','2011-08-03 15:24:44'),(994,'尤溪',132,'2011-08-03 15:24:44','2011-08-03 15:24:44'),(995,'沙县',132,'2011-08-03 15:24:44','2011-08-03 15:24:44'),(996,'将乐',132,'2011-08-03 15:24:44','2011-08-03 15:24:44'),(997,'泰宁',132,'2011-08-03 15:24:44','2011-08-03 15:24:44'),(998,'建宁',132,'2011-08-03 15:24:44','2011-08-03 15:24:44'),(999,'涵江',133,'2011-08-03 15:24:44','2011-08-03 15:24:44'),(1000,'荔城',133,'2011-08-03 15:24:44','2011-08-03 15:24:44'),(1001,'泉港',134,'2011-08-03 15:24:44','2011-08-03 15:24:44'),(1002,'石狮',134,'2011-08-03 15:24:44','2011-08-03 15:24:44'),(1003,'晋江',134,'2011-08-03 15:24:44','2011-08-03 15:24:44'),(1004,'南安',134,'2011-08-03 15:24:44','2011-08-03 15:24:44'),(1005,'惠安',134,'2011-08-03 15:24:44','2011-08-03 15:24:44'),(1006,'安溪',134,'2011-08-03 15:24:44','2011-08-03 15:24:44'),(1007,'永春',134,'2011-08-03 15:24:44','2011-08-03 15:24:44'),(1008,'德化',134,'2011-08-03 15:24:44','2011-08-03 15:24:44'),(1009,'丰泽',134,'2011-08-03 15:24:44','2011-08-03 15:24:44'),(1010,'洛江',134,'2011-08-03 15:24:44','2011-08-03 15:24:44'),(1011,'龙文',135,'2011-08-03 15:24:44','2011-08-03 15:24:44'),(1012,'龙海',135,'2011-08-03 15:24:44','2011-08-03 15:24:44'),(1013,'云霄',135,'2011-08-03 15:24:44','2011-08-03 15:24:44'),(1014,'漳浦',135,'2011-08-03 15:24:44','2011-08-03 15:24:44'),(1015,'诏安',135,'2011-08-03 15:24:44','2011-08-03 15:24:44'),(1016,'长泰',135,'2011-08-03 15:24:44','2011-08-03 15:24:44'),(1017,'东山',135,'2011-08-03 15:24:44','2011-08-03 15:24:44'),(1018,'南靖',135,'2011-08-03 15:24:44','2011-08-03 15:24:44'),(1019,'平和',135,'2011-08-03 15:24:44','2011-08-03 15:24:44'),(1020,'华安',135,'2011-08-03 15:24:44','2011-08-03 15:24:44'),(1021,'邵武',136,'2011-08-03 15:24:44','2011-08-03 15:24:44'),(1022,'武夷山',136,'2011-08-03 15:24:44','2011-08-03 15:24:44'),(1023,'建瓯',136,'2011-08-03 15:24:44','2011-08-03 15:24:44'),(1024,'建阳',136,'2011-08-03 15:24:44','2011-08-03 15:24:44'),(1025,'顺昌',136,'2011-08-03 15:24:44','2011-08-03 15:24:44'),(1026,'浦城',136,'2011-08-03 15:24:44','2011-08-03 15:24:44'),(1027,'光泽',136,'2011-08-03 15:24:44','2011-08-03 15:24:44'),(1028,'松溪',136,'2011-08-03 15:24:44','2011-08-03 15:24:44'),(1029,'政和',136,'2011-08-03 15:24:44','2011-08-03 15:24:44'),(1030,'连城',137,'2011-08-03 15:24:44','2011-08-03 15:24:44'),(1031,'漳平',137,'2011-08-03 15:24:44','2011-08-03 15:24:44'),(1032,'长汀',137,'2011-08-03 15:24:44','2011-08-03 15:24:44'),(1033,'永定',137,'2011-08-03 15:24:44','2011-08-03 15:24:44'),(1034,'上杭',137,'2011-08-03 15:24:44','2011-08-03 15:24:44'),(1035,'武平',137,'2011-08-03 15:24:44','2011-08-03 15:24:44'),(1036,'福安',138,'2011-08-03 15:24:44','2011-08-03 15:24:44'),(1037,'福鼎',138,'2011-08-03 15:24:44','2011-08-03 15:24:44'),(1038,'寿宁',138,'2011-08-03 15:24:44','2011-08-03 15:24:44'),(1039,'霞浦',138,'2011-08-03 15:24:44','2011-08-03 15:24:44'),(1040,'柘荣',138,'2011-08-03 15:24:44','2011-08-03 15:24:44'),(1041,'屏南',138,'2011-08-03 15:24:44','2011-08-03 15:24:44'),(1042,'古田',138,'2011-08-03 15:24:44','2011-08-03 15:24:44'),(1043,'周宁',138,'2011-08-03 15:24:44','2011-08-03 15:24:44'),(1044,'西湖',139,'2011-08-03 15:24:44','2011-08-03 15:24:44'),(1045,'青云谱',139,'2011-08-03 15:24:44','2011-08-03 15:24:44'),(1046,'湾里',139,'2011-08-03 15:24:44','2011-08-03 15:24:44'),(1047,'青山湖',139,'2011-08-03 15:24:44','2011-08-03 15:24:44'),(1048,'南昌',139,'2011-08-03 15:24:44','2011-08-03 15:24:44'),(1049,'新建',139,'2011-08-03 15:24:44','2011-08-03 15:24:44'),(1050,'安义',139,'2011-08-03 15:24:44','2011-08-03 15:24:44'),(1051,'进贤',139,'2011-08-03 15:24:44','2011-08-03 15:24:44'),(1052,'昌江',140,'2011-08-03 15:24:44','2011-08-03 15:24:44'),(1053,'乐平',140,'2011-08-03 15:24:44','2011-08-03 15:24:44'),(1054,'浮梁',140,'2011-08-03 15:24:44','2011-08-03 15:24:44'),(1055,'湘东',141,'2011-08-03 15:24:44','2011-08-03 15:24:44'),(1056,'莲花',141,'2011-08-03 15:24:44','2011-08-03 15:24:44'),(1057,'上栗',141,'2011-08-03 15:24:44','2011-08-03 15:24:44'),(1058,'芦溪',141,'2011-08-03 15:24:44','2011-08-03 15:24:44'),(1059,'都昌',142,'2011-08-03 15:24:44','2011-08-03 15:24:44'),(1060,'湖口',142,'2011-08-03 15:24:44','2011-08-03 15:24:44'),(1061,'彭泽',142,'2011-08-03 15:24:44','2011-08-03 15:24:44'),(1062,'庐山',142,'2011-08-03 15:24:44','2011-08-03 15:24:44'),(1063,'瑞昌',142,'2011-08-03 15:24:44','2011-08-03 15:24:44'),(1064,'九江',142,'2011-08-03 15:24:44','2011-08-03 15:24:44'),(1065,'武宁',142,'2011-08-03 15:24:44','2011-08-03 15:24:44'),(1066,'修水',142,'2011-08-03 15:24:44','2011-08-03 15:24:44'),(1067,'永修',142,'2011-08-03 15:24:44','2011-08-03 15:24:44'),(1068,'德安',142,'2011-08-03 15:24:44','2011-08-03 15:24:44'),(1069,'星子',142,'2011-08-03 15:24:44','2011-08-03 15:24:44'),(1070,'分宜',143,'2011-08-03 15:24:44','2011-08-03 15:24:44'),(1071,'贵溪',144,'2011-08-03 15:24:44','2011-08-03 15:24:44'),(1072,'余江',144,'2011-08-03 15:24:44','2011-08-03 15:24:44'),(1073,'瑞金',145,'2011-08-03 15:24:44','2011-08-03 15:24:44'),(1074,'南康',145,'2011-08-03 15:24:44','2011-08-03 15:24:44'),(1075,'赣县',145,'2011-08-03 15:24:44','2011-08-03 15:24:44'),(1076,'信丰',145,'2011-08-03 15:24:44','2011-08-03 15:24:44'),(1077,'大余',145,'2011-08-03 15:24:44','2011-08-03 15:24:44'),(1078,'上犹',145,'2011-08-03 15:24:44','2011-08-03 15:24:44'),(1079,'崇义',145,'2011-08-03 15:24:44','2011-08-03 15:24:44'),(1080,'安远',145,'2011-08-03 15:24:44','2011-08-03 15:24:44'),(1081,'龙南',145,'2011-08-03 15:24:44','2011-08-03 15:24:44'),(1082,'定南',145,'2011-08-03 15:24:44','2011-08-03 15:24:44'),(1083,'全南',145,'2011-08-03 15:24:44','2011-08-03 15:24:44'),(1084,'宁都',145,'2011-08-03 15:24:44','2011-08-03 15:24:44'),(1085,'于都',145,'2011-08-03 15:24:44','2011-08-03 15:24:44'),(1086,'兴国',145,'2011-08-03 15:24:44','2011-08-03 15:24:44'),(1087,'会昌',145,'2011-08-03 15:24:44','2011-08-03 15:24:44'),(1088,'寻乌',145,'2011-08-03 15:24:44','2011-08-03 15:24:44'),(1089,'石城',145,'2011-08-03 15:24:44','2011-08-03 15:24:44'),(1090,'万安',146,'2011-08-03 15:24:44','2011-08-03 15:24:44'),(1091,'安福',146,'2011-08-03 15:24:44','2011-08-03 15:24:44'),(1092,'永新',146,'2011-08-03 15:24:44','2011-08-03 15:24:44'),(1093,'青原',146,'2011-08-03 15:24:44','2011-08-03 15:24:44'),(1094,'井冈山',146,'2011-08-03 15:24:44','2011-08-03 15:24:44'),(1095,'吉安',146,'2011-08-03 15:24:44','2011-08-03 15:24:44'),(1096,'吉水',146,'2011-08-03 15:24:44','2011-08-03 15:24:44'),(1097,'峡江',146,'2011-08-03 15:24:44','2011-08-03 15:24:44'),(1098,'新干',146,'2011-08-03 15:24:44','2011-08-03 15:24:44'),(1099,'永丰',146,'2011-08-03 15:24:44','2011-08-03 15:24:44'),(1100,'泰和',146,'2011-08-03 15:24:44','2011-08-03 15:24:44'),(1101,'遂川',146,'2011-08-03 15:24:44','2011-08-03 15:24:44'),(1102,'丰城',147,'2011-08-03 15:24:44','2011-08-03 15:24:44'),(1103,'樟树',147,'2011-08-03 15:24:44','2011-08-03 15:24:44'),(1104,'高安',147,'2011-08-03 15:24:44','2011-08-03 15:24:44'),(1105,'奉新',147,'2011-08-03 15:24:44','2011-08-03 15:24:44'),(1106,'万载',147,'2011-08-03 15:24:44','2011-08-03 15:24:44'),(1107,'上高',147,'2011-08-03 15:24:44','2011-08-03 15:24:44'),(1108,'宜丰',147,'2011-08-03 15:24:44','2011-08-03 15:24:44'),(1109,'靖安',147,'2011-08-03 15:24:44','2011-08-03 15:24:44'),(1110,'铜鼓',147,'2011-08-03 15:24:44','2011-08-03 15:24:44'),(1111,'南城',148,'2011-08-03 15:24:44','2011-08-03 15:24:44'),(1112,'黎川',148,'2011-08-03 15:24:44','2011-08-03 15:24:44'),(1113,'南丰',148,'2011-08-03 15:24:44','2011-08-03 15:24:44'),(1114,'崇仁',148,'2011-08-03 15:24:44','2011-08-03 15:24:44'),(1115,'乐安',148,'2011-08-03 15:24:44','2011-08-03 15:24:44'),(1116,'宜黄',148,'2011-08-03 15:24:44','2011-08-03 15:24:44'),(1117,'金溪',148,'2011-08-03 15:24:44','2011-08-03 15:24:44'),(1118,'资溪',148,'2011-08-03 15:24:44','2011-08-03 15:24:44'),(1119,'东乡',148,'2011-08-03 15:24:44','2011-08-03 15:24:44'),(1120,'广昌',148,'2011-08-03 15:24:44','2011-08-03 15:24:44'),(1121,'婺源',149,'2011-08-03 15:24:44','2011-08-03 15:24:44'),(1122,'德兴',149,'2011-08-03 15:24:44','2011-08-03 15:24:44'),(1123,'上饶',149,'2011-08-03 15:24:44','2011-08-03 15:24:44'),(1124,'广丰',149,'2011-08-03 15:24:44','2011-08-03 15:24:44'),(1125,'玉山',149,'2011-08-03 15:24:44','2011-08-03 15:24:44'),(1126,'铅山',149,'2011-08-03 15:24:44','2011-08-03 15:24:44'),(1127,'横峰',149,'2011-08-03 15:24:44','2011-08-03 15:24:44'),(1128,'弋阳',149,'2011-08-03 15:24:44','2011-08-03 15:24:44'),(1129,'余干',149,'2011-08-03 15:24:44','2011-08-03 15:24:44'),(1130,'波阳',149,'2011-08-03 15:24:44','2011-08-03 15:24:44'),(1131,'万年',149,'2011-08-03 15:24:44','2011-08-03 15:24:44'),(1132,'天桥',150,'2011-08-03 15:24:44','2011-08-03 15:24:44'),(1133,'市中',150,'2011-08-03 15:24:44','2011-08-03 15:24:44'),(1134,'历城',150,'2011-08-03 15:24:44','2011-08-03 15:24:44'),(1135,'历下',150,'2011-08-03 15:24:44','2011-08-03 15:24:44'),(1136,'长清',150,'2011-08-03 15:24:44','2011-08-03 15:24:44'),(1137,'槐荫',150,'2011-08-03 15:24:44','2011-08-03 15:24:44'),(1138,'章丘',150,'2011-08-03 15:24:44','2011-08-03 15:24:44'),(1139,'平阴',150,'2011-08-03 15:24:44','2011-08-03 15:24:44'),(1140,'济阳',150,'2011-08-03 15:24:44','2011-08-03 15:24:44'),(1141,'商河',150,'2011-08-03 15:24:44','2011-08-03 15:24:44'),(1142,'市南',151,'2011-08-03 15:24:44','2011-08-03 15:24:44'),(1143,'市北',151,'2011-08-03 15:24:44','2011-08-03 15:24:44'),(1144,'四方',151,'2011-08-03 15:24:44','2011-08-03 15:24:44'),(1145,'黄岛',151,'2011-08-03 15:24:44','2011-08-03 15:24:44'),(1146,'崂山',151,'2011-08-03 15:24:44','2011-08-03 15:24:44'),(1147,'城阳',151,'2011-08-03 15:24:44','2011-08-03 15:24:44'),(1148,'李沧',151,'2011-08-03 15:24:44','2011-08-03 15:24:44'),(1149,'胶州',151,'2011-08-03 15:24:44','2011-08-03 15:24:44'),(1150,'即墨',151,'2011-08-03 15:24:44','2011-08-03 15:24:44'),(1151,'平度',151,'2011-08-03 15:24:44','2011-08-03 15:24:44'),(1152,'胶南',151,'2011-08-03 15:24:44','2011-08-03 15:24:44'),(1153,'莱西',151,'2011-08-03 15:24:44','2011-08-03 15:24:44'),(1154,'张店',152,'2011-08-03 15:24:44','2011-08-03 15:24:44'),(1155,'淄川',152,'2011-08-03 15:24:44','2011-08-03 15:24:44'),(1156,'博山',152,'2011-08-03 15:24:44','2011-08-03 15:24:44'),(1157,'临淄',152,'2011-08-03 15:24:44','2011-08-03 15:24:44'),(1158,'周村',152,'2011-08-03 15:24:44','2011-08-03 15:24:44'),(1159,'桓台',152,'2011-08-03 15:24:44','2011-08-03 15:24:44'),(1160,'高青',152,'2011-08-03 15:24:44','2011-08-03 15:24:44'),(1161,'沂源',152,'2011-08-03 15:24:44','2011-08-03 15:24:44'),(1162,'滕州',153,'2011-08-03 15:24:44','2011-08-03 15:24:44'),(1163,'市中',153,'2011-08-03 15:24:44','2011-08-03 15:24:44'),(1164,'薛城',153,'2011-08-03 15:24:44','2011-08-03 15:24:44'),(1165,'峄城',153,'2011-08-03 15:24:44','2011-08-03 15:24:44'),(1166,'台儿庄',153,'2011-08-03 15:24:44','2011-08-03 15:24:44'),(1167,'山亭',153,'2011-08-03 15:24:44','2011-08-03 15:24:44'),(1168,'东营',154,'2011-08-03 15:24:44','2011-08-03 15:24:44'),(1169,'河口',154,'2011-08-03 15:24:44','2011-08-03 15:24:44'),(1170,'垦利',154,'2011-08-03 15:24:44','2011-08-03 15:24:44'),(1171,'利津',154,'2011-08-03 15:24:44','2011-08-03 15:24:44'),(1172,'广饶',154,'2011-08-03 15:24:44','2011-08-03 15:24:44'),(1173,'潍城',155,'2011-08-03 15:24:44','2011-08-03 15:24:44'),(1174,'寒亭',155,'2011-08-03 15:24:44','2011-08-03 15:24:44'),(1175,'坊子',155,'2011-08-03 15:24:44','2011-08-03 15:24:44'),(1176,'奎文',155,'2011-08-03 15:24:44','2011-08-03 15:24:44'),(1177,'安丘',155,'2011-08-03 15:24:44','2011-08-03 15:24:44'),(1178,'昌邑',155,'2011-08-03 15:24:44','2011-08-03 15:24:44'),(1179,'高密',155,'2011-08-03 15:24:44','2011-08-03 15:24:44'),(1180,'青州',155,'2011-08-03 15:24:44','2011-08-03 15:24:44'),(1181,'诸城',155,'2011-08-03 15:24:44','2011-08-03 15:24:44'),(1182,'寿光',155,'2011-08-03 15:24:44','2011-08-03 15:24:44'),(1183,'临朐',155,'2011-08-03 15:24:44','2011-08-03 15:24:44'),(1184,'昌乐',155,'2011-08-03 15:24:44','2011-08-03 15:24:44'),(1185,'芝罘',156,'2011-08-03 15:24:44','2011-08-03 15:24:44'),(1186,'福山',156,'2011-08-03 15:24:44','2011-08-03 15:24:44'),(1187,'莱山',156,'2011-08-03 15:24:44','2011-08-03 15:24:44'),(1188,'牟平',156,'2011-08-03 15:24:44','2011-08-03 15:24:44'),(1189,'栖霞',156,'2011-08-03 15:24:44','2011-08-03 15:24:44'),(1190,'海阳',156,'2011-08-03 15:24:44','2011-08-03 15:24:44'),(1191,'龙口',156,'2011-08-03 15:24:44','2011-08-03 15:24:44'),(1192,'莱阳',156,'2011-08-03 15:24:44','2011-08-03 15:24:44'),(1193,'莱州',156,'2011-08-03 15:24:44','2011-08-03 15:24:44'),(1194,'蓬莱',156,'2011-08-03 15:24:44','2011-08-03 15:24:44'),(1195,'招远',156,'2011-08-03 15:24:44','2011-08-03 15:24:44'),(1196,'长岛',156,'2011-08-03 15:24:44','2011-08-03 15:24:44'),(1197,'乳山',157,'2011-08-03 15:24:44','2011-08-03 15:24:44'),(1198,'文登',157,'2011-08-03 15:24:44','2011-08-03 15:24:44'),(1199,'环翠',157,'2011-08-03 15:24:44','2011-08-03 15:24:44'),(1200,'荣成',157,'2011-08-03 15:24:44','2011-08-03 15:24:44'),(1201,'泰山',159,'2011-08-03 15:24:44','2011-08-03 15:24:44'),(1202,'岱岳',159,'2011-08-03 15:24:44','2011-08-03 15:24:44'),(1203,'新泰',159,'2011-08-03 15:24:44','2011-08-03 15:24:44'),(1204,'肥城',159,'2011-08-03 15:24:44','2011-08-03 15:24:44'),(1205,'宁阳',159,'2011-08-03 15:24:44','2011-08-03 15:24:44'),(1206,'东平',159,'2011-08-03 15:24:44','2011-08-03 15:24:44'),(1207,'东港',160,'2011-08-03 15:24:44','2011-08-03 15:24:44'),(1208,'五莲',160,'2011-08-03 15:24:44','2011-08-03 15:24:44'),(1209,'莒县',160,'2011-08-03 15:24:44','2011-08-03 15:24:44'),(1210,'莱城',161,'2011-08-03 15:24:44','2011-08-03 15:24:44'),(1211,'钢城',161,'2011-08-03 15:24:44','2011-08-03 15:24:44'),(1212,'兰山',162,'2011-08-03 15:24:44','2011-08-03 15:24:44'),(1213,'罗庄',162,'2011-08-03 15:24:44','2011-08-03 15:24:44'),(1214,'河东',162,'2011-08-03 15:24:44','2011-08-03 15:24:44'),(1215,'郯城',162,'2011-08-03 15:24:44','2011-08-03 15:24:44'),(1216,'苍山',162,'2011-08-03 15:24:44','2011-08-03 15:24:44'),(1217,'莒南',162,'2011-08-03 15:24:44','2011-08-03 15:24:44'),(1218,'沂水',162,'2011-08-03 15:24:44','2011-08-03 15:24:44'),(1219,'蒙阴',162,'2011-08-03 15:24:44','2011-08-03 15:24:44'),(1220,'平邑',162,'2011-08-03 15:24:44','2011-08-03 15:24:44'),(1221,'费县',162,'2011-08-03 15:24:44','2011-08-03 15:24:44'),(1222,'沂南',162,'2011-08-03 15:24:44','2011-08-03 15:24:44'),(1223,'临沭',162,'2011-08-03 15:24:44','2011-08-03 15:24:44'),(1224,'齐河',163,'2011-08-03 15:24:44','2011-08-03 15:24:44'),(1225,'临邑',163,'2011-08-03 15:24:44','2011-08-03 15:24:44'),(1226,'宁津',163,'2011-08-03 15:24:44','2011-08-03 15:24:44'),(1227,'庆云',163,'2011-08-03 15:24:44','2011-08-03 15:24:44'),(1228,'德城',163,'2011-08-03 15:24:44','2011-08-03 15:24:44'),(1229,'乐陵',163,'2011-08-03 15:24:44','2011-08-03 15:24:44'),(1230,'禹城',163,'2011-08-03 15:24:44','2011-08-03 15:24:44'),(1231,'陵县',163,'2011-08-03 15:24:44','2011-08-03 15:24:44'),(1232,'平原',163,'2011-08-03 15:24:44','2011-08-03 15:24:44'),(1233,'夏津',163,'2011-08-03 15:24:44','2011-08-03 15:24:44'),(1234,'武城',163,'2011-08-03 15:24:44','2011-08-03 15:24:44'),(1235,'东昌府',164,'2011-08-03 15:24:44','2011-08-03 15:24:44'),(1236,'临清',164,'2011-08-03 15:24:44','2011-08-03 15:24:44'),(1237,'阳谷',164,'2011-08-03 15:24:44','2011-08-03 15:24:44'),(1238,'莘县',164,'2011-08-03 15:24:44','2011-08-03 15:24:44'),(1239,'茌平',164,'2011-08-03 15:24:44','2011-08-03 15:24:44'),(1240,'东阿',164,'2011-08-03 15:24:44','2011-08-03 15:24:44'),(1241,'冠县',164,'2011-08-03 15:24:44','2011-08-03 15:24:44'),(1242,'高唐',164,'2011-08-03 15:24:44','2011-08-03 15:24:44'),(1243,'滨城',165,'2011-08-03 15:24:44','2011-08-03 15:24:44'),(1244,'惠民',165,'2011-08-03 15:24:44','2011-08-03 15:24:44'),(1245,'阳信',165,'2011-08-03 15:24:44','2011-08-03 15:24:44'),(1246,'无棣',165,'2011-08-03 15:24:44','2011-08-03 15:24:44'),(1247,'沾化',165,'2011-08-03 15:24:44','2011-08-03 15:24:44'),(1248,'博兴',165,'2011-08-03 15:24:44','2011-08-03 15:24:44'),(1249,'邹平',165,'2011-08-03 15:24:44','2011-08-03 15:24:44'),(1250,'牡丹',166,'2011-08-03 15:24:44','2011-08-03 15:24:44'),(1251,'曹县',166,'2011-08-03 15:24:44','2011-08-03 15:24:44'),(1252,'定陶',166,'2011-08-03 15:24:44','2011-08-03 15:24:44'),(1253,'成武',166,'2011-08-03 15:24:44','2011-08-03 15:24:44'),(1254,'单县',166,'2011-08-03 15:24:44','2011-08-03 15:24:44'),(1255,'巨野',166,'2011-08-03 15:24:44','2011-08-03 15:24:44'),(1256,'郓城',166,'2011-08-03 15:24:44','2011-08-03 15:24:44'),(1257,'鄄城',166,'2011-08-03 15:24:44','2011-08-03 15:24:44'),(1258,'东明',166,'2011-08-03 15:24:44','2011-08-03 15:24:44'),(1259,'上街',167,'2011-08-03 15:24:44','2011-08-03 15:24:44'),(1260,'邙山',167,'2011-08-03 15:24:44','2011-08-03 15:24:44'),(1261,'新郑',167,'2011-08-03 15:24:44','2011-08-03 15:24:44'),(1262,'登封',167,'2011-08-03 15:24:44','2011-08-03 15:24:44'),(1263,'新密',167,'2011-08-03 15:24:44','2011-08-03 15:24:44'),(1264,'巩义',167,'2011-08-03 15:24:44','2011-08-03 15:24:44'),(1265,'荥阳',167,'2011-08-03 15:24:44','2011-08-03 15:24:44'),(1266,'中牟',167,'2011-08-03 15:24:44','2011-08-03 15:24:44'),(1267,'中原',167,'2011-08-03 15:24:44','2011-08-03 15:24:44'),(1268,'二七',167,'2011-08-03 15:24:44','2011-08-03 15:24:44'),(1269,'管城',167,'2011-08-03 15:24:44','2011-08-03 15:24:44'),(1270,'金水',167,'2011-08-03 15:24:44','2011-08-03 15:24:44'),(1271,'鼓楼',168,'2011-08-03 15:24:44','2011-08-03 15:24:44'),(1272,'龙亭',168,'2011-08-03 15:24:44','2011-08-03 15:24:44'),(1273,'顺河',168,'2011-08-03 15:24:44','2011-08-03 15:24:44'),(1274,'南关',168,'2011-08-03 15:24:44','2011-08-03 15:24:44'),(1275,'郊区',168,'2011-08-03 15:24:44','2011-08-03 15:24:44'),(1276,'杞县',168,'2011-08-03 15:24:44','2011-08-03 15:24:44'),(1277,'通许',168,'2011-08-03 15:24:44','2011-08-03 15:24:44'),(1278,'尉氏',168,'2011-08-03 15:24:44','2011-08-03 15:24:44'),(1279,'开封',168,'2011-08-03 15:24:44','2011-08-03 15:24:44'),(1280,'兰考',168,'2011-08-03 15:24:44','2011-08-03 15:24:44'),(1281,'伊川',169,'2011-08-03 15:24:44','2011-08-03 15:24:44'),(1282,'西工',169,'2011-08-03 15:24:44','2011-08-03 15:24:44'),(1283,'老城',169,'2011-08-03 15:24:44','2011-08-03 15:24:44'),(1284,'瀍河',169,'2011-08-03 15:24:44','2011-08-03 15:24:44'),(1285,'涧西',169,'2011-08-03 15:24:44','2011-08-03 15:24:44'),(1286,'吉利',169,'2011-08-03 15:24:44','2011-08-03 15:24:44'),(1287,'洛龙',169,'2011-08-03 15:24:44','2011-08-03 15:24:44'),(1288,'偃师',169,'2011-08-03 15:24:44','2011-08-03 15:24:44'),(1289,'孟津',169,'2011-08-03 15:24:44','2011-08-03 15:24:44'),(1290,'新安',169,'2011-08-03 15:24:44','2011-08-03 15:24:44'),(1291,'栾川',169,'2011-08-03 15:24:44','2011-08-03 15:24:44'),(1292,'嵩县',169,'2011-08-03 15:24:44','2011-08-03 15:24:44'),(1293,'汝阳',169,'2011-08-03 15:24:44','2011-08-03 15:24:44'),(1294,'宜阳',169,'2011-08-03 15:24:44','2011-08-03 15:24:44'),(1295,'洛宁',169,'2011-08-03 15:24:44','2011-08-03 15:24:44'),(1296,'石龙',170,'2011-08-03 15:24:44','2011-08-03 15:24:44'),(1297,'新华',170,'2011-08-03 15:24:44','2011-08-03 15:24:44'),(1298,'舞钢',170,'2011-08-03 15:24:44','2011-08-03 15:24:44'),(1299,'卫东',170,'2011-08-03 15:24:44','2011-08-03 15:24:44'),(1300,'汝州',170,'2011-08-03 15:24:44','2011-08-03 15:24:44'),(1301,'湛河',170,'2011-08-03 15:24:44','2011-08-03 15:24:44'),(1302,'宝丰',170,'2011-08-03 15:24:44','2011-08-03 15:24:44'),(1303,'叶县',170,'2011-08-03 15:24:44','2011-08-03 15:24:44'),(1304,'鲁山',170,'2011-08-03 15:24:44','2011-08-03 15:24:44'),(1305,'郏县',170,'2011-08-03 15:24:44','2011-08-03 15:24:44'),(1306,'山阳',171,'2011-08-03 15:24:44','2011-08-03 15:24:44'),(1307,'解放',171,'2011-08-03 15:24:44','2011-08-03 15:24:44'),(1308,'中站',171,'2011-08-03 15:24:44','2011-08-03 15:24:44'),(1309,'马村',171,'2011-08-03 15:24:44','2011-08-03 15:24:44'),(1310,'孟州',171,'2011-08-03 15:24:44','2011-08-03 15:24:44'),(1311,'沁阳',171,'2011-08-03 15:24:44','2011-08-03 15:24:44'),(1312,'修武',171,'2011-08-03 15:24:44','2011-08-03 15:24:44'),(1313,'博爱',171,'2011-08-03 15:24:44','2011-08-03 15:24:44'),(1314,'武陟',171,'2011-08-03 15:24:44','2011-08-03 15:24:44'),(1315,'温县',171,'2011-08-03 15:24:44','2011-08-03 15:24:44'),(1316,'淇滨',172,'2011-08-03 15:24:44','2011-08-03 15:24:44'),(1317,'山城',172,'2011-08-03 15:24:44','2011-08-03 15:24:44'),(1318,'鹤山',172,'2011-08-03 15:24:44','2011-08-03 15:24:44'),(1319,'浚县',172,'2011-08-03 15:24:44','2011-08-03 15:24:44'),(1320,'淇县',172,'2011-08-03 15:24:44','2011-08-03 15:24:44'),(1321,'封丘',173,'2011-08-03 15:24:44','2011-08-03 15:24:44'),(1322,'长垣',173,'2011-08-03 15:24:44','2011-08-03 15:24:44'),(1323,'新华',173,'2011-08-03 15:24:44','2011-08-03 15:24:44'),(1324,'红旗',173,'2011-08-03 15:24:44','2011-08-03 15:24:44'),(1325,'北站',173,'2011-08-03 15:24:44','2011-08-03 15:24:44'),(1326,'郊区',173,'2011-08-03 15:24:44','2011-08-03 15:24:44'),(1327,'卫辉',173,'2011-08-03 15:24:44','2011-08-03 15:24:44'),(1328,'辉县',173,'2011-08-03 15:24:44','2011-08-03 15:24:44'),(1329,'新乡',173,'2011-08-03 15:24:44','2011-08-03 15:24:44'),(1330,'获嘉',173,'2011-08-03 15:24:44','2011-08-03 15:24:44'),(1331,'原阳',173,'2011-08-03 15:24:44','2011-08-03 15:24:44'),(1332,'延津',173,'2011-08-03 15:24:44','2011-08-03 15:24:44'),(1333,'北关',174,'2011-08-03 15:24:44','2011-08-03 15:24:44'),(1334,'文峰',174,'2011-08-03 15:24:44','2011-08-03 15:24:44'),(1335,'殷都',174,'2011-08-03 15:24:44','2011-08-03 15:24:44'),(1336,'龙安',174,'2011-08-03 15:24:44','2011-08-03 15:24:44'),(1337,'林州',174,'2011-08-03 15:24:44','2011-08-03 15:24:44'),(1338,'安阳',174,'2011-08-03 15:24:44','2011-08-03 15:24:44'),(1339,'汤阴',174,'2011-08-03 15:24:44','2011-08-03 15:24:44'),(1340,'滑县',174,'2011-08-03 15:24:44','2011-08-03 15:24:44'),(1341,'内黄',174,'2011-08-03 15:24:44','2011-08-03 15:24:44'),(1342,'市区',175,'2011-08-03 15:24:44','2011-08-03 15:24:44'),(1343,'清丰',175,'2011-08-03 15:24:44','2011-08-03 15:24:44'),(1344,'南乐',175,'2011-08-03 15:24:44','2011-08-03 15:24:44'),(1345,'范县',175,'2011-08-03 15:24:44','2011-08-03 15:24:44'),(1346,'台前',175,'2011-08-03 15:24:44','2011-08-03 15:24:44'),(1347,'濮阳',175,'2011-08-03 15:24:44','2011-08-03 15:24:44'),(1348,'魏都',176,'2011-08-03 15:24:44','2011-08-03 15:24:44'),(1349,'禹州',176,'2011-08-03 15:24:44','2011-08-03 15:24:44'),(1350,'长葛',176,'2011-08-03 15:24:44','2011-08-03 15:24:44'),(1351,'许昌',176,'2011-08-03 15:24:44','2011-08-03 15:24:44'),(1352,'鄢陵',176,'2011-08-03 15:24:44','2011-08-03 15:24:44'),(1353,'襄城',176,'2011-08-03 15:24:44','2011-08-03 15:24:44'),(1354,'源汇',177,'2011-08-03 15:24:44','2011-08-03 15:24:44'),(1355,'舞阳',177,'2011-08-03 15:24:44','2011-08-03 15:24:44'),(1356,'临颖',177,'2011-08-03 15:24:44','2011-08-03 15:24:44'),(1357,'郾城',177,'2011-08-03 15:24:44','2011-08-03 15:24:44'),(1358,'卢氏',178,'2011-08-03 15:24:44','2011-08-03 15:24:44'),(1359,'湖滨',178,'2011-08-03 15:24:44','2011-08-03 15:24:44'),(1360,'义马',178,'2011-08-03 15:24:44','2011-08-03 15:24:44'),(1361,'灵宝',178,'2011-08-03 15:24:44','2011-08-03 15:24:44'),(1362,'渑池',178,'2011-08-03 15:24:44','2011-08-03 15:24:44'),(1363,'陕县',178,'2011-08-03 15:24:44','2011-08-03 15:24:44'),(1364,'卧龙',179,'2011-08-03 15:24:44','2011-08-03 15:24:44'),(1365,'宛城',179,'2011-08-03 15:24:44','2011-08-03 15:24:44'),(1366,'邓州',179,'2011-08-03 15:24:44','2011-08-03 15:24:44'),(1367,'南召',179,'2011-08-03 15:24:44','2011-08-03 15:24:44'),(1368,'方城',179,'2011-08-03 15:24:44','2011-08-03 15:24:44'),(1369,'西峡',179,'2011-08-03 15:24:44','2011-08-03 15:24:44'),(1370,'镇平',179,'2011-08-03 15:24:44','2011-08-03 15:24:44'),(1371,'内乡',179,'2011-08-03 15:24:44','2011-08-03 15:24:44'),(1372,'淅川',179,'2011-08-03 15:24:44','2011-08-03 15:24:44'),(1373,'社旗',179,'2011-08-03 15:24:44','2011-08-03 15:24:44'),(1374,'唐河',179,'2011-08-03 15:24:44','2011-08-03 15:24:44'),(1375,'新野',179,'2011-08-03 15:24:44','2011-08-03 15:24:44'),(1376,'桐柏',179,'2011-08-03 15:24:44','2011-08-03 15:24:44'),(1377,'梁园',180,'2011-08-03 15:24:44','2011-08-03 15:24:44'),(1378,'睢阳',180,'2011-08-03 15:24:44','2011-08-03 15:24:44'),(1379,'永城',180,'2011-08-03 15:24:44','2011-08-03 15:24:44'),(1380,'虞城',180,'2011-08-03 15:24:44','2011-08-03 15:24:44'),(1381,'民权',180,'2011-08-03 15:24:44','2011-08-03 15:24:44'),(1382,'宁陵',180,'2011-08-03 15:24:44','2011-08-03 15:24:44'),(1383,'睢县',180,'2011-08-03 15:24:44','2011-08-03 15:24:44'),(1384,'夏邑',180,'2011-08-03 15:24:44','2011-08-03 15:24:44'),(1385,'柘城',180,'2011-08-03 15:24:44','2011-08-03 15:24:44'),(1386,'新县',181,'2011-08-03 15:24:44','2011-08-03 15:24:44'),(1387,'浉河',181,'2011-08-03 15:24:44','2011-08-03 15:24:44'),(1388,'平桥',181,'2011-08-03 15:24:44','2011-08-03 15:24:44'),(1389,'息县',181,'2011-08-03 15:24:44','2011-08-03 15:24:44'),(1390,'淮滨',181,'2011-08-03 15:24:44','2011-08-03 15:24:44'),(1391,'潢川',181,'2011-08-03 15:24:44','2011-08-03 15:24:44'),(1392,'光山',181,'2011-08-03 15:24:44','2011-08-03 15:24:44'),(1393,'固始',181,'2011-08-03 15:24:44','2011-08-03 15:24:44'),(1394,'商城',181,'2011-08-03 15:24:44','2011-08-03 15:24:44'),(1395,'罗山',181,'2011-08-03 15:24:44','2011-08-03 15:24:44'),(1396,'川汇',182,'2011-08-03 15:24:44','2011-08-03 15:24:44'),(1397,'项城',182,'2011-08-03 15:24:44','2011-08-03 15:24:44'),(1398,'扶沟',182,'2011-08-03 15:24:44','2011-08-03 15:24:44'),(1399,'西华',182,'2011-08-03 15:24:44','2011-08-03 15:24:44'),(1400,'商水',182,'2011-08-03 15:24:44','2011-08-03 15:24:44'),(1401,'太康',182,'2011-08-03 15:24:44','2011-08-03 15:24:44'),(1402,'鹿邑',182,'2011-08-03 15:24:44','2011-08-03 15:24:44'),(1403,'郸城',182,'2011-08-03 15:24:44','2011-08-03 15:24:44'),(1404,'淮阳',182,'2011-08-03 15:24:44','2011-08-03 15:24:44'),(1405,'沈丘',182,'2011-08-03 15:24:44','2011-08-03 15:24:44'),(1406,'驿城',183,'2011-08-03 15:24:44','2011-08-03 15:24:44'),(1407,'确山',183,'2011-08-03 15:24:44','2011-08-03 15:24:44'),(1408,'泌阳',183,'2011-08-03 15:24:44','2011-08-03 15:24:44'),(1409,'遂平',183,'2011-08-03 15:24:44','2011-08-03 15:24:44'),(1410,'西平',183,'2011-08-03 15:24:44','2011-08-03 15:24:44'),(1411,'上蔡',183,'2011-08-03 15:24:44','2011-08-03 15:24:44'),(1412,'汝南',183,'2011-08-03 15:24:44','2011-08-03 15:24:44'),(1413,'平舆',183,'2011-08-03 15:24:44','2011-08-03 15:24:44'),(1414,'新蔡',183,'2011-08-03 15:24:44','2011-08-03 15:24:44'),(1415,'正阳',183,'2011-08-03 15:24:44','2011-08-03 15:24:44'),(1416,'黄陂',185,'2011-08-03 15:24:44','2011-08-03 15:24:44'),(1417,'新洲',185,'2011-08-03 15:24:44','2011-08-03 15:24:44'),(1418,'江岸',185,'2011-08-03 15:24:44','2011-08-03 15:24:44'),(1419,'江汉',185,'2011-08-03 15:24:44','2011-08-03 15:24:44'),(1420,'硚口',185,'2011-08-03 15:24:44','2011-08-03 15:24:44'),(1421,'汉阳',185,'2011-08-03 15:24:44','2011-08-03 15:24:44'),(1422,'武昌',185,'2011-08-03 15:24:44','2011-08-03 15:24:44'),(1423,'青山',185,'2011-08-03 15:24:44','2011-08-03 15:24:44'),(1424,'洪山',185,'2011-08-03 15:24:44','2011-08-03 15:24:44'),(1425,'东西湖',185,'2011-08-03 15:24:44','2011-08-03 15:24:44'),(1426,'汉南',185,'2011-08-03 15:24:44','2011-08-03 15:24:44'),(1427,'蔡甸',185,'2011-08-03 15:24:44','2011-08-03 15:24:44'),(1428,'江夏',185,'2011-08-03 15:24:44','2011-08-03 15:24:44'),(1429,'黄石港',186,'2011-08-03 15:24:44','2011-08-03 15:24:44'),(1430,'西塞山',186,'2011-08-03 15:24:44','2011-08-03 15:24:44'),(1431,'下陆',186,'2011-08-03 15:24:44','2011-08-03 15:24:44'),(1432,'铁山',186,'2011-08-03 15:24:44','2011-08-03 15:24:44'),(1433,'大冶',186,'2011-08-03 15:24:44','2011-08-03 15:24:44'),(1434,'阳新',186,'2011-08-03 15:24:44','2011-08-03 15:24:44'),(1435,'襄城',187,'2011-08-03 15:24:44','2011-08-03 15:24:44'),(1436,'樊城',187,'2011-08-03 15:24:44','2011-08-03 15:24:44'),(1437,'襄阳',187,'2011-08-03 15:24:44','2011-08-03 15:24:44'),(1438,'老河口',187,'2011-08-03 15:24:44','2011-08-03 15:24:44'),(1439,'枣阳',187,'2011-08-03 15:24:44','2011-08-03 15:24:44'),(1440,'宜城',187,'2011-08-03 15:24:44','2011-08-03 15:24:44'),(1441,'南漳',187,'2011-08-03 15:24:44','2011-08-03 15:24:44'),(1442,'谷城',187,'2011-08-03 15:24:44','2011-08-03 15:24:44'),(1443,'保康',187,'2011-08-03 15:24:44','2011-08-03 15:24:44'),(1444,'张湾',188,'2011-08-03 15:24:44','2011-08-03 15:24:44'),(1445,'茅箭',188,'2011-08-03 15:24:44','2011-08-03 15:24:44'),(1446,'丹江口',188,'2011-08-03 15:24:44','2011-08-03 15:24:44'),(1447,'郧县',188,'2011-08-03 15:24:44','2011-08-03 15:24:44'),(1448,'竹山',188,'2011-08-03 15:24:44','2011-08-03 15:24:44'),(1449,'房县',188,'2011-08-03 15:24:44','2011-08-03 15:24:44'),(1450,'郧西',188,'2011-08-03 15:24:44','2011-08-03 15:24:44'),(1451,'竹溪',188,'2011-08-03 15:24:44','2011-08-03 15:24:44'),(1452,'监利',189,'2011-08-03 15:24:44','2011-08-03 15:24:44'),(1453,'沙市',189,'2011-08-03 15:24:44','2011-08-03 15:24:44'),(1454,'荆州',189,'2011-08-03 15:24:44','2011-08-03 15:24:44'),(1455,'石首',189,'2011-08-03 15:24:44','2011-08-03 15:24:44'),(1456,'洪湖',189,'2011-08-03 15:24:44','2011-08-03 15:24:44'),(1457,'松滋',189,'2011-08-03 15:24:44','2011-08-03 15:24:44'),(1458,'江陵',189,'2011-08-03 15:24:44','2011-08-03 15:24:44'),(1459,'公安',189,'2011-08-03 15:24:44','2011-08-03 15:24:44'),(1460,'猇亭',190,'2011-08-03 15:24:44','2011-08-03 15:24:44'),(1461,'西陵',190,'2011-08-03 15:24:44','2011-08-03 15:24:44'),(1462,'夷陵',190,'2011-08-03 15:24:44','2011-08-03 15:24:44'),(1463,'伍家岗',190,'2011-08-03 15:24:44','2011-08-03 15:24:44'),(1464,'枝江',190,'2011-08-03 15:24:44','2011-08-03 15:24:44'),(1465,'点军',190,'2011-08-03 15:24:44','2011-08-03 15:24:44'),(1466,'宜都',190,'2011-08-03 15:24:44','2011-08-03 15:24:44'),(1467,'当阳',190,'2011-08-03 15:24:44','2011-08-03 15:24:44'),(1468,'远安',190,'2011-08-03 15:24:44','2011-08-03 15:24:44'),(1469,'兴山',190,'2011-08-03 15:24:44','2011-08-03 15:24:44'),(1470,'秭归',190,'2011-08-03 15:24:44','2011-08-03 15:24:44'),(1471,'长阳',190,'2011-08-03 15:24:44','2011-08-03 15:24:44'),(1472,'五峰',190,'2011-08-03 15:24:44','2011-08-03 15:24:44'),(1473,'东宝',191,'2011-08-03 15:24:44','2011-08-03 15:24:44'),(1474,'掇刀',191,'2011-08-03 15:24:44','2011-08-03 15:24:44'),(1475,'钟祥',191,'2011-08-03 15:24:44','2011-08-03 15:24:44'),(1476,'沙洋',191,'2011-08-03 15:24:44','2011-08-03 15:24:44'),(1477,'京山',191,'2011-08-03 15:24:44','2011-08-03 15:24:44'),(1478,'鄂城',192,'2011-08-03 15:24:44','2011-08-03 15:24:44'),(1479,'梁子湖',192,'2011-08-03 15:24:44','2011-08-03 15:24:44'),(1480,'华容',192,'2011-08-03 15:24:44','2011-08-03 15:24:44'),(1481,'孝南',193,'2011-08-03 15:24:44','2011-08-03 15:24:44'),(1482,'应城',193,'2011-08-03 15:24:44','2011-08-03 15:24:44'),(1483,'安陆',193,'2011-08-03 15:24:44','2011-08-03 15:24:44'),(1484,'汉川',193,'2011-08-03 15:24:44','2011-08-03 15:24:44'),(1485,'孝昌',193,'2011-08-03 15:24:44','2011-08-03 15:24:44'),(1486,'大悟',193,'2011-08-03 15:24:44','2011-08-03 15:24:44'),(1487,'云梦',193,'2011-08-03 15:24:44','2011-08-03 15:24:44'),(1488,'蕲春',194,'2011-08-03 15:24:44','2011-08-03 15:24:44'),(1489,'黄梅',194,'2011-08-03 15:24:44','2011-08-03 15:24:44'),(1490,'团风',194,'2011-08-03 15:24:44','2011-08-03 15:24:44'),(1491,'黄州',194,'2011-08-03 15:24:44','2011-08-03 15:24:44'),(1492,'麻城',194,'2011-08-03 15:24:44','2011-08-03 15:24:44'),(1493,'武穴',194,'2011-08-03 15:24:44','2011-08-03 15:24:44'),(1494,'红安',194,'2011-08-03 15:24:44','2011-08-03 15:24:44'),(1495,'罗田',194,'2011-08-03 15:24:44','2011-08-03 15:24:44'),(1496,'英山',194,'2011-08-03 15:24:44','2011-08-03 15:24:44'),(1497,'浠水',194,'2011-08-03 15:24:44','2011-08-03 15:24:44'),(1498,'咸安',195,'2011-08-03 15:24:44','2011-08-03 15:24:44'),(1499,'赤壁',195,'2011-08-03 15:24:44','2011-08-03 15:24:44'),(1500,'嘉鱼',195,'2011-08-03 15:24:44','2011-08-03 15:24:44'),(1501,'通城',195,'2011-08-03 15:24:44','2011-08-03 15:24:44'),(1502,'崇阳',195,'2011-08-03 15:24:44','2011-08-03 15:24:44'),(1503,'通山',195,'2011-08-03 15:24:44','2011-08-03 15:24:44'),(1504,'曾都',196,'2011-08-03 15:24:44','2011-08-03 15:24:44'),(1505,'广水',196,'2011-08-03 15:24:44','2011-08-03 15:24:44'),(1506,'恩施',197,'2011-08-03 15:24:44','2011-08-03 15:24:44'),(1507,'利川',197,'2011-08-03 15:24:44','2011-08-03 15:24:44'),(1508,'建始',197,'2011-08-03 15:24:44','2011-08-03 15:24:44'),(1509,'巴东',197,'2011-08-03 15:24:44','2011-08-03 15:24:44'),(1510,'宣恩',197,'2011-08-03 15:24:44','2011-08-03 15:24:44'),(1511,'咸丰',197,'2011-08-03 15:24:44','2011-08-03 15:24:44'),(1512,'来凤',197,'2011-08-03 15:24:44','2011-08-03 15:24:44'),(1513,'鹤峰',197,'2011-08-03 15:24:44','2011-08-03 15:24:44'),(1514,'潜江',198,'2011-08-03 15:24:44','2011-08-03 15:24:44'),(1515,'神农架林',198,'2011-08-03 15:24:44','2011-08-03 15:24:44'),(1516,'岳麓',199,'2011-08-03 15:24:44','2011-08-03 15:24:44'),(1517,'芙蓉',199,'2011-08-03 15:24:44','2011-08-03 15:24:44'),(1518,'天心',199,'2011-08-03 15:24:44','2011-08-03 15:24:44'),(1519,'开福',199,'2011-08-03 15:24:44','2011-08-03 15:24:44'),(1520,'雨花',199,'2011-08-03 15:24:44','2011-08-03 15:24:44'),(1521,'浏阳',199,'2011-08-03 15:24:44','2011-08-03 15:24:44'),(1522,'长沙',199,'2011-08-03 15:24:44','2011-08-03 15:24:44'),(1523,'望城',199,'2011-08-03 15:24:44','2011-08-03 15:24:44'),(1524,'宁乡',199,'2011-08-03 15:24:44','2011-08-03 15:24:44'),(1525,'芦淞',200,'2011-08-03 15:24:44','2011-08-03 15:24:44'),(1526,'石峰',200,'2011-08-03 15:24:44','2011-08-03 15:24:44'),(1527,'醴陵',200,'2011-08-03 15:24:44','2011-08-03 15:24:44'),(1528,'株洲',200,'2011-08-03 15:24:44','2011-08-03 15:24:44'),(1529,'攸县',200,'2011-08-03 15:24:44','2011-08-03 15:24:44'),(1530,'茶陵',200,'2011-08-03 15:24:44','2011-08-03 15:24:44'),(1531,'炎陵',200,'2011-08-03 15:24:44','2011-08-03 15:24:44'),(1532,'天元',200,'2011-08-03 15:24:44','2011-08-03 15:24:44'),(1533,'荷塘',200,'2011-08-03 15:24:44','2011-08-03 15:24:44'),(1534,'雨湖',201,'2011-08-03 15:24:44','2011-08-03 15:24:44'),(1535,'岳塘',201,'2011-08-03 15:24:44','2011-08-03 15:24:44'),(1536,'湘乡',201,'2011-08-03 15:24:44','2011-08-03 15:24:44'),(1537,'韶山',201,'2011-08-03 15:24:44','2011-08-03 15:24:44'),(1538,'湘潭',201,'2011-08-03 15:24:44','2011-08-03 15:24:44'),(1539,'雁峰',202,'2011-08-03 15:24:44','2011-08-03 15:24:44'),(1540,'珠晖',202,'2011-08-03 15:24:44','2011-08-03 15:24:44'),(1541,'石鼓',202,'2011-08-03 15:24:44','2011-08-03 15:24:44'),(1542,'蒸湘',202,'2011-08-03 15:24:44','2011-08-03 15:24:44'),(1543,'南岳',202,'2011-08-03 15:24:44','2011-08-03 15:24:44'),(1544,'常宁',202,'2011-08-03 15:24:44','2011-08-03 15:24:44'),(1545,'耒阳',202,'2011-08-03 15:24:44','2011-08-03 15:24:44'),(1546,'衡阳',202,'2011-08-03 15:24:44','2011-08-03 15:24:44'),(1547,'衡南',202,'2011-08-03 15:24:44','2011-08-03 15:24:44'),(1548,'衡山',202,'2011-08-03 15:24:44','2011-08-03 15:24:44'),(1549,'衡东',202,'2011-08-03 15:24:44','2011-08-03 15:24:44'),(1550,'祁东',202,'2011-08-03 15:24:44','2011-08-03 15:24:44'),(1551,'绥宁',203,'2011-08-03 15:24:44','2011-08-03 15:24:44'),(1552,'新宁',203,'2011-08-03 15:24:44','2011-08-03 15:24:44'),(1553,'城步',203,'2011-08-03 15:24:44','2011-08-03 15:24:44'),(1554,'大祥',203,'2011-08-03 15:24:44','2011-08-03 15:24:44'),(1555,'北塔',203,'2011-08-03 15:24:44','2011-08-03 15:24:44'),(1556,'武冈',203,'2011-08-03 15:24:44','2011-08-03 15:24:44'),(1557,'邵东',203,'2011-08-03 15:24:44','2011-08-03 15:24:44'),(1558,'邵阳',203,'2011-08-03 15:24:44','2011-08-03 15:24:44'),(1559,'新邵',203,'2011-08-03 15:24:44','2011-08-03 15:24:44'),(1560,'隆回',203,'2011-08-03 15:24:44','2011-08-03 15:24:44'),(1561,'洞口',203,'2011-08-03 15:24:44','2011-08-03 15:24:44'),(1562,'岳阳楼',204,'2011-08-03 15:24:44','2011-08-03 15:24:44'),(1563,'君山',204,'2011-08-03 15:24:44','2011-08-03 15:24:44'),(1564,'云溪',204,'2011-08-03 15:24:44','2011-08-03 15:24:44'),(1565,'汨罗',204,'2011-08-03 15:24:44','2011-08-03 15:24:44'),(1566,'临湘',204,'2011-08-03 15:24:44','2011-08-03 15:24:44'),(1567,'岳阳',204,'2011-08-03 15:24:44','2011-08-03 15:24:44'),(1568,'华容',204,'2011-08-03 15:24:44','2011-08-03 15:24:44'),(1569,'湘阴',204,'2011-08-03 15:24:44','2011-08-03 15:24:44'),(1570,'平江',204,'2011-08-03 15:24:44','2011-08-03 15:24:44'),(1571,'武陵',205,'2011-08-03 15:24:44','2011-08-03 15:24:44'),(1572,'鼎城',205,'2011-08-03 15:24:44','2011-08-03 15:24:44'),(1573,'津市',205,'2011-08-03 15:24:44','2011-08-03 15:24:44'),(1574,'安乡',205,'2011-08-03 15:24:44','2011-08-03 15:24:44'),(1575,'汉寿',205,'2011-08-03 15:24:44','2011-08-03 15:24:44'),(1576,'澧县',205,'2011-08-03 15:24:44','2011-08-03 15:24:44'),(1577,'临澧',205,'2011-08-03 15:24:44','2011-08-03 15:24:44'),(1578,'桃源',205,'2011-08-03 15:24:44','2011-08-03 15:24:44'),(1579,'石门',205,'2011-08-03 15:24:44','2011-08-03 15:24:44'),(1580,'永定',206,'2011-08-03 15:24:44','2011-08-03 15:24:44'),(1581,'武陵源',206,'2011-08-03 15:24:44','2011-08-03 15:24:44'),(1582,'慈利',206,'2011-08-03 15:24:44','2011-08-03 15:24:44'),(1583,'桑植',206,'2011-08-03 15:24:44','2011-08-03 15:24:44'),(1584,'赫山',207,'2011-08-03 15:24:44','2011-08-03 15:24:44'),(1585,'资阳',207,'2011-08-03 15:24:44','2011-08-03 15:24:44'),(1586,'沅江',207,'2011-08-03 15:24:44','2011-08-03 15:24:44'),(1587,'南县',207,'2011-08-03 15:24:44','2011-08-03 15:24:44'),(1588,'桃江',207,'2011-08-03 15:24:44','2011-08-03 15:24:44'),(1589,'安化',207,'2011-08-03 15:24:44','2011-08-03 15:24:44'),(1590,'苏仙',208,'2011-08-03 15:24:44','2011-08-03 15:24:44'),(1591,'资兴',208,'2011-08-03 15:24:44','2011-08-03 15:24:44'),(1592,'桂阳',208,'2011-08-03 15:24:44','2011-08-03 15:24:44'),(1593,'永兴',208,'2011-08-03 15:24:44','2011-08-03 15:24:44'),(1594,'宜章',208,'2011-08-03 15:24:44','2011-08-03 15:24:44'),(1595,'嘉禾',208,'2011-08-03 15:24:44','2011-08-03 15:24:44'),(1596,'临武',208,'2011-08-03 15:24:44','2011-08-03 15:24:44'),(1597,'汝城',208,'2011-08-03 15:24:44','2011-08-03 15:24:44'),(1598,'桂东',208,'2011-08-03 15:24:44','2011-08-03 15:24:44'),(1599,'安仁',208,'2011-08-03 15:24:44','2011-08-03 15:24:44'),(1600,'北湖',208,'2011-08-03 15:24:44','2011-08-03 15:24:44'),(1601,'冷水滩',209,'2011-08-03 15:24:44','2011-08-03 15:24:44'),(1602,'芝山',209,'2011-08-03 15:24:44','2011-08-03 15:24:44'),(1603,'东安',209,'2011-08-03 15:24:44','2011-08-03 15:24:44'),(1604,'道县',209,'2011-08-03 15:24:44','2011-08-03 15:24:44'),(1605,'宁远',209,'2011-08-03 15:24:44','2011-08-03 15:24:44'),(1606,'江永',209,'2011-08-03 15:24:44','2011-08-03 15:24:44'),(1607,'蓝山',209,'2011-08-03 15:24:44','2011-08-03 15:24:44'),(1608,'新田',209,'2011-08-03 15:24:44','2011-08-03 15:24:44'),(1609,'双牌',209,'2011-08-03 15:24:44','2011-08-03 15:24:44'),(1610,'祁阳',209,'2011-08-03 15:24:44','2011-08-03 15:24:44'),(1611,'江华',209,'2011-08-03 15:24:44','2011-08-03 15:24:44'),(1612,'洪江',210,'2011-08-03 15:24:44','2011-08-03 15:24:44'),(1613,'沅陵',210,'2011-08-03 15:24:44','2011-08-03 15:24:44'),(1614,'辰溪',210,'2011-08-03 15:24:44','2011-08-03 15:24:44'),(1615,'溆浦',210,'2011-08-03 15:24:44','2011-08-03 15:24:44'),(1616,'中方',210,'2011-08-03 15:24:44','2011-08-03 15:24:44'),(1617,'会同',210,'2011-08-03 15:24:44','2011-08-03 15:24:44'),(1618,'麻阳',210,'2011-08-03 15:24:44','2011-08-03 15:24:44'),(1619,'新晃',210,'2011-08-03 15:24:44','2011-08-03 15:24:44'),(1620,'芷江',210,'2011-08-03 15:24:44','2011-08-03 15:24:44'),(1621,'靖州',210,'2011-08-03 15:24:44','2011-08-03 15:24:44'),(1622,'通道',210,'2011-08-03 15:24:44','2011-08-03 15:24:44'),(1623,'娄星',211,'2011-08-03 15:24:44','2011-08-03 15:24:44'),(1624,'新化',211,'2011-08-03 15:24:44','2011-08-03 15:24:44'),(1625,'冷水江',211,'2011-08-03 15:24:44','2011-08-03 15:24:44'),(1626,'涟源',211,'2011-08-03 15:24:44','2011-08-03 15:24:44'),(1627,'双峰',211,'2011-08-03 15:24:44','2011-08-03 15:24:44'),(1628,'吉首',212,'2011-08-03 15:24:44','2011-08-03 15:24:44'),(1629,'泸溪',212,'2011-08-03 15:24:44','2011-08-03 15:24:44'),(1630,'凤凰',212,'2011-08-03 15:24:44','2011-08-03 15:24:44'),(1631,'花垣',212,'2011-08-03 15:24:44','2011-08-03 15:24:44'),(1632,'保靖',212,'2011-08-03 15:24:44','2011-08-03 15:24:44'),(1633,'古丈',212,'2011-08-03 15:24:44','2011-08-03 15:24:44'),(1634,'永顺',212,'2011-08-03 15:24:44','2011-08-03 15:24:44'),(1635,'龙山',212,'2011-08-03 15:24:44','2011-08-03 15:24:44'),(1636,'越秀',213,'2011-08-03 15:24:44','2011-08-03 15:24:44'),(1637,'东山',213,'2011-08-03 15:24:44','2011-08-03 15:24:44'),(1638,'荔湾',213,'2011-08-03 15:24:44','2011-08-03 15:24:44'),(1639,'海珠',213,'2011-08-03 15:24:44','2011-08-03 15:24:44'),(1640,'天河',213,'2011-08-03 15:24:44','2011-08-03 15:24:44'),(1641,'芳村',213,'2011-08-03 15:24:44','2011-08-03 15:24:44'),(1642,'白云',213,'2011-08-03 15:24:44','2011-08-03 15:24:44'),(1643,'黄埔',213,'2011-08-03 15:24:44','2011-08-03 15:24:44'),(1644,'番禺',213,'2011-08-03 15:24:44','2011-08-03 15:24:44'),(1645,'花都',213,'2011-08-03 15:24:44','2011-08-03 15:24:44'),(1646,'增城',213,'2011-08-03 15:24:44','2011-08-03 15:24:44'),(1647,'从化',213,'2011-08-03 15:24:44','2011-08-03 15:24:44'),(1648,'福田',214,'2011-08-03 15:24:44','2011-08-03 15:24:44'),(1649,'罗湖',214,'2011-08-03 15:24:44','2011-08-03 15:24:44'),(1650,'南山',214,'2011-08-03 15:24:44','2011-08-03 15:24:44'),(1651,'宝安',214,'2011-08-03 15:24:44','2011-08-03 15:24:44'),(1652,'龙岗',214,'2011-08-03 15:24:44','2011-08-03 15:24:44'),(1653,'盐田',214,'2011-08-03 15:24:44','2011-08-03 15:24:44'),(1654,'香洲',215,'2011-08-03 15:24:44','2011-08-03 15:24:44'),(1655,'斗门',215,'2011-08-03 15:24:44','2011-08-03 15:24:44'),(1656,'金湾',215,'2011-08-03 15:24:44','2011-08-03 15:24:44'),(1657,'升平',216,'2011-08-03 15:24:44','2011-08-03 15:24:44'),(1658,'河浦',216,'2011-08-03 15:24:44','2011-08-03 15:24:44'),(1659,'澄海',216,'2011-08-03 15:24:44','2011-08-03 15:24:44'),(1660,'潮阳',216,'2011-08-03 15:24:44','2011-08-03 15:24:44'),(1661,'南澳',216,'2011-08-03 15:24:44','2011-08-03 15:24:44'),(1662,'金园',216,'2011-08-03 15:24:44','2011-08-03 15:24:44'),(1663,'达濠',216,'2011-08-03 15:24:44','2011-08-03 15:24:44'),(1664,'龙湖',216,'2011-08-03 15:24:44','2011-08-03 15:24:44'),(1665,'北江',217,'2011-08-03 15:24:44','2011-08-03 15:24:44'),(1666,'武江',217,'2011-08-03 15:24:44','2011-08-03 15:24:44'),(1667,'浈江',217,'2011-08-03 15:24:44','2011-08-03 15:24:44'),(1668,'乐昌',217,'2011-08-03 15:24:44','2011-08-03 15:24:44'),(1669,'南雄',217,'2011-08-03 15:24:44','2011-08-03 15:24:44'),(1670,'曲江',217,'2011-08-03 15:24:44','2011-08-03 15:24:44'),(1671,'始兴',217,'2011-08-03 15:24:44','2011-08-03 15:24:44'),(1672,'仁化',217,'2011-08-03 15:24:44','2011-08-03 15:24:44'),(1673,'翁源',217,'2011-08-03 15:24:44','2011-08-03 15:24:44'),(1674,'新丰',217,'2011-08-03 15:24:44','2011-08-03 15:24:44'),(1675,'乳源',217,'2011-08-03 15:24:44','2011-08-03 15:24:44'),(1676,'源城',218,'2011-08-03 15:24:44','2011-08-03 15:24:44'),(1677,'紫金',218,'2011-08-03 15:24:44','2011-08-03 15:24:44'),(1678,'龙川',218,'2011-08-03 15:24:44','2011-08-03 15:24:44'),(1679,'连平',218,'2011-08-03 15:24:44','2011-08-03 15:24:44'),(1680,'和平',218,'2011-08-03 15:24:44','2011-08-03 15:24:44'),(1681,'东源',218,'2011-08-03 15:24:44','2011-08-03 15:24:44'),(1682,'梅江',219,'2011-08-03 15:24:44','2011-08-03 15:24:44'),(1683,'兴宁',219,'2011-08-03 15:24:44','2011-08-03 15:24:44'),(1684,'梅县',219,'2011-08-03 15:24:44','2011-08-03 15:24:44'),(1685,'大埔',219,'2011-08-03 15:24:44','2011-08-03 15:24:44'),(1686,'丰顺',219,'2011-08-03 15:24:44','2011-08-03 15:24:44'),(1687,'五华',219,'2011-08-03 15:24:44','2011-08-03 15:24:44'),(1688,'平远',219,'2011-08-03 15:24:44','2011-08-03 15:24:44'),(1689,'蕉岭',219,'2011-08-03 15:24:44','2011-08-03 15:24:44'),(1690,'博罗',220,'2011-08-03 15:24:44','2011-08-03 15:24:44'),(1691,'惠东',220,'2011-08-03 15:24:44','2011-08-03 15:24:44'),(1692,'龙门',220,'2011-08-03 15:24:44','2011-08-03 15:24:44'),(1693,'惠城',220,'2011-08-03 15:24:44','2011-08-03 15:24:44'),(1694,'惠阳',220,'2011-08-03 15:24:44','2011-08-03 15:24:44'),(1695,'城区',221,'2011-08-03 15:24:44','2011-08-03 15:24:44'),(1696,'陆丰',221,'2011-08-03 15:24:44','2011-08-03 15:24:44'),(1697,'海丰',221,'2011-08-03 15:24:44','2011-08-03 15:24:44'),(1698,'陆河',221,'2011-08-03 15:24:44','2011-08-03 15:24:44'),(1699,'江海',224,'2011-08-03 15:24:44','2011-08-03 15:24:44'),(1700,'蓬江',224,'2011-08-03 15:24:44','2011-08-03 15:24:44'),(1701,'新会',224,'2011-08-03 15:24:44','2011-08-03 15:24:44'),(1702,'恩平',224,'2011-08-03 15:24:44','2011-08-03 15:24:44'),(1703,'台山',224,'2011-08-03 15:24:44','2011-08-03 15:24:44'),(1704,'开平',224,'2011-08-03 15:24:44','2011-08-03 15:24:44'),(1705,'鹤山',224,'2011-08-03 15:24:44','2011-08-03 15:24:44'),(1706,'禅城',225,'2011-08-03 15:24:44','2011-08-03 15:24:44'),(1707,'高明',225,'2011-08-03 15:24:44','2011-08-03 15:24:44'),(1708,'顺德',225,'2011-08-03 15:24:44','2011-08-03 15:24:44'),(1709,'南海',225,'2011-08-03 15:24:44','2011-08-03 15:24:44'),(1710,'三水',225,'2011-08-03 15:24:44','2011-08-03 15:24:44'),(1711,'江城',226,'2011-08-03 15:24:44','2011-08-03 15:24:44'),(1712,'阳春',226,'2011-08-03 15:24:44','2011-08-03 15:24:44'),(1713,'阳西',226,'2011-08-03 15:24:44','2011-08-03 15:24:44'),(1714,'阳东',226,'2011-08-03 15:24:44','2011-08-03 15:24:44'),(1715,'赤坎',227,'2011-08-03 15:24:44','2011-08-03 15:24:44'),(1716,'霞山',227,'2011-08-03 15:24:44','2011-08-03 15:24:44'),(1717,'坡头',227,'2011-08-03 15:24:44','2011-08-03 15:24:44'),(1718,'麻章',227,'2011-08-03 15:24:44','2011-08-03 15:24:44'),(1719,'吴川',227,'2011-08-03 15:24:44','2011-08-03 15:24:44'),(1720,'廉江',227,'2011-08-03 15:24:44','2011-08-03 15:24:44'),(1721,'雷州',227,'2011-08-03 15:24:44','2011-08-03 15:24:44'),(1722,'遂溪',227,'2011-08-03 15:24:44','2011-08-03 15:24:44'),(1723,'徐闻',227,'2011-08-03 15:24:44','2011-08-03 15:24:44'),(1724,'茂南',228,'2011-08-03 15:24:44','2011-08-03 15:24:44'),(1725,'茂港',228,'2011-08-03 15:24:44','2011-08-03 15:24:44'),(1726,'化州',228,'2011-08-03 15:24:44','2011-08-03 15:24:44'),(1727,'信宜',228,'2011-08-03 15:24:44','2011-08-03 15:24:44'),(1728,'高州',228,'2011-08-03 15:24:44','2011-08-03 15:24:44'),(1729,'电白',228,'2011-08-03 15:24:44','2011-08-03 15:24:44'),(1730,'端州',229,'2011-08-03 15:24:44','2011-08-03 15:24:44'),(1731,'鼎湖',229,'2011-08-03 15:24:44','2011-08-03 15:24:44'),(1732,'高要',229,'2011-08-03 15:24:44','2011-08-03 15:24:44'),(1733,'四会',229,'2011-08-03 15:24:44','2011-08-03 15:24:44'),(1734,'广宁',229,'2011-08-03 15:24:44','2011-08-03 15:24:44'),(1735,'怀集',229,'2011-08-03 15:24:44','2011-08-03 15:24:44'),(1736,'封开',229,'2011-08-03 15:24:44','2011-08-03 15:24:44'),(1737,'德庆',229,'2011-08-03 15:24:44','2011-08-03 15:24:44'),(1738,'清城',230,'2011-08-03 15:24:44','2011-08-03 15:24:44'),(1739,'英德',230,'2011-08-03 15:24:44','2011-08-03 15:24:44'),(1740,'连州',230,'2011-08-03 15:24:44','2011-08-03 15:24:44'),(1741,'佛冈',230,'2011-08-03 15:24:44','2011-08-03 15:24:44'),(1742,'阳山',230,'2011-08-03 15:24:44','2011-08-03 15:24:44'),(1743,'清新',230,'2011-08-03 15:24:44','2011-08-03 15:24:44'),(1744,'连山',230,'2011-08-03 15:24:44','2011-08-03 15:24:44'),(1745,'连南',230,'2011-08-03 15:24:44','2011-08-03 15:24:44'),(1746,'湘桥',231,'2011-08-03 15:24:44','2011-08-03 15:24:44'),(1747,'潮安',231,'2011-08-03 15:24:44','2011-08-03 15:24:44'),(1748,'饶平',231,'2011-08-03 15:24:44','2011-08-03 15:24:44'),(1749,'榕城',232,'2011-08-03 15:24:44','2011-08-03 15:24:44'),(1750,'普宁',232,'2011-08-03 15:24:44','2011-08-03 15:24:44'),(1751,'揭东',232,'2011-08-03 15:24:44','2011-08-03 15:24:44'),(1752,'揭西',232,'2011-08-03 15:24:44','2011-08-03 15:24:44'),(1753,'惠来',232,'2011-08-03 15:24:44','2011-08-03 15:24:44'),(1754,'云安',233,'2011-08-03 15:24:44','2011-08-03 15:24:44'),(1755,'新兴',233,'2011-08-03 15:24:44','2011-08-03 15:24:44'),(1756,'郁南',233,'2011-08-03 15:24:44','2011-08-03 15:24:44'),(1757,'云城',233,'2011-08-03 15:24:44','2011-08-03 15:24:44'),(1758,'罗定',233,'2011-08-03 15:24:44','2011-08-03 15:24:44'),(1759,'新城',234,'2011-08-03 15:24:44','2011-08-03 15:24:44'),(1760,'兴宁',234,'2011-08-03 15:24:44','2011-08-03 15:24:44'),(1761,'城北',234,'2011-08-03 15:24:44','2011-08-03 15:24:44'),(1762,'江南',234,'2011-08-03 15:24:44','2011-08-03 15:24:44'),(1763,'永新',234,'2011-08-03 15:24:44','2011-08-03 15:24:44'),(1764,'邕宁',234,'2011-08-03 15:24:44','2011-08-03 15:24:44'),(1765,'武鸣',234,'2011-08-03 15:24:44','2011-08-03 15:24:44'),(1766,'宾阳',234,'2011-08-03 15:24:44','2011-08-03 15:24:44'),(1767,'上林',234,'2011-08-03 15:24:44','2011-08-03 15:24:44'),(1768,'马山',234,'2011-08-03 15:24:44','2011-08-03 15:24:44'),(1769,'青秀',234,'2011-08-03 15:24:44','2011-08-03 15:24:44'),(1770,'城中',235,'2011-08-03 15:24:44','2011-08-03 15:24:44'),(1771,'鱼峰',235,'2011-08-03 15:24:44','2011-08-03 15:24:44'),(1772,'柳南',235,'2011-08-03 15:24:44','2011-08-03 15:24:44'),(1773,'柳北',235,'2011-08-03 15:24:44','2011-08-03 15:24:44'),(1774,'柳江',235,'2011-08-03 15:24:44','2011-08-03 15:24:44'),(1775,'柳城',235,'2011-08-03 15:24:44','2011-08-03 15:24:44'),(1776,'鹿寨',235,'2011-08-03 15:24:44','2011-08-03 15:24:44'),(1777,'融安',235,'2011-08-03 15:24:44','2011-08-03 15:24:44'),(1778,'融水',235,'2011-08-03 15:24:44','2011-08-03 15:24:44'),(1779,'三江',235,'2011-08-03 15:24:44','2011-08-03 15:24:44'),(1780,'兴安',236,'2011-08-03 15:24:44','2011-08-03 15:24:44'),(1781,'平乐',236,'2011-08-03 15:24:44','2011-08-03 15:24:44'),(1782,'永福',236,'2011-08-03 15:24:44','2011-08-03 15:24:44'),(1783,'荔浦',236,'2011-08-03 15:24:44','2011-08-03 15:24:44'),(1784,'灌阳',236,'2011-08-03 15:24:44','2011-08-03 15:24:44'),(1785,'龙胜',236,'2011-08-03 15:24:44','2011-08-03 15:24:44'),(1786,'资源',236,'2011-08-03 15:24:44','2011-08-03 15:24:44'),(1787,'恭城',236,'2011-08-03 15:24:44','2011-08-03 15:24:44'),(1788,'秀峰',236,'2011-08-03 15:24:44','2011-08-03 15:24:44'),(1789,'叠彩',236,'2011-08-03 15:24:44','2011-08-03 15:24:44'),(1790,'象山',236,'2011-08-03 15:24:44','2011-08-03 15:24:44'),(1791,'七星',236,'2011-08-03 15:24:44','2011-08-03 15:24:44'),(1792,'雁山',236,'2011-08-03 15:24:44','2011-08-03 15:24:44'),(1793,'阳朔',236,'2011-08-03 15:24:44','2011-08-03 15:24:44'),(1794,'临桂',236,'2011-08-03 15:24:44','2011-08-03 15:24:44'),(1795,'灵川',236,'2011-08-03 15:24:44','2011-08-03 15:24:44'),(1796,'全州',236,'2011-08-03 15:24:44','2011-08-03 15:24:44'),(1797,'万秀',237,'2011-08-03 15:24:44','2011-08-03 15:24:44'),(1798,'蝶山',237,'2011-08-03 15:24:44','2011-08-03 15:24:44'),(1799,'市郊',237,'2011-08-03 15:24:44','2011-08-03 15:24:44'),(1800,'岑溪',237,'2011-08-03 15:24:44','2011-08-03 15:24:44'),(1801,'苍梧',237,'2011-08-03 15:24:44','2011-08-03 15:24:44'),(1802,'藤县',237,'2011-08-03 15:24:44','2011-08-03 15:24:44'),(1803,'蒙山',237,'2011-08-03 15:24:44','2011-08-03 15:24:44'),(1804,'海城',238,'2011-08-03 15:24:44','2011-08-03 15:24:44'),(1805,'银海',238,'2011-08-03 15:24:44','2011-08-03 15:24:44'),(1806,'铁山港',238,'2011-08-03 15:24:44','2011-08-03 15:24:44'),(1807,'合浦',238,'2011-08-03 15:24:44','2011-08-03 15:24:44'),(1808,'港口',239,'2011-08-03 15:24:44','2011-08-03 15:24:44'),(1809,'防城',239,'2011-08-03 15:24:44','2011-08-03 15:24:44'),(1810,'东兴',239,'2011-08-03 15:24:44','2011-08-03 15:24:44'),(1811,'上思',239,'2011-08-03 15:24:44','2011-08-03 15:24:44'),(1812,'钦南',240,'2011-08-03 15:24:44','2011-08-03 15:24:44'),(1813,'钦北',240,'2011-08-03 15:24:44','2011-08-03 15:24:44'),(1814,'灵山',240,'2011-08-03 15:24:44','2011-08-03 15:24:44'),(1815,'浦北',240,'2011-08-03 15:24:44','2011-08-03 15:24:44'),(1816,'港北',241,'2011-08-03 15:24:44','2011-08-03 15:24:44'),(1817,'港南',241,'2011-08-03 15:24:44','2011-08-03 15:24:44'),(1818,'桂平',241,'2011-08-03 15:24:44','2011-08-03 15:24:44'),(1819,'平南',241,'2011-08-03 15:24:44','2011-08-03 15:24:44'),(1820,'北流',242,'2011-08-03 15:24:44','2011-08-03 15:24:44'),(1821,'兴业',242,'2011-08-03 15:24:44','2011-08-03 15:24:44'),(1822,'容县',242,'2011-08-03 15:24:44','2011-08-03 15:24:44'),(1823,'陆川',242,'2011-08-03 15:24:44','2011-08-03 15:24:44'),(1824,'博白',242,'2011-08-03 15:24:44','2011-08-03 15:24:44'),(1825,'田阳',243,'2011-08-03 15:24:44','2011-08-03 15:24:44'),(1826,'田东',243,'2011-08-03 15:24:44','2011-08-03 15:24:44'),(1827,'平果',243,'2011-08-03 15:24:44','2011-08-03 15:24:44'),(1828,'德保',243,'2011-08-03 15:24:44','2011-08-03 15:24:44'),(1829,'靖西',243,'2011-08-03 15:24:44','2011-08-03 15:24:44'),(1830,'那坡',243,'2011-08-03 15:24:44','2011-08-03 15:24:44'),(1831,'凌云',243,'2011-08-03 15:24:44','2011-08-03 15:24:44'),(1832,'乐业',243,'2011-08-03 15:24:44','2011-08-03 15:24:44'),(1833,'西林',243,'2011-08-03 15:24:44','2011-08-03 15:24:44'),(1834,'田林',243,'2011-08-03 15:24:44','2011-08-03 15:24:44'),(1835,'隆林',243,'2011-08-03 15:24:44','2011-08-03 15:24:44'),(1836,'八步',244,'2011-08-03 15:24:44','2011-08-03 15:24:44'),(1837,'昭平',244,'2011-08-03 15:24:44','2011-08-03 15:24:44'),(1838,'钟山',244,'2011-08-03 15:24:44','2011-08-03 15:24:44'),(1839,'富川',244,'2011-08-03 15:24:44','2011-08-03 15:24:44'),(1840,'金城江',245,'2011-08-03 15:24:44','2011-08-03 15:24:44'),(1841,'宜州',245,'2011-08-03 15:24:44','2011-08-03 15:24:44'),(1842,'南丹',245,'2011-08-03 15:24:44','2011-08-03 15:24:44'),(1843,'天峨',245,'2011-08-03 15:24:44','2011-08-03 15:24:44'),(1844,'凤山',245,'2011-08-03 15:24:44','2011-08-03 15:24:44'),(1845,'东兰',245,'2011-08-03 15:24:44','2011-08-03 15:24:44'),(1846,'巴马',245,'2011-08-03 15:24:44','2011-08-03 15:24:44'),(1847,'都安',245,'2011-08-03 15:24:44','2011-08-03 15:24:44'),(1848,'大化',245,'2011-08-03 15:24:44','2011-08-03 15:24:44'),(1849,'罗城',245,'2011-08-03 15:24:44','2011-08-03 15:24:44'),(1850,'环江',245,'2011-08-03 15:24:44','2011-08-03 15:24:44'),(1851,'兴宾',246,'2011-08-03 15:24:44','2011-08-03 15:24:44'),(1852,'合山',246,'2011-08-03 15:24:44','2011-08-03 15:24:44'),(1853,'象州',246,'2011-08-03 15:24:44','2011-08-03 15:24:44'),(1854,'武宣',246,'2011-08-03 15:24:44','2011-08-03 15:24:44'),(1855,'忻城',246,'2011-08-03 15:24:44','2011-08-03 15:24:44'),(1856,'金秀',246,'2011-08-03 15:24:44','2011-08-03 15:24:44'),(1857,'凭祥',247,'2011-08-03 15:24:44','2011-08-03 15:24:44'),(1858,'扶绥',247,'2011-08-03 15:24:44','2011-08-03 15:24:44'),(1859,'大新',247,'2011-08-03 15:24:44','2011-08-03 15:24:44'),(1860,'天等',247,'2011-08-03 15:24:44','2011-08-03 15:24:44'),(1861,'宁明',247,'2011-08-03 15:24:44','2011-08-03 15:24:44'),(1862,'龙州',247,'2011-08-03 15:24:44','2011-08-03 15:24:44'),(1863,'秀英',248,'2011-08-03 15:24:44','2011-08-03 15:24:44'),(1864,'新华',248,'2011-08-03 15:24:44','2011-08-03 15:24:44'),(1865,'振东',248,'2011-08-03 15:24:44','2011-08-03 15:24:44'),(1866,'秀英',248,'2011-08-03 15:24:44','2011-08-03 15:24:44'),(1867,'琼山',248,'2011-08-03 15:24:44','2011-08-03 15:24:44'),(1868,'澄迈',250,'2011-08-03 15:24:44','2011-08-03 15:24:44'),(1869,'定安',250,'2011-08-03 15:24:44','2011-08-03 15:24:44'),(1870,'屯昌',250,'2011-08-03 15:24:44','2011-08-03 15:24:44'),(1871,'昌江',250,'2011-08-03 15:24:44','2011-08-03 15:24:44'),(1872,'白沙',250,'2011-08-03 15:24:44','2011-08-03 15:24:44'),(1873,'琼中',250,'2011-08-03 15:24:44','2011-08-03 15:24:44'),(1874,'陵水',250,'2011-08-03 15:24:44','2011-08-03 15:24:44'),(1875,'保亭',250,'2011-08-03 15:24:44','2011-08-03 15:24:44'),(1876,'乐东',250,'2011-08-03 15:24:44','2011-08-03 15:24:44'),(1877,'金堂',251,'2011-08-03 15:24:44','2011-08-03 15:24:44'),(1878,'双流',251,'2011-08-03 15:24:44','2011-08-03 15:24:44'),(1879,'郫县',251,'2011-08-03 15:24:44','2011-08-03 15:24:44'),(1880,'大邑',251,'2011-08-03 15:24:44','2011-08-03 15:24:44'),(1881,'蒲江',251,'2011-08-03 15:24:44','2011-08-03 15:24:44'),(1882,'新津',251,'2011-08-03 15:24:44','2011-08-03 15:24:44'),(1883,'彭州',251,'2011-08-03 15:24:44','2011-08-03 15:24:44'),(1884,'青羊',251,'2011-08-03 15:24:44','2011-08-03 15:24:44'),(1885,'锦江',251,'2011-08-03 15:24:44','2011-08-03 15:24:44'),(1886,'金牛',251,'2011-08-03 15:24:44','2011-08-03 15:24:44'),(1887,'武侯',251,'2011-08-03 15:24:44','2011-08-03 15:24:44'),(1888,'成华',251,'2011-08-03 15:24:44','2011-08-03 15:24:44'),(1889,'龙泉驿',251,'2011-08-03 15:24:44','2011-08-03 15:24:44'),(1890,'青白江',251,'2011-08-03 15:24:44','2011-08-03 15:24:44'),(1891,'新都',251,'2011-08-03 15:24:44','2011-08-03 15:24:44'),(1892,'温江',251,'2011-08-03 15:24:44','2011-08-03 15:24:44'),(1893,'崇州',251,'2011-08-03 15:24:44','2011-08-03 15:24:44'),(1894,'邛崃',251,'2011-08-03 15:24:44','2011-08-03 15:24:44'),(1895,'都江堰',251,'2011-08-03 15:24:44','2011-08-03 15:24:44'),(1896,'大安',252,'2011-08-03 15:24:44','2011-08-03 15:24:44'),(1897,'贡井',252,'2011-08-03 15:24:44','2011-08-03 15:24:44'),(1898,'自流井',252,'2011-08-03 15:24:44','2011-08-03 15:24:44'),(1899,'沿滩',252,'2011-08-03 15:24:44','2011-08-03 15:24:44'),(1900,'荣县',252,'2011-08-03 15:24:44','2011-08-03 15:24:44'),(1901,'富顺',252,'2011-08-03 15:24:44','2011-08-03 15:24:44'),(1902,'东区',253,'2011-08-03 15:24:44','2011-08-03 15:24:44'),(1903,'西区',253,'2011-08-03 15:24:44','2011-08-03 15:24:44'),(1904,'仁和',253,'2011-08-03 15:24:44','2011-08-03 15:24:44'),(1905,'米易',253,'2011-08-03 15:24:44','2011-08-03 15:24:44'),(1906,'盐边',253,'2011-08-03 15:24:44','2011-08-03 15:24:44'),(1907,'江阳',254,'2011-08-03 15:24:44','2011-08-03 15:24:44'),(1908,'纳溪',254,'2011-08-03 15:24:44','2011-08-03 15:24:44'),(1909,'龙马潭',254,'2011-08-03 15:24:44','2011-08-03 15:24:44'),(1910,'泸县',254,'2011-08-03 15:24:44','2011-08-03 15:24:44'),(1911,'合江',254,'2011-08-03 15:24:44','2011-08-03 15:24:44'),(1912,'叙永',254,'2011-08-03 15:24:44','2011-08-03 15:24:44'),(1913,'古蔺',254,'2011-08-03 15:24:44','2011-08-03 15:24:44'),(1914,'旌阳',255,'2011-08-03 15:24:44','2011-08-03 15:24:44'),(1915,'什邡',255,'2011-08-03 15:24:44','2011-08-03 15:24:44'),(1916,'广汉',255,'2011-08-03 15:24:44','2011-08-03 15:24:44'),(1917,'绵竹',255,'2011-08-03 15:24:44','2011-08-03 15:24:44'),(1918,'罗江',255,'2011-08-03 15:24:44','2011-08-03 15:24:44'),(1919,'中江',255,'2011-08-03 15:24:44','2011-08-03 15:24:44'),(1920,'江油',256,'2011-08-03 15:24:44','2011-08-03 15:24:44'),(1921,'三台',256,'2011-08-03 15:24:44','2011-08-03 15:24:44'),(1922,'盐亭',256,'2011-08-03 15:24:44','2011-08-03 15:24:44'),(1923,'安县',256,'2011-08-03 15:24:44','2011-08-03 15:24:44'),(1924,'梓潼',256,'2011-08-03 15:24:44','2011-08-03 15:24:44'),(1925,'北川',256,'2011-08-03 15:24:44','2011-08-03 15:24:44'),(1926,'平武',256,'2011-08-03 15:24:44','2011-08-03 15:24:44'),(1927,'涪城',256,'2011-08-03 15:24:44','2011-08-03 15:24:44'),(1928,'游仙',256,'2011-08-03 15:24:44','2011-08-03 15:24:44'),(1929,'市中',257,'2011-08-03 15:24:44','2011-08-03 15:24:44'),(1930,'元坝',257,'2011-08-03 15:24:44','2011-08-03 15:24:44'),(1931,'朝天',257,'2011-08-03 15:24:44','2011-08-03 15:24:44'),(1932,'旺苍',257,'2011-08-03 15:24:44','2011-08-03 15:24:44'),(1933,'青川',257,'2011-08-03 15:24:44','2011-08-03 15:24:44'),(1934,'剑阁',257,'2011-08-03 15:24:44','2011-08-03 15:24:44'),(1935,'苍溪',257,'2011-08-03 15:24:44','2011-08-03 15:24:44'),(1936,'市中',258,'2011-08-03 15:24:44','2011-08-03 15:24:44'),(1937,'蓬溪',258,'2011-08-03 15:24:44','2011-08-03 15:24:44'),(1938,'射洪',258,'2011-08-03 15:24:44','2011-08-03 15:24:44'),(1939,'大英',258,'2011-08-03 15:24:44','2011-08-03 15:24:44'),(1940,'市中',259,'2011-08-03 15:24:44','2011-08-03 15:24:44'),(1941,'东兴',259,'2011-08-03 15:24:44','2011-08-03 15:24:44'),(1942,'威远',259,'2011-08-03 15:24:44','2011-08-03 15:24:44'),(1943,'资中',259,'2011-08-03 15:24:44','2011-08-03 15:24:44'),(1944,'隆昌',259,'2011-08-03 15:24:44','2011-08-03 15:24:44'),(1945,'峨边',260,'2011-08-03 15:24:44','2011-08-03 15:24:44'),(1946,'马边',260,'2011-08-03 15:24:44','2011-08-03 15:24:44'),(1947,'市中',260,'2011-08-03 15:24:44','2011-08-03 15:24:44'),(1948,'沙湾',260,'2011-08-03 15:24:44','2011-08-03 15:24:44'),(1949,'五通桥',260,'2011-08-03 15:24:44','2011-08-03 15:24:44'),(1950,'金口河',260,'2011-08-03 15:24:44','2011-08-03 15:24:44'),(1951,'峨眉山',260,'2011-08-03 15:24:44','2011-08-03 15:24:44'),(1952,'犍为',260,'2011-08-03 15:24:44','2011-08-03 15:24:44'),(1953,'井研',260,'2011-08-03 15:24:44','2011-08-03 15:24:44'),(1954,'夹江',260,'2011-08-03 15:24:44','2011-08-03 15:24:44'),(1955,'沐川',260,'2011-08-03 15:24:44','2011-08-03 15:24:44'),(1956,'嘉陵',261,'2011-08-03 15:24:44','2011-08-03 15:24:44'),(1957,'阆中',261,'2011-08-03 15:24:44','2011-08-03 15:24:44'),(1958,'顺庆',261,'2011-08-03 15:24:44','2011-08-03 15:24:44'),(1959,'南部',261,'2011-08-03 15:24:44','2011-08-03 15:24:44'),(1960,'高坪',261,'2011-08-03 15:24:44','2011-08-03 15:24:44'),(1961,'营山',261,'2011-08-03 15:24:44','2011-08-03 15:24:44'),(1962,'蓬安',261,'2011-08-03 15:24:44','2011-08-03 15:24:44'),(1963,'仪陇',261,'2011-08-03 15:24:44','2011-08-03 15:24:44'),(1964,'西充',261,'2011-08-03 15:24:44','2011-08-03 15:24:44'),(1965,'翠屏',262,'2011-08-03 15:24:44','2011-08-03 15:24:44'),(1966,'宜宾',262,'2011-08-03 15:24:44','2011-08-03 15:24:44'),(1967,'南溪',262,'2011-08-03 15:24:44','2011-08-03 15:24:44'),(1968,'江安',262,'2011-08-03 15:24:44','2011-08-03 15:24:44'),(1969,'长宁',262,'2011-08-03 15:24:44','2011-08-03 15:24:44'),(1970,'高县',262,'2011-08-03 15:24:44','2011-08-03 15:24:44'),(1971,'筠连',262,'2011-08-03 15:24:44','2011-08-03 15:24:44'),(1972,'珙县',262,'2011-08-03 15:24:44','2011-08-03 15:24:44'),(1973,'兴文',262,'2011-08-03 15:24:44','2011-08-03 15:24:44'),(1974,'屏山',262,'2011-08-03 15:24:44','2011-08-03 15:24:44'),(1975,'广安',263,'2011-08-03 15:24:44','2011-08-03 15:24:44'),(1976,'华蓥',263,'2011-08-03 15:24:44','2011-08-03 15:24:44'),(1977,'岳池',263,'2011-08-03 15:24:44','2011-08-03 15:24:44'),(1978,'武胜',263,'2011-08-03 15:24:44','2011-08-03 15:24:44'),(1979,'邻水',263,'2011-08-03 15:24:44','2011-08-03 15:24:44'),(1980,'通川',264,'2011-08-03 15:24:44','2011-08-03 15:24:44'),(1981,'万源',264,'2011-08-03 15:24:44','2011-08-03 15:24:44'),(1982,'达县',264,'2011-08-03 15:24:44','2011-08-03 15:24:44'),(1983,'宣汉',264,'2011-08-03 15:24:44','2011-08-03 15:24:44'),(1984,'开江',264,'2011-08-03 15:24:44','2011-08-03 15:24:44'),(1985,'大竹',264,'2011-08-03 15:24:44','2011-08-03 15:24:44'),(1986,'渠县',264,'2011-08-03 15:24:44','2011-08-03 15:24:44'),(1987,'洪雅',265,'2011-08-03 15:24:44','2011-08-03 15:24:44'),(1988,'丹棱',265,'2011-08-03 15:24:44','2011-08-03 15:24:44'),(1989,'青神',265,'2011-08-03 15:24:44','2011-08-03 15:24:44'),(1990,'东坡',265,'2011-08-03 15:24:44','2011-08-03 15:24:44'),(1991,'仁寿',265,'2011-08-03 15:24:44','2011-08-03 15:24:44'),(1992,'彭山',265,'2011-08-03 15:24:44','2011-08-03 15:24:44'),(1993,'雨城',266,'2011-08-03 15:24:44','2011-08-03 15:24:44'),(1994,'名山',266,'2011-08-03 15:24:44','2011-08-03 15:24:44'),(1995,'荥经',266,'2011-08-03 15:24:44','2011-08-03 15:24:44'),(1996,'汉源',266,'2011-08-03 15:24:44','2011-08-03 15:24:44'),(1997,'石棉',266,'2011-08-03 15:24:44','2011-08-03 15:24:44'),(1998,'天全',266,'2011-08-03 15:24:44','2011-08-03 15:24:44'),(1999,'芦山',266,'2011-08-03 15:24:44','2011-08-03 15:24:44'),(2000,'宝兴',266,'2011-08-03 15:24:44','2011-08-03 15:24:44'),(2001,'巴州',267,'2011-08-03 15:24:44','2011-08-03 15:24:44'),(2002,'通江',267,'2011-08-03 15:24:44','2011-08-03 15:24:44'),(2003,'南江',267,'2011-08-03 15:24:44','2011-08-03 15:24:44'),(2004,'平昌',267,'2011-08-03 15:24:44','2011-08-03 15:24:44'),(2005,'雁江',268,'2011-08-03 15:24:44','2011-08-03 15:24:44'),(2006,'简阳',268,'2011-08-03 15:24:44','2011-08-03 15:24:44'),(2007,'乐至',268,'2011-08-03 15:24:44','2011-08-03 15:24:44'),(2008,'安岳',268,'2011-08-03 15:24:44','2011-08-03 15:24:44'),(2009,'马尔康',269,'2011-08-03 15:24:44','2011-08-03 15:24:44'),(2010,'汶川',269,'2011-08-03 15:24:44','2011-08-03 15:24:44'),(2011,'理县',269,'2011-08-03 15:24:44','2011-08-03 15:24:44'),(2012,'茂县',269,'2011-08-03 15:24:44','2011-08-03 15:24:44'),(2013,'松潘',269,'2011-08-03 15:24:44','2011-08-03 15:24:44'),(2014,'九寨沟',269,'2011-08-03 15:24:44','2011-08-03 15:24:44'),(2015,'金川',269,'2011-08-03 15:24:44','2011-08-03 15:24:44'),(2016,'小金',269,'2011-08-03 15:24:44','2011-08-03 15:24:44'),(2017,'黑水',269,'2011-08-03 15:24:44','2011-08-03 15:24:44'),(2018,'壤塘',269,'2011-08-03 15:24:44','2011-08-03 15:24:44'),(2019,'阿坝',269,'2011-08-03 15:24:44','2011-08-03 15:24:44'),(2020,'若尔盖',269,'2011-08-03 15:24:44','2011-08-03 15:24:44'),(2021,'红原',269,'2011-08-03 15:24:44','2011-08-03 15:24:44'),(2022,'康定',270,'2011-08-03 15:24:44','2011-08-03 15:24:44'),(2023,'泸定',270,'2011-08-03 15:24:44','2011-08-03 15:24:44'),(2024,'丹巴',270,'2011-08-03 15:24:44','2011-08-03 15:24:44'),(2025,'九龙',270,'2011-08-03 15:24:44','2011-08-03 15:24:44'),(2026,'雅江',270,'2011-08-03 15:24:44','2011-08-03 15:24:44'),(2027,'道孚',270,'2011-08-03 15:24:44','2011-08-03 15:24:44'),(2028,'炉霍',270,'2011-08-03 15:24:44','2011-08-03 15:24:44'),(2029,'甘孜',270,'2011-08-03 15:24:44','2011-08-03 15:24:44'),(2030,'新龙',270,'2011-08-03 15:24:44','2011-08-03 15:24:44'),(2031,'德格',270,'2011-08-03 15:24:44','2011-08-03 15:24:44'),(2032,'白玉',270,'2011-08-03 15:24:44','2011-08-03 15:24:44'),(2033,'石渠',270,'2011-08-03 15:24:44','2011-08-03 15:24:44'),(2034,'色达',270,'2011-08-03 15:24:44','2011-08-03 15:24:44'),(2035,'理塘',270,'2011-08-03 15:24:44','2011-08-03 15:24:44'),(2036,'巴塘',270,'2011-08-03 15:24:44','2011-08-03 15:24:44'),(2037,'乡城',270,'2011-08-03 15:24:44','2011-08-03 15:24:44'),(2038,'稻城',270,'2011-08-03 15:24:44','2011-08-03 15:24:44'),(2039,'得荣',270,'2011-08-03 15:24:44','2011-08-03 15:24:44'),(2040,'美姑',271,'2011-08-03 15:24:44','2011-08-03 15:24:44'),(2041,'雷波',271,'2011-08-03 15:24:44','2011-08-03 15:24:44'),(2042,'木里',271,'2011-08-03 15:24:44','2011-08-03 15:24:44'),(2043,'西昌',271,'2011-08-03 15:24:44','2011-08-03 15:24:44'),(2044,'盐源',271,'2011-08-03 15:24:44','2011-08-03 15:24:44'),(2045,'德昌',271,'2011-08-03 15:24:44','2011-08-03 15:24:44'),(2046,'会理',271,'2011-08-03 15:24:44','2011-08-03 15:24:44'),(2047,'会东',271,'2011-08-03 15:24:44','2011-08-03 15:24:44'),(2048,'宁南',271,'2011-08-03 15:24:44','2011-08-03 15:24:44'),(2049,'普格',271,'2011-08-03 15:24:44','2011-08-03 15:24:44'),(2050,'布拖',271,'2011-08-03 15:24:44','2011-08-03 15:24:44'),(2051,'金阳',271,'2011-08-03 15:24:44','2011-08-03 15:24:44'),(2052,'昭觉',271,'2011-08-03 15:24:44','2011-08-03 15:24:44'),(2053,'喜德',271,'2011-08-03 15:24:44','2011-08-03 15:24:44'),(2054,'冕宁',271,'2011-08-03 15:24:44','2011-08-03 15:24:44'),(2055,'越西',271,'2011-08-03 15:24:44','2011-08-03 15:24:44'),(2056,'甘洛',271,'2011-08-03 15:24:44','2011-08-03 15:24:44'),(2057,'南明',272,'2011-08-03 15:24:44','2011-08-03 15:24:44'),(2058,'云岩',272,'2011-08-03 15:24:44','2011-08-03 15:24:44'),(2059,'花溪',272,'2011-08-03 15:24:44','2011-08-03 15:24:44'),(2060,'乌当',272,'2011-08-03 15:24:44','2011-08-03 15:24:44'),(2061,'白云',272,'2011-08-03 15:24:44','2011-08-03 15:24:44'),(2062,'小河',272,'2011-08-03 15:24:44','2011-08-03 15:24:44'),(2063,'清镇',272,'2011-08-03 15:24:44','2011-08-03 15:24:44'),(2064,'开阳',272,'2011-08-03 15:24:44','2011-08-03 15:24:44'),(2065,'修文',272,'2011-08-03 15:24:44','2011-08-03 15:24:44'),(2066,'息烽',272,'2011-08-03 15:24:44','2011-08-03 15:24:44'),(2067,'钟山',273,'2011-08-03 15:24:44','2011-08-03 15:24:44'),(2068,'盘县',273,'2011-08-03 15:24:44','2011-08-03 15:24:44'),(2069,'六枝特',273,'2011-08-03 15:24:44','2011-08-03 15:24:44'),(2070,'水城',273,'2011-08-03 15:24:44','2011-08-03 15:24:44'),(2071,'红花岗',274,'2011-08-03 15:24:44','2011-08-03 15:24:44'),(2072,'赤水',274,'2011-08-03 15:24:44','2011-08-03 15:24:44'),(2073,'仁怀',274,'2011-08-03 15:24:44','2011-08-03 15:24:44'),(2074,'遵义',274,'2011-08-03 15:24:44','2011-08-03 15:24:44'),(2075,'桐梓',274,'2011-08-03 15:24:44','2011-08-03 15:24:44'),(2076,'绥阳',274,'2011-08-03 15:24:44','2011-08-03 15:24:44'),(2077,'正安',274,'2011-08-03 15:24:44','2011-08-03 15:24:44'),(2078,'凤冈',274,'2011-08-03 15:24:44','2011-08-03 15:24:44'),(2079,'湄潭',274,'2011-08-03 15:24:44','2011-08-03 15:24:44'),(2080,'余庆',274,'2011-08-03 15:24:44','2011-08-03 15:24:44'),(2081,'习水',274,'2011-08-03 15:24:44','2011-08-03 15:24:44'),(2082,'道真',274,'2011-08-03 15:24:44','2011-08-03 15:24:44'),(2083,'务川',274,'2011-08-03 15:24:44','2011-08-03 15:24:44'),(2084,'普定',275,'2011-08-03 15:24:44','2011-08-03 15:24:44'),(2085,'关岭',275,'2011-08-03 15:24:44','2011-08-03 15:24:44'),(2086,'镇宁',275,'2011-08-03 15:24:44','2011-08-03 15:24:44'),(2087,'紫云',275,'2011-08-03 15:24:44','2011-08-03 15:24:44'),(2088,'西秀',275,'2011-08-03 15:24:44','2011-08-03 15:24:44'),(2089,'平坝',275,'2011-08-03 15:24:44','2011-08-03 15:24:44'),(2090,'铜仁',276,'2011-08-03 15:24:44','2011-08-03 15:24:44'),(2091,'江口',276,'2011-08-03 15:24:44','2011-08-03 15:24:44'),(2092,'石阡',276,'2011-08-03 15:24:44','2011-08-03 15:24:44'),(2093,'思南',276,'2011-08-03 15:24:44','2011-08-03 15:24:44'),(2094,'德江',276,'2011-08-03 15:24:44','2011-08-03 15:24:44'),(2095,'玉屏',276,'2011-08-03 15:24:44','2011-08-03 15:24:44'),(2096,'印江',276,'2011-08-03 15:24:44','2011-08-03 15:24:44'),(2097,'沿河',276,'2011-08-03 15:24:44','2011-08-03 15:24:44'),(2098,'松桃',276,'2011-08-03 15:24:44','2011-08-03 15:24:44'),(2099,'万山特',276,'2011-08-03 15:24:44','2011-08-03 15:24:44'),(2100,'毕节',277,'2011-08-03 15:24:44','2011-08-03 15:24:44'),(2101,'大方',277,'2011-08-03 15:24:44','2011-08-03 15:24:44'),(2102,'黔西',277,'2011-08-03 15:24:44','2011-08-03 15:24:44'),(2103,'金沙',277,'2011-08-03 15:24:44','2011-08-03 15:24:44'),(2104,'织金',277,'2011-08-03 15:24:44','2011-08-03 15:24:44'),(2105,'纳雍',277,'2011-08-03 15:24:44','2011-08-03 15:24:44'),(2106,'赫章',277,'2011-08-03 15:24:44','2011-08-03 15:24:44'),(2107,'威宁',277,'2011-08-03 15:24:44','2011-08-03 15:24:44'),(2108,'兴义',278,'2011-08-03 15:24:44','2011-08-03 15:24:44'),(2109,'兴仁',278,'2011-08-03 15:24:44','2011-08-03 15:24:44'),(2110,'普安',278,'2011-08-03 15:24:44','2011-08-03 15:24:44'),(2111,'晴隆',278,'2011-08-03 15:24:44','2011-08-03 15:24:44'),(2112,'贞丰',278,'2011-08-03 15:24:44','2011-08-03 15:24:44'),(2113,'望谟',278,'2011-08-03 15:24:44','2011-08-03 15:24:44'),(2114,'册亨',278,'2011-08-03 15:24:44','2011-08-03 15:24:44'),(2115,'安龙',278,'2011-08-03 15:24:44','2011-08-03 15:24:44'),(2116,'施秉',279,'2011-08-03 15:24:44','2011-08-03 15:24:44'),(2117,'天柱',279,'2011-08-03 15:24:44','2011-08-03 15:24:44'),(2118,'三穗',279,'2011-08-03 15:24:44','2011-08-03 15:24:44'),(2119,'锦屏',279,'2011-08-03 15:24:44','2011-08-03 15:24:44'),(2120,'镇远',279,'2011-08-03 15:24:44','2011-08-03 15:24:44'),(2121,'剑河',279,'2011-08-03 15:24:44','2011-08-03 15:24:44'),(2122,'岑巩',279,'2011-08-03 15:24:44','2011-08-03 15:24:44'),(2123,'台江',279,'2011-08-03 15:24:44','2011-08-03 15:24:44'),(2124,'黎平',279,'2011-08-03 15:24:44','2011-08-03 15:24:44'),(2125,'榕江',279,'2011-08-03 15:24:44','2011-08-03 15:24:44'),(2126,'从江',279,'2011-08-03 15:24:44','2011-08-03 15:24:44'),(2127,'雷山',279,'2011-08-03 15:24:44','2011-08-03 15:24:44'),(2128,'麻江',279,'2011-08-03 15:24:44','2011-08-03 15:24:44'),(2129,'丹寨',279,'2011-08-03 15:24:44','2011-08-03 15:24:44'),(2130,'凯里',279,'2011-08-03 15:24:44','2011-08-03 15:24:44'),(2131,'黄平',279,'2011-08-03 15:24:44','2011-08-03 15:24:44'),(2132,'都匀',280,'2011-08-03 15:24:44','2011-08-03 15:24:44'),(2133,'福泉',280,'2011-08-03 15:24:44','2011-08-03 15:24:44'),(2134,'荔波',280,'2011-08-03 15:24:44','2011-08-03 15:24:44'),(2135,'贵定',280,'2011-08-03 15:24:44','2011-08-03 15:24:44'),(2136,'瓮安',280,'2011-08-03 15:24:44','2011-08-03 15:24:44'),(2137,'独山',280,'2011-08-03 15:24:44','2011-08-03 15:24:44'),(2138,'平塘',280,'2011-08-03 15:24:44','2011-08-03 15:24:44'),(2139,'罗甸',280,'2011-08-03 15:24:44','2011-08-03 15:24:44'),(2140,'长顺',280,'2011-08-03 15:24:44','2011-08-03 15:24:44'),(2141,'龙里',280,'2011-08-03 15:24:44','2011-08-03 15:24:44'),(2142,'惠水',280,'2011-08-03 15:24:44','2011-08-03 15:24:44'),(2143,'三都',280,'2011-08-03 15:24:44','2011-08-03 15:24:44'),(2144,'嵩明',281,'2011-08-03 15:24:44','2011-08-03 15:24:44'),(2145,'石林',281,'2011-08-03 15:24:44','2011-08-03 15:24:44'),(2146,'禄劝',281,'2011-08-03 15:24:44','2011-08-03 15:24:44'),(2147,'寻甸',281,'2011-08-03 15:24:44','2011-08-03 15:24:44'),(2148,'盘龙',281,'2011-08-03 15:24:44','2011-08-03 15:24:44'),(2149,'五华',281,'2011-08-03 15:24:44','2011-08-03 15:24:44'),(2150,'官渡',281,'2011-08-03 15:24:44','2011-08-03 15:24:44'),(2151,'西山',281,'2011-08-03 15:24:44','2011-08-03 15:24:44'),(2152,'东川',281,'2011-08-03 15:24:44','2011-08-03 15:24:44'),(2153,'安宁',281,'2011-08-03 15:24:44','2011-08-03 15:24:44'),(2154,'呈贡',281,'2011-08-03 15:24:44','2011-08-03 15:24:44'),(2155,'晋宁',281,'2011-08-03 15:24:44','2011-08-03 15:24:44'),(2156,'富民',281,'2011-08-03 15:24:44','2011-08-03 15:24:44'),(2157,'宜良',281,'2011-08-03 15:24:44','2011-08-03 15:24:44'),(2158,'麒麟',282,'2011-08-03 15:24:44','2011-08-03 15:24:44'),(2159,'宣威',282,'2011-08-03 15:24:44','2011-08-03 15:24:44'),(2160,'马龙',282,'2011-08-03 15:24:44','2011-08-03 15:24:44'),(2161,'沾益',282,'2011-08-03 15:24:44','2011-08-03 15:24:44'),(2162,'罗平',282,'2011-08-03 15:24:44','2011-08-03 15:24:44'),(2163,'师宗',282,'2011-08-03 15:24:44','2011-08-03 15:24:44'),(2164,'陆良',282,'2011-08-03 15:24:44','2011-08-03 15:24:44'),(2165,'会泽',282,'2011-08-03 15:24:44','2011-08-03 15:24:44'),(2166,'红塔',283,'2011-08-03 15:24:44','2011-08-03 15:24:44'),(2167,'江川',283,'2011-08-03 15:24:44','2011-08-03 15:24:44'),(2168,'澄江',283,'2011-08-03 15:24:44','2011-08-03 15:24:44'),(2169,'通海',283,'2011-08-03 15:24:44','2011-08-03 15:24:44'),(2170,'华宁',283,'2011-08-03 15:24:44','2011-08-03 15:24:44'),(2171,'易门',283,'2011-08-03 15:24:44','2011-08-03 15:24:44'),(2172,'峨山',283,'2011-08-03 15:24:44','2011-08-03 15:24:44'),(2173,'新平',283,'2011-08-03 15:24:44','2011-08-03 15:24:44'),(2174,'元江',283,'2011-08-03 15:24:44','2011-08-03 15:24:44'),(2175,'隆阳',284,'2011-08-03 15:24:44','2011-08-03 15:24:44'),(2176,'施甸',284,'2011-08-03 15:24:44','2011-08-03 15:24:44'),(2177,'腾冲',284,'2011-08-03 15:24:44','2011-08-03 15:24:44'),(2178,'龙陵',284,'2011-08-03 15:24:44','2011-08-03 15:24:44'),(2179,'昌宁',284,'2011-08-03 15:24:44','2011-08-03 15:24:44'),(2180,'绥江',285,'2011-08-03 15:24:44','2011-08-03 15:24:44'),(2181,'镇雄',285,'2011-08-03 15:24:44','2011-08-03 15:24:44'),(2182,'彝良',285,'2011-08-03 15:24:44','2011-08-03 15:24:44'),(2183,'威信',285,'2011-08-03 15:24:44','2011-08-03 15:24:44'),(2184,'水富',285,'2011-08-03 15:24:44','2011-08-03 15:24:44'),(2185,'昭阳',285,'2011-08-03 15:24:44','2011-08-03 15:24:44'),(2186,'鲁甸',285,'2011-08-03 15:24:44','2011-08-03 15:24:44'),(2187,'巧家',285,'2011-08-03 15:24:44','2011-08-03 15:24:44'),(2188,'盐津',285,'2011-08-03 15:24:44','2011-08-03 15:24:44'),(2189,'大关',285,'2011-08-03 15:24:44','2011-08-03 15:24:44'),(2190,'永善',285,'2011-08-03 15:24:44','2011-08-03 15:24:44'),(2191,'思茅',286,'2011-08-03 15:24:44','2011-08-03 15:24:44'),(2192,'普洱',286,'2011-08-03 15:24:44','2011-08-03 15:24:44'),(2193,'墨江',286,'2011-08-03 15:24:44','2011-08-03 15:24:44'),(2194,'景东',286,'2011-08-03 15:24:44','2011-08-03 15:24:44'),(2195,'景谷',286,'2011-08-03 15:24:44','2011-08-03 15:24:44'),(2196,'镇沅',286,'2011-08-03 15:24:44','2011-08-03 15:24:44'),(2197,'江城',286,'2011-08-03 15:24:44','2011-08-03 15:24:44'),(2198,'孟连',286,'2011-08-03 15:24:44','2011-08-03 15:24:44'),(2199,'澜沧',286,'2011-08-03 15:24:44','2011-08-03 15:24:44'),(2200,'西盟',286,'2011-08-03 15:24:44','2011-08-03 15:24:44'),(2201,'临沧',287,'2011-08-03 15:24:44','2011-08-03 15:24:44'),(2202,'凤庆',287,'2011-08-03 15:24:44','2011-08-03 15:24:44'),(2203,'云县',287,'2011-08-03 15:24:44','2011-08-03 15:24:44'),(2204,'永德',287,'2011-08-03 15:24:44','2011-08-03 15:24:44'),(2205,'镇康',287,'2011-08-03 15:24:44','2011-08-03 15:24:44'),(2206,'双江',287,'2011-08-03 15:24:44','2011-08-03 15:24:44'),(2207,'耿马',287,'2011-08-03 15:24:44','2011-08-03 15:24:44'),(2208,'沧源',287,'2011-08-03 15:24:44','2011-08-03 15:24:44'),(2209,'丽江',288,'2011-08-03 15:24:44','2011-08-03 15:24:44'),(2210,'永胜',288,'2011-08-03 15:24:44','2011-08-03 15:24:44'),(2211,'华坪',288,'2011-08-03 15:24:44','2011-08-03 15:24:44'),(2212,'宁蒗',288,'2011-08-03 15:24:44','2011-08-03 15:24:44'),(2213,'丘北',289,'2011-08-03 15:24:44','2011-08-03 15:24:44'),(2214,'广南',289,'2011-08-03 15:24:44','2011-08-03 15:24:44'),(2215,'富宁',289,'2011-08-03 15:24:44','2011-08-03 15:24:44'),(2216,'文山',289,'2011-08-03 15:24:44','2011-08-03 15:24:44'),(2217,'砚山',289,'2011-08-03 15:24:44','2011-08-03 15:24:44'),(2218,'西畴',289,'2011-08-03 15:24:44','2011-08-03 15:24:44'),(2219,'麻栗坡',289,'2011-08-03 15:24:44','2011-08-03 15:24:44'),(2220,'马关',289,'2011-08-03 15:24:44','2011-08-03 15:24:44'),(2221,'个旧',290,'2011-08-03 15:24:44','2011-08-03 15:24:44'),(2222,'开远',290,'2011-08-03 15:24:44','2011-08-03 15:24:44'),(2223,'蒙自',290,'2011-08-03 15:24:44','2011-08-03 15:24:44'),(2224,'绿春',290,'2011-08-03 15:24:44','2011-08-03 15:24:44'),(2225,'建水',290,'2011-08-03 15:24:44','2011-08-03 15:24:44'),(2226,'石屏',290,'2011-08-03 15:24:44','2011-08-03 15:24:44'),(2227,'弥勒',290,'2011-08-03 15:24:44','2011-08-03 15:24:44'),(2228,'泸西',290,'2011-08-03 15:24:44','2011-08-03 15:24:44'),(2229,'元阳',290,'2011-08-03 15:24:44','2011-08-03 15:24:44'),(2230,'红河',290,'2011-08-03 15:24:44','2011-08-03 15:24:44'),(2231,'金平',290,'2011-08-03 15:24:44','2011-08-03 15:24:44'),(2232,'河口',290,'2011-08-03 15:24:44','2011-08-03 15:24:44'),(2233,'屏边',290,'2011-08-03 15:24:44','2011-08-03 15:24:44'),(2234,'景洪',291,'2011-08-03 15:24:44','2011-08-03 15:24:44'),(2235,'勐海',291,'2011-08-03 15:24:44','2011-08-03 15:24:44'),(2236,'勐腊',291,'2011-08-03 15:24:44','2011-08-03 15:24:44'),(2237,'楚雄',292,'2011-08-03 15:24:44','2011-08-03 15:24:44'),(2238,'双柏',292,'2011-08-03 15:24:44','2011-08-03 15:24:44'),(2239,'牟定',292,'2011-08-03 15:24:44','2011-08-03 15:24:44'),(2240,'南华',292,'2011-08-03 15:24:44','2011-08-03 15:24:44'),(2241,'姚安',292,'2011-08-03 15:24:44','2011-08-03 15:24:44'),(2242,'大姚',292,'2011-08-03 15:24:44','2011-08-03 15:24:44'),(2243,'永仁',292,'2011-08-03 15:24:44','2011-08-03 15:24:44'),(2244,'元谋',292,'2011-08-03 15:24:44','2011-08-03 15:24:44'),(2245,'武定',292,'2011-08-03 15:24:44','2011-08-03 15:24:44'),(2246,'禄丰',292,'2011-08-03 15:24:44','2011-08-03 15:24:44'),(2247,'弥渡',293,'2011-08-03 15:24:44','2011-08-03 15:24:44'),(2248,'永平',293,'2011-08-03 15:24:44','2011-08-03 15:24:44'),(2249,'云龙',293,'2011-08-03 15:24:44','2011-08-03 15:24:44'),(2250,'洱源',293,'2011-08-03 15:24:44','2011-08-03 15:24:44'),(2251,'剑川',293,'2011-08-03 15:24:44','2011-08-03 15:24:44'),(2252,'鹤庆',293,'2011-08-03 15:24:44','2011-08-03 15:24:44'),(2253,'漾濞',293,'2011-08-03 15:24:44','2011-08-03 15:24:44'),(2254,'南涧',293,'2011-08-03 15:24:44','2011-08-03 15:24:44'),(2255,'巍山',293,'2011-08-03 15:24:44','2011-08-03 15:24:44'),(2256,'大理',293,'2011-08-03 15:24:44','2011-08-03 15:24:44'),(2257,'祥云',293,'2011-08-03 15:24:44','2011-08-03 15:24:44'),(2258,'宾川',293,'2011-08-03 15:24:44','2011-08-03 15:24:44'),(2259,'潞西',294,'2011-08-03 15:24:44','2011-08-03 15:24:44'),(2260,'瑞丽',294,'2011-08-03 15:24:44','2011-08-03 15:24:44'),(2261,'梁河',294,'2011-08-03 15:24:44','2011-08-03 15:24:44'),(2262,'盈江',294,'2011-08-03 15:24:44','2011-08-03 15:24:44'),(2263,'陇川',294,'2011-08-03 15:24:44','2011-08-03 15:24:44'),(2264,'泸水',295,'2011-08-03 15:24:44','2011-08-03 15:24:44'),(2265,'福贡',295,'2011-08-03 15:24:44','2011-08-03 15:24:44'),(2266,'贡山',295,'2011-08-03 15:24:44','2011-08-03 15:24:44'),(2267,'兰坪',295,'2011-08-03 15:24:44','2011-08-03 15:24:44'),(2268,'香格里拉',296,'2011-08-03 15:24:44','2011-08-03 15:24:44'),(2269,'德钦',296,'2011-08-03 15:24:44','2011-08-03 15:24:44'),(2270,'维西',296,'2011-08-03 15:24:44','2011-08-03 15:24:44'),(2271,'城关',297,'2011-08-03 15:24:44','2011-08-03 15:24:44'),(2272,'林周',297,'2011-08-03 15:24:44','2011-08-03 15:24:44'),(2273,'当雄',297,'2011-08-03 15:24:44','2011-08-03 15:24:44'),(2274,'尼木',297,'2011-08-03 15:24:44','2011-08-03 15:24:44'),(2275,'曲水',297,'2011-08-03 15:24:44','2011-08-03 15:24:44'),(2276,'堆龙德庆',297,'2011-08-03 15:24:44','2011-08-03 15:24:44'),(2277,'达孜',297,'2011-08-03 15:24:44','2011-08-03 15:24:44'),(2278,'墨竹工卡',297,'2011-08-03 15:24:44','2011-08-03 15:24:44'),(2279,'聂荣',298,'2011-08-03 15:24:44','2011-08-03 15:24:44'),(2280,'班戈',298,'2011-08-03 15:24:44','2011-08-03 15:24:44'),(2281,'安多',298,'2011-08-03 15:24:44','2011-08-03 15:24:44'),(2282,'巴青',298,'2011-08-03 15:24:44','2011-08-03 15:24:44'),(2283,'申扎',298,'2011-08-03 15:24:44','2011-08-03 15:24:44'),(2284,'尼玛',298,'2011-08-03 15:24:44','2011-08-03 15:24:44'),(2285,'索县',298,'2011-08-03 15:24:44','2011-08-03 15:24:44'),(2286,'那曲',298,'2011-08-03 15:24:44','2011-08-03 15:24:44'),(2287,'嘉黎',298,'2011-08-03 15:24:44','2011-08-03 15:24:44'),(2288,'比如',298,'2011-08-03 15:24:44','2011-08-03 15:24:44'),(2289,'昌都',299,'2011-08-03 15:24:44','2011-08-03 15:24:44'),(2290,'江达',299,'2011-08-03 15:24:44','2011-08-03 15:24:44'),(2291,'贡觉',299,'2011-08-03 15:24:44','2011-08-03 15:24:44'),(2292,'类乌齐',299,'2011-08-03 15:24:44','2011-08-03 15:24:44'),(2293,'丁青',299,'2011-08-03 15:24:44','2011-08-03 15:24:44'),(2294,'察雅',299,'2011-08-03 15:24:44','2011-08-03 15:24:44'),(2295,'八宿',299,'2011-08-03 15:24:44','2011-08-03 15:24:44'),(2296,'左贡',299,'2011-08-03 15:24:44','2011-08-03 15:24:44'),(2297,'芒康',299,'2011-08-03 15:24:44','2011-08-03 15:24:44'),(2298,'洛隆',299,'2011-08-03 15:24:44','2011-08-03 15:24:44'),(2299,'边坝',299,'2011-08-03 15:24:44','2011-08-03 15:24:44'),(2300,'乃东',300,'2011-08-03 15:24:44','2011-08-03 15:24:44'),(2301,'扎囊',300,'2011-08-03 15:24:44','2011-08-03 15:24:44'),(2302,'贡嘎',300,'2011-08-03 15:24:44','2011-08-03 15:24:44'),(2303,'桑日',300,'2011-08-03 15:24:44','2011-08-03 15:24:44'),(2304,'琼结',300,'2011-08-03 15:24:44','2011-08-03 15:24:44'),(2305,'曲松',300,'2011-08-03 15:24:44','2011-08-03 15:24:44'),(2306,'措美',300,'2011-08-03 15:24:44','2011-08-03 15:24:44'),(2307,'洛扎',300,'2011-08-03 15:24:44','2011-08-03 15:24:44'),(2308,'加查',300,'2011-08-03 15:24:44','2011-08-03 15:24:44'),(2309,'隆子',300,'2011-08-03 15:24:44','2011-08-03 15:24:44'),(2310,'错那',300,'2011-08-03 15:24:44','2011-08-03 15:24:44'),(2311,'浪卡子',300,'2011-08-03 15:24:44','2011-08-03 15:24:44'),(2312,'昂仁',301,'2011-08-03 15:24:44','2011-08-03 15:24:44'),(2313,'谢通门',301,'2011-08-03 15:24:44','2011-08-03 15:24:44'),(2314,'白朗',301,'2011-08-03 15:24:44','2011-08-03 15:24:44'),(2315,'仁布',301,'2011-08-03 15:24:44','2011-08-03 15:24:44'),(2316,'康马',301,'2011-08-03 15:24:44','2011-08-03 15:24:44'),(2317,'定结',301,'2011-08-03 15:24:44','2011-08-03 15:24:44'),(2318,'仲巴',301,'2011-08-03 15:24:44','2011-08-03 15:24:44'),(2319,'亚东',301,'2011-08-03 15:24:44','2011-08-03 15:24:44'),(2320,'吉隆',301,'2011-08-03 15:24:44','2011-08-03 15:24:44'),(2321,'聂拉木',301,'2011-08-03 15:24:44','2011-08-03 15:24:44'),(2322,'萨嘎',301,'2011-08-03 15:24:44','2011-08-03 15:24:44'),(2323,'岗巴',301,'2011-08-03 15:24:44','2011-08-03 15:24:44'),(2324,'日喀则',301,'2011-08-03 15:24:44','2011-08-03 15:24:44'),(2325,'南木林',301,'2011-08-03 15:24:44','2011-08-03 15:24:44'),(2326,'江孜',301,'2011-08-03 15:24:44','2011-08-03 15:24:44'),(2327,'定日',301,'2011-08-03 15:24:44','2011-08-03 15:24:44'),(2328,'萨迦',301,'2011-08-03 15:24:44','2011-08-03 15:24:44'),(2329,'拉孜',301,'2011-08-03 15:24:44','2011-08-03 15:24:44'),(2330,'噶尔',302,'2011-08-03 15:24:44','2011-08-03 15:24:44'),(2331,'普兰',302,'2011-08-03 15:24:44','2011-08-03 15:24:44'),(2332,'札达',302,'2011-08-03 15:24:44','2011-08-03 15:24:44'),(2333,'日土',302,'2011-08-03 15:24:44','2011-08-03 15:24:44'),(2334,'革吉',302,'2011-08-03 15:24:44','2011-08-03 15:24:44'),(2335,'改则',302,'2011-08-03 15:24:44','2011-08-03 15:24:44'),(2336,'措勤',302,'2011-08-03 15:24:44','2011-08-03 15:24:44'),(2337,'林芝',303,'2011-08-03 15:24:44','2011-08-03 15:24:44'),(2338,'工布江达',303,'2011-08-03 15:24:44','2011-08-03 15:24:44'),(2339,'米林',303,'2011-08-03 15:24:44','2011-08-03 15:24:44'),(2340,'墨脱',303,'2011-08-03 15:24:44','2011-08-03 15:24:44'),(2341,'波密',303,'2011-08-03 15:24:44','2011-08-03 15:24:44'),(2342,'察隅',303,'2011-08-03 15:24:44','2011-08-03 15:24:44'),(2343,'朗县',303,'2011-08-03 15:24:44','2011-08-03 15:24:44'),(2344,'阎良',304,'2011-08-03 15:24:44','2011-08-03 15:24:44'),(2345,'临潼',304,'2011-08-03 15:24:44','2011-08-03 15:24:44'),(2346,'长安',304,'2011-08-03 15:24:44','2011-08-03 15:24:44'),(2347,'蓝田',304,'2011-08-03 15:24:44','2011-08-03 15:24:44'),(2348,'周至',304,'2011-08-03 15:24:44','2011-08-03 15:24:44'),(2349,'户县',304,'2011-08-03 15:24:44','2011-08-03 15:24:44'),(2350,'高陵',304,'2011-08-03 15:24:44','2011-08-03 15:24:44'),(2351,'莲湖',304,'2011-08-03 15:24:44','2011-08-03 15:24:44'),(2352,'新城',304,'2011-08-03 15:24:44','2011-08-03 15:24:44'),(2353,'碑林',304,'2011-08-03 15:24:44','2011-08-03 15:24:44'),(2354,'灞桥',304,'2011-08-03 15:24:44','2011-08-03 15:24:44'),(2355,'未央',304,'2011-08-03 15:24:44','2011-08-03 15:24:44'),(2356,'雁塔',304,'2011-08-03 15:24:44','2011-08-03 15:24:44'),(2357,'王益',305,'2011-08-03 15:24:44','2011-08-03 15:24:44'),(2358,'印台',305,'2011-08-03 15:24:44','2011-08-03 15:24:44'),(2359,'耀州',305,'2011-08-03 15:24:44','2011-08-03 15:24:44'),(2360,'宜君',305,'2011-08-03 15:24:44','2011-08-03 15:24:44'),(2361,'渭滨',306,'2011-08-03 15:24:44','2011-08-03 15:24:44'),(2362,'金台',306,'2011-08-03 15:24:44','2011-08-03 15:24:44'),(2363,'宝鸡',306,'2011-08-03 15:24:44','2011-08-03 15:24:44'),(2364,'凤翔',306,'2011-08-03 15:24:44','2011-08-03 15:24:44'),(2365,'岐山',306,'2011-08-03 15:24:44','2011-08-03 15:24:44'),(2366,'扶风',306,'2011-08-03 15:24:44','2011-08-03 15:24:44'),(2367,'眉县',306,'2011-08-03 15:24:44','2011-08-03 15:24:44'),(2368,'陇县',306,'2011-08-03 15:24:44','2011-08-03 15:24:44'),(2369,'千阳',306,'2011-08-03 15:24:44','2011-08-03 15:24:44'),(2370,'麟游',306,'2011-08-03 15:24:44','2011-08-03 15:24:44'),(2371,'凤县',306,'2011-08-03 15:24:44','2011-08-03 15:24:44'),(2372,'太白',306,'2011-08-03 15:24:44','2011-08-03 15:24:44'),(2373,'彬县',307,'2011-08-03 15:24:44','2011-08-03 15:24:44'),(2374,'长武',307,'2011-08-03 15:24:44','2011-08-03 15:24:44'),(2375,'旬邑',307,'2011-08-03 15:24:44','2011-08-03 15:24:44'),(2376,'淳化',307,'2011-08-03 15:24:44','2011-08-03 15:24:44'),(2377,'武功',307,'2011-08-03 15:24:44','2011-08-03 15:24:44'),(2378,'秦都',307,'2011-08-03 15:24:44','2011-08-03 15:24:44'),(2379,'杨凌',307,'2011-08-03 15:24:44','2011-08-03 15:24:44'),(2380,'渭城',307,'2011-08-03 15:24:44','2011-08-03 15:24:44'),(2381,'兴平',307,'2011-08-03 15:24:44','2011-08-03 15:24:44'),(2382,'三原',307,'2011-08-03 15:24:44','2011-08-03 15:24:44'),(2383,'泾阳',307,'2011-08-03 15:24:44','2011-08-03 15:24:44'),(2384,'乾县',307,'2011-08-03 15:24:44','2011-08-03 15:24:44'),(2385,'礼泉',307,'2011-08-03 15:24:44','2011-08-03 15:24:44'),(2386,'永寿',307,'2011-08-03 15:24:44','2011-08-03 15:24:44'),(2387,'临渭',308,'2011-08-03 15:24:44','2011-08-03 15:24:44'),(2388,'华阴',308,'2011-08-03 15:24:44','2011-08-03 15:24:44'),(2389,'韩城',308,'2011-08-03 15:24:44','2011-08-03 15:24:44'),(2390,'华县',308,'2011-08-03 15:24:44','2011-08-03 15:24:44'),(2391,'潼关',308,'2011-08-03 15:24:44','2011-08-03 15:24:44'),(2392,'大荔',308,'2011-08-03 15:24:44','2011-08-03 15:24:44'),(2393,'蒲城',308,'2011-08-03 15:24:44','2011-08-03 15:24:44'),(2394,'澄城',308,'2011-08-03 15:24:44','2011-08-03 15:24:44'),(2395,'白水',308,'2011-08-03 15:24:44','2011-08-03 15:24:44'),(2396,'合阳',308,'2011-08-03 15:24:44','2011-08-03 15:24:44'),(2397,'富平',308,'2011-08-03 15:24:44','2011-08-03 15:24:44'),(2398,'宝塔',309,'2011-08-03 15:24:44','2011-08-03 15:24:44'),(2399,'延长',309,'2011-08-03 15:24:44','2011-08-03 15:24:44'),(2400,'延川',309,'2011-08-03 15:24:44','2011-08-03 15:24:44'),(2401,'子长',309,'2011-08-03 15:24:44','2011-08-03 15:24:44'),(2402,'安塞',309,'2011-08-03 15:24:44','2011-08-03 15:24:44'),(2403,'志丹',309,'2011-08-03 15:24:44','2011-08-03 15:24:44'),(2404,'吴旗',309,'2011-08-03 15:24:44','2011-08-03 15:24:44'),(2405,'甘泉',309,'2011-08-03 15:24:44','2011-08-03 15:24:44'),(2406,'富县',309,'2011-08-03 15:24:44','2011-08-03 15:24:44'),(2407,'洛川',309,'2011-08-03 15:24:44','2011-08-03 15:24:44'),(2408,'宜川',309,'2011-08-03 15:24:44','2011-08-03 15:24:44'),(2409,'黄龙',309,'2011-08-03 15:24:44','2011-08-03 15:24:44'),(2410,'黄陵',309,'2011-08-03 15:24:44','2011-08-03 15:24:44'),(2411,'洋县',310,'2011-08-03 15:24:44','2011-08-03 15:24:44'),(2412,'西乡',310,'2011-08-03 15:24:44','2011-08-03 15:24:44'),(2413,'勉县',310,'2011-08-03 15:24:44','2011-08-03 15:24:44'),(2414,'宁强',310,'2011-08-03 15:24:44','2011-08-03 15:24:44'),(2415,'略阳',310,'2011-08-03 15:24:44','2011-08-03 15:24:44'),(2416,'镇巴',310,'2011-08-03 15:24:44','2011-08-03 15:24:44'),(2417,'留坝',310,'2011-08-03 15:24:44','2011-08-03 15:24:44'),(2418,'佛坪',310,'2011-08-03 15:24:44','2011-08-03 15:24:44'),(2419,'汉台',310,'2011-08-03 15:24:44','2011-08-03 15:24:44'),(2420,'南郑',310,'2011-08-03 15:24:44','2011-08-03 15:24:44'),(2421,'城固',310,'2011-08-03 15:24:44','2011-08-03 15:24:44'),(2422,'榆阳',311,'2011-08-03 15:24:44','2011-08-03 15:24:44'),(2423,'神木',311,'2011-08-03 15:24:44','2011-08-03 15:24:44'),(2424,'府谷',311,'2011-08-03 15:24:44','2011-08-03 15:24:44'),(2425,'横山',311,'2011-08-03 15:24:44','2011-08-03 15:24:44'),(2426,'靖边',311,'2011-08-03 15:24:44','2011-08-03 15:24:44'),(2427,'定边',311,'2011-08-03 15:24:44','2011-08-03 15:24:44'),(2428,'绥德',311,'2011-08-03 15:24:44','2011-08-03 15:24:44'),(2429,'米脂',311,'2011-08-03 15:24:44','2011-08-03 15:24:44'),(2430,'佳县',311,'2011-08-03 15:24:44','2011-08-03 15:24:44'),(2431,'吴堡',311,'2011-08-03 15:24:44','2011-08-03 15:24:44'),(2432,'清涧',311,'2011-08-03 15:24:44','2011-08-03 15:24:44'),(2433,'子洲',311,'2011-08-03 15:24:44','2011-08-03 15:24:44'),(2434,'汉滨',312,'2011-08-03 15:24:44','2011-08-03 15:24:44'),(2435,'汉阴',312,'2011-08-03 15:24:44','2011-08-03 15:24:44'),(2436,'石泉',312,'2011-08-03 15:24:44','2011-08-03 15:24:44'),(2437,'宁陕',312,'2011-08-03 15:24:44','2011-08-03 15:24:44'),(2438,'紫阳',312,'2011-08-03 15:24:44','2011-08-03 15:24:44'),(2439,'岚皋',312,'2011-08-03 15:24:44','2011-08-03 15:24:44'),(2440,'平利',312,'2011-08-03 15:24:44','2011-08-03 15:24:44'),(2441,'镇坪',312,'2011-08-03 15:24:44','2011-08-03 15:24:44'),(2442,'旬阳',312,'2011-08-03 15:24:44','2011-08-03 15:24:44'),(2443,'白河',312,'2011-08-03 15:24:44','2011-08-03 15:24:44'),(2444,'柞水',313,'2011-08-03 15:24:44','2011-08-03 15:24:44'),(2445,'丹凤',313,'2011-08-03 15:24:44','2011-08-03 15:24:44'),(2446,'商南',313,'2011-08-03 15:24:44','2011-08-03 15:24:44'),(2447,'山阳',313,'2011-08-03 15:24:44','2011-08-03 15:24:44'),(2448,'镇安',313,'2011-08-03 15:24:44','2011-08-03 15:24:44'),(2449,'商州',313,'2011-08-03 15:24:44','2011-08-03 15:24:44'),(2450,'洛南',313,'2011-08-03 15:24:44','2011-08-03 15:24:44'),(2451,'城关',314,'2011-08-03 15:24:44','2011-08-03 15:24:44'),(2452,'七里河',314,'2011-08-03 15:24:44','2011-08-03 15:24:44'),(2453,'西固',314,'2011-08-03 15:24:44','2011-08-03 15:24:44'),(2454,'安宁',314,'2011-08-03 15:24:44','2011-08-03 15:24:44'),(2455,'红古',314,'2011-08-03 15:24:44','2011-08-03 15:24:44'),(2456,'永登',314,'2011-08-03 15:24:44','2011-08-03 15:24:44'),(2457,'皋兰',314,'2011-08-03 15:24:44','2011-08-03 15:24:44'),(2458,'榆中',314,'2011-08-03 15:24:44','2011-08-03 15:24:44'),(2459,'金川',315,'2011-08-03 15:24:44','2011-08-03 15:24:44'),(2460,'永昌',315,'2011-08-03 15:24:44','2011-08-03 15:24:44'),(2461,'白银',316,'2011-08-03 15:24:44','2011-08-03 15:24:44'),(2462,'平川',316,'2011-08-03 15:24:44','2011-08-03 15:24:44'),(2463,'靖远',316,'2011-08-03 15:24:44','2011-08-03 15:24:44'),(2464,'会宁',316,'2011-08-03 15:24:44','2011-08-03 15:24:44'),(2465,'景泰',316,'2011-08-03 15:24:44','2011-08-03 15:24:44'),(2466,'秦城',317,'2011-08-03 15:24:44','2011-08-03 15:24:44'),(2467,'北道',317,'2011-08-03 15:24:44','2011-08-03 15:24:44'),(2468,'清水',317,'2011-08-03 15:24:44','2011-08-03 15:24:44'),(2469,'秦安',317,'2011-08-03 15:24:44','2011-08-03 15:24:44'),(2470,'甘谷',317,'2011-08-03 15:24:44','2011-08-03 15:24:44'),(2471,'武山',317,'2011-08-03 15:24:44','2011-08-03 15:24:44'),(2472,'张家川',317,'2011-08-03 15:24:44','2011-08-03 15:24:44'),(2473,'凉州',319,'2011-08-03 15:24:44','2011-08-03 15:24:44'),(2474,'民勤',319,'2011-08-03 15:24:44','2011-08-03 15:24:44'),(2475,'古浪',319,'2011-08-03 15:24:44','2011-08-03 15:24:44'),(2476,'天祝',319,'2011-08-03 15:24:44','2011-08-03 15:24:44'),(2477,'肃南',320,'2011-08-03 15:24:44','2011-08-03 15:24:44'),(2478,'甘州',320,'2011-08-03 15:24:44','2011-08-03 15:24:44'),(2479,'民乐',320,'2011-08-03 15:24:44','2011-08-03 15:24:44'),(2480,'临泽',320,'2011-08-03 15:24:44','2011-08-03 15:24:44'),(2481,'高台',320,'2011-08-03 15:24:44','2011-08-03 15:24:44'),(2482,'山丹',320,'2011-08-03 15:24:44','2011-08-03 15:24:44'),(2483,'崆峒',321,'2011-08-03 15:24:44','2011-08-03 15:24:44'),(2484,'泾川',321,'2011-08-03 15:24:44','2011-08-03 15:24:44'),(2485,'灵台',321,'2011-08-03 15:24:44','2011-08-03 15:24:44'),(2486,'崇信',321,'2011-08-03 15:24:44','2011-08-03 15:24:44'),(2487,'华亭',321,'2011-08-03 15:24:44','2011-08-03 15:24:44'),(2488,'庄浪',321,'2011-08-03 15:24:44','2011-08-03 15:24:44'),(2489,'静宁',321,'2011-08-03 15:24:44','2011-08-03 15:24:44'),(2490,'肃州',322,'2011-08-03 15:24:44','2011-08-03 15:24:44'),(2491,'玉门',322,'2011-08-03 15:24:44','2011-08-03 15:24:44'),(2492,'敦煌',322,'2011-08-03 15:24:44','2011-08-03 15:24:44'),(2493,'金塔',322,'2011-08-03 15:24:44','2011-08-03 15:24:44'),(2494,'安西',322,'2011-08-03 15:24:44','2011-08-03 15:24:44'),(2495,'肃北',322,'2011-08-03 15:24:44','2011-08-03 15:24:44'),(2496,'阿克塞',322,'2011-08-03 15:24:44','2011-08-03 15:24:44'),(2497,'西峰',323,'2011-08-03 15:24:44','2011-08-03 15:24:44'),(2498,'庆城',323,'2011-08-03 15:24:44','2011-08-03 15:24:44'),(2499,'环县',323,'2011-08-03 15:24:44','2011-08-03 15:24:44'),(2500,'华池',323,'2011-08-03 15:24:44','2011-08-03 15:24:44'),(2501,'合水',323,'2011-08-03 15:24:44','2011-08-03 15:24:44'),(2502,'正宁',323,'2011-08-03 15:24:44','2011-08-03 15:24:44'),(2503,'宁县',323,'2011-08-03 15:24:44','2011-08-03 15:24:44'),(2504,'镇原',323,'2011-08-03 15:24:44','2011-08-03 15:24:44'),(2505,'定西',324,'2011-08-03 15:24:44','2011-08-03 15:24:44'),(2506,'通渭',324,'2011-08-03 15:24:44','2011-08-03 15:24:44'),(2507,'临洮',324,'2011-08-03 15:24:44','2011-08-03 15:24:44'),(2508,'漳县',324,'2011-08-03 15:24:44','2011-08-03 15:24:44'),(2509,'岷县',324,'2011-08-03 15:24:44','2011-08-03 15:24:44'),(2510,'渭源',324,'2011-08-03 15:24:44','2011-08-03 15:24:44'),(2511,'陇西',324,'2011-08-03 15:24:44','2011-08-03 15:24:44'),(2512,'宕昌',325,'2011-08-03 15:24:44','2011-08-03 15:24:44'),(2513,'康县',325,'2011-08-03 15:24:44','2011-08-03 15:24:44'),(2514,'文县',325,'2011-08-03 15:24:44','2011-08-03 15:24:44'),(2515,'西和',325,'2011-08-03 15:24:44','2011-08-03 15:24:44'),(2516,'礼县',325,'2011-08-03 15:24:44','2011-08-03 15:24:44'),(2517,'两当',325,'2011-08-03 15:24:44','2011-08-03 15:24:44'),(2518,'徽县',325,'2011-08-03 15:24:44','2011-08-03 15:24:44'),(2519,'成县',325,'2011-08-03 15:24:44','2011-08-03 15:24:44'),(2520,'武都',325,'2011-08-03 15:24:44','2011-08-03 15:24:44'),(2521,'合作',326,'2011-08-03 15:24:44','2011-08-03 15:24:44'),(2522,'临潭',326,'2011-08-03 15:24:44','2011-08-03 15:24:44'),(2523,'卓尼',326,'2011-08-03 15:24:44','2011-08-03 15:24:44'),(2524,'舟曲',326,'2011-08-03 15:24:44','2011-08-03 15:24:44'),(2525,'迭部',326,'2011-08-03 15:24:44','2011-08-03 15:24:44'),(2526,'玛曲',326,'2011-08-03 15:24:44','2011-08-03 15:24:44'),(2527,'碌曲',326,'2011-08-03 15:24:44','2011-08-03 15:24:44'),(2528,'夏河',326,'2011-08-03 15:24:44','2011-08-03 15:24:44'),(2529,'临夏',327,'2011-08-03 15:24:44','2011-08-03 15:24:44'),(2530,'临夏',327,'2011-08-03 15:24:44','2011-08-03 15:24:44'),(2531,'康乐',327,'2011-08-03 15:24:44','2011-08-03 15:24:44'),(2532,'永靖',327,'2011-08-03 15:24:44','2011-08-03 15:24:44'),(2533,'广河',327,'2011-08-03 15:24:44','2011-08-03 15:24:44'),(2534,'和政',327,'2011-08-03 15:24:44','2011-08-03 15:24:44'),(2535,'东乡族自治县',327,'2011-08-03 15:24:44','2011-08-03 15:24:44'),(2536,'积石山',327,'2011-08-03 15:24:44','2011-08-03 15:24:44'),(2537,'城中',328,'2011-08-03 15:24:44','2011-08-03 15:24:44'),(2538,'城东',328,'2011-08-03 15:24:44','2011-08-03 15:24:44'),(2539,'城西',328,'2011-08-03 15:24:44','2011-08-03 15:24:44'),(2540,'城北',328,'2011-08-03 15:24:44','2011-08-03 15:24:44'),(2541,'大通',328,'2011-08-03 15:24:44','2011-08-03 15:24:44'),(2542,'湟源',328,'2011-08-03 15:24:44','2011-08-03 15:24:44'),(2543,'湟中',328,'2011-08-03 15:24:44','2011-08-03 15:24:44'),(2544,'民和',329,'2011-08-03 15:24:44','2011-08-03 15:24:44'),(2545,'互助',329,'2011-08-03 15:24:44','2011-08-03 15:24:44'),(2546,'化隆',329,'2011-08-03 15:24:44','2011-08-03 15:24:44'),(2547,'循化',329,'2011-08-03 15:24:44','2011-08-03 15:24:44'),(2548,'平安',329,'2011-08-03 15:24:44','2011-08-03 15:24:44'),(2549,'乐都',329,'2011-08-03 15:24:44','2011-08-03 15:24:44'),(2550,'海晏',330,'2011-08-03 15:24:44','2011-08-03 15:24:44'),(2551,'祁连',330,'2011-08-03 15:24:44','2011-08-03 15:24:44'),(2552,'刚察',330,'2011-08-03 15:24:44','2011-08-03 15:24:44'),(2553,'门源',330,'2011-08-03 15:24:44','2011-08-03 15:24:44'),(2554,'同仁',331,'2011-08-03 15:24:44','2011-08-03 15:24:44'),(2555,'尖扎',331,'2011-08-03 15:24:44','2011-08-03 15:24:44'),(2556,'泽库',331,'2011-08-03 15:24:44','2011-08-03 15:24:44'),(2557,'河南',331,'2011-08-03 15:24:44','2011-08-03 15:24:44'),(2558,'共和',332,'2011-08-03 15:24:44','2011-08-03 15:24:44'),(2559,'同德',332,'2011-08-03 15:24:44','2011-08-03 15:24:44'),(2560,'贵德',332,'2011-08-03 15:24:44','2011-08-03 15:24:44'),(2561,'兴海',332,'2011-08-03 15:24:44','2011-08-03 15:24:44'),(2562,'贵南',332,'2011-08-03 15:24:44','2011-08-03 15:24:44'),(2563,'玛沁',333,'2011-08-03 15:24:44','2011-08-03 15:24:44'),(2564,'班玛',333,'2011-08-03 15:24:44','2011-08-03 15:24:44'),(2565,'甘德',333,'2011-08-03 15:24:44','2011-08-03 15:24:44'),(2566,'达日',333,'2011-08-03 15:24:44','2011-08-03 15:24:44'),(2567,'久治',333,'2011-08-03 15:24:44','2011-08-03 15:24:44'),(2568,'玛多',333,'2011-08-03 15:24:44','2011-08-03 15:24:44'),(2569,'玉树',334,'2011-08-03 15:24:44','2011-08-03 15:24:44'),(2570,'杂多',334,'2011-08-03 15:24:44','2011-08-03 15:24:44'),(2571,'称多',334,'2011-08-03 15:24:44','2011-08-03 15:24:44'),(2572,'治多',334,'2011-08-03 15:24:44','2011-08-03 15:24:44'),(2573,'囊谦',334,'2011-08-03 15:24:44','2011-08-03 15:24:44'),(2574,'曲麻莱',334,'2011-08-03 15:24:44','2011-08-03 15:24:44'),(2575,'都兰',335,'2011-08-03 15:24:44','2011-08-03 15:24:44'),(2576,'天峻',335,'2011-08-03 15:24:44','2011-08-03 15:24:44'),(2577,'德令哈',335,'2011-08-03 15:24:44','2011-08-03 15:24:44'),(2578,'格尔木',335,'2011-08-03 15:24:44','2011-08-03 15:24:44'),(2579,'乌兰',335,'2011-08-03 15:24:44','2011-08-03 15:24:44'),(2580,'西夏',336,'2011-08-03 15:24:44','2011-08-03 15:24:44'),(2581,'贺兰',336,'2011-08-03 15:24:44','2011-08-03 15:24:44'),(2582,'新城',336,'2011-08-03 15:24:44','2011-08-03 15:24:44'),(2583,'郊区',336,'2011-08-03 15:24:44','2011-08-03 15:24:44'),(2584,'大武口',337,'2011-08-03 15:24:44','2011-08-03 15:24:44'),(2585,'石嘴山',337,'2011-08-03 15:24:44','2011-08-03 15:24:44'),(2586,'平罗',337,'2011-08-03 15:24:44','2011-08-03 15:24:44'),(2587,'陶乐',337,'2011-08-03 15:24:44','2011-08-03 15:24:44'),(2588,'惠农',337,'2011-08-03 15:24:44','2011-08-03 15:24:44'),(2589,'利通',338,'2011-08-03 15:24:44','2011-08-03 15:24:44'),(2590,'青铜峡',338,'2011-08-03 15:24:44','2011-08-03 15:24:44'),(2591,'中卫',338,'2011-08-03 15:24:44','2011-08-03 15:24:44'),(2592,'中宁',338,'2011-08-03 15:24:44','2011-08-03 15:24:44'),(2593,'盐池',338,'2011-08-03 15:24:44','2011-08-03 15:24:44'),(2594,'同心',338,'2011-08-03 15:24:44','2011-08-03 15:24:44'),(2595,'原州',339,'2011-08-03 15:24:44','2011-08-03 15:24:44'),(2596,'海原',339,'2011-08-03 15:24:44','2011-08-03 15:24:44'),(2597,'西吉',339,'2011-08-03 15:24:44','2011-08-03 15:24:44'),(2598,'隆德',339,'2011-08-03 15:24:44','2011-08-03 15:24:44'),(2599,'泾源',339,'2011-08-03 15:24:44','2011-08-03 15:24:44'),(2600,'彭阳',339,'2011-08-03 15:24:44','2011-08-03 15:24:44'),(2601,'天山',340,'2011-08-03 15:24:44','2011-08-03 15:24:44'),(2602,'沙依巴克',340,'2011-08-03 15:24:44','2011-08-03 15:24:44'),(2603,'新市',340,'2011-08-03 15:24:44','2011-08-03 15:24:44'),(2604,'水磨沟',340,'2011-08-03 15:24:44','2011-08-03 15:24:44'),(2605,'头屯河',340,'2011-08-03 15:24:44','2011-08-03 15:24:44'),(2606,'达坂城',340,'2011-08-03 15:24:44','2011-08-03 15:24:44'),(2607,'乌鲁木齐',340,'2011-08-03 15:24:44','2011-08-03 15:24:44'),(2608,'白碱滩',341,'2011-08-03 15:24:44','2011-08-03 15:24:44'),(2609,'乌尔禾',341,'2011-08-03 15:24:44','2011-08-03 15:24:44'),(2610,'克拉玛依',341,'2011-08-03 15:24:44','2011-08-03 15:24:44'),(2611,'独山子',341,'2011-08-03 15:24:44','2011-08-03 15:24:44'),(2612,'托克逊',343,'2011-08-03 15:24:44','2011-08-03 15:24:44'),(2613,'吐鲁番',343,'2011-08-03 15:24:44','2011-08-03 15:24:44'),(2614,'鄯善',343,'2011-08-03 15:24:44','2011-08-03 15:24:44'),(2615,'哈密',344,'2011-08-03 15:24:44','2011-08-03 15:24:44'),(2616,'伊吾',344,'2011-08-03 15:24:44','2011-08-03 15:24:44'),(2617,'巴里坤',344,'2011-08-03 15:24:44','2011-08-03 15:24:44'),(2618,'和田',345,'2011-08-03 15:24:44','2011-08-03 15:24:44'),(2619,'和田',345,'2011-08-03 15:24:44','2011-08-03 15:24:44'),(2620,'墨玉',345,'2011-08-03 15:24:44','2011-08-03 15:24:44'),(2621,'皮山',345,'2011-08-03 15:24:44','2011-08-03 15:24:44'),(2622,'洛浦',345,'2011-08-03 15:24:44','2011-08-03 15:24:44'),(2623,'策勒',345,'2011-08-03 15:24:44','2011-08-03 15:24:44'),(2624,'于田',345,'2011-08-03 15:24:44','2011-08-03 15:24:44'),(2625,'民丰',345,'2011-08-03 15:24:44','2011-08-03 15:24:44'),(2626,'阿克苏',346,'2011-08-03 15:24:44','2011-08-03 15:24:44'),(2627,'温宿',346,'2011-08-03 15:24:44','2011-08-03 15:24:44'),(2628,'库车',346,'2011-08-03 15:24:44','2011-08-03 15:24:44'),(2629,'沙雅',346,'2011-08-03 15:24:44','2011-08-03 15:24:44'),(2630,'新和',346,'2011-08-03 15:24:44','2011-08-03 15:24:44'),(2631,'拜城',346,'2011-08-03 15:24:44','2011-08-03 15:24:44'),(2632,'乌什',346,'2011-08-03 15:24:44','2011-08-03 15:24:44'),(2633,'阿瓦提',346,'2011-08-03 15:24:44','2011-08-03 15:24:44'),(2634,'柯坪',346,'2011-08-03 15:24:44','2011-08-03 15:24:44'),(2635,'塔什库尔干塔吉克',347,'2011-08-03 15:24:44','2011-08-03 15:24:44'),(2636,'喀什',347,'2011-08-03 15:24:44','2011-08-03 15:24:44'),(2637,'疏附',347,'2011-08-03 15:24:44','2011-08-03 15:24:44'),(2638,'疏勒',347,'2011-08-03 15:24:44','2011-08-03 15:24:44'),(2639,'英吉沙',347,'2011-08-03 15:24:44','2011-08-03 15:24:44'),(2640,'泽普',347,'2011-08-03 15:24:44','2011-08-03 15:24:44'),(2641,'莎车',347,'2011-08-03 15:24:44','2011-08-03 15:24:44'),(2642,'叶城',347,'2011-08-03 15:24:44','2011-08-03 15:24:44'),(2643,'麦盖提',347,'2011-08-03 15:24:44','2011-08-03 15:24:44'),(2644,'岳普湖',347,'2011-08-03 15:24:44','2011-08-03 15:24:44'),(2645,'伽师',347,'2011-08-03 15:24:44','2011-08-03 15:24:44'),(2646,'巴楚',347,'2011-08-03 15:24:44','2011-08-03 15:24:44'),(2647,'阿克陶',348,'2011-08-03 15:24:44','2011-08-03 15:24:44'),(2648,'阿合奇',348,'2011-08-03 15:24:44','2011-08-03 15:24:44'),(2649,'乌恰',348,'2011-08-03 15:24:44','2011-08-03 15:24:44'),(2650,'库尔勒',349,'2011-08-03 15:24:44','2011-08-03 15:24:44'),(2651,'轮台',349,'2011-08-03 15:24:44','2011-08-03 15:24:44'),(2652,'尉犁',349,'2011-08-03 15:24:44','2011-08-03 15:24:44'),(2653,'若羌',349,'2011-08-03 15:24:44','2011-08-03 15:24:44'),(2654,'且末',349,'2011-08-03 15:24:44','2011-08-03 15:24:44'),(2655,'和静',349,'2011-08-03 15:24:44','2011-08-03 15:24:44'),(2656,'和硕',349,'2011-08-03 15:24:44','2011-08-03 15:24:44'),(2657,'博湖',349,'2011-08-03 15:24:44','2011-08-03 15:24:44'),(2658,'焉耆',349,'2011-08-03 15:24:44','2011-08-03 15:24:44'),(2659,'	昌吉',350,'2011-08-03 15:24:44','2011-08-03 15:24:44'),(2660,'阜康',350,'2011-08-03 15:24:44','2011-08-03 15:24:44'),(2661,'米泉',350,'2011-08-03 15:24:44','2011-08-03 15:24:44'),(2662,'呼图壁',350,'2011-08-03 15:24:44','2011-08-03 15:24:44'),(2663,'玛纳斯',350,'2011-08-03 15:24:44','2011-08-03 15:24:44'),(2664,'奇台',350,'2011-08-03 15:24:44','2011-08-03 15:24:44'),(2665,'吉木萨尔',350,'2011-08-03 15:24:44','2011-08-03 15:24:44'),(2666,'木垒',350,'2011-08-03 15:24:44','2011-08-03 15:24:44'),(2667,'博乐',351,'2011-08-03 15:24:44','2011-08-03 15:24:44'),(2668,'精河',351,'2011-08-03 15:24:44','2011-08-03 15:24:44'),(2669,'温泉',351,'2011-08-03 15:24:44','2011-08-03 15:24:44'),(2670,'察布查尔锡伯',352,'2011-08-03 15:24:44','2011-08-03 15:24:44'),(2671,'奎屯',352,'2011-08-03 15:24:44','2011-08-03 15:24:44'),(2672,'伊宁',352,'2011-08-03 15:24:44','2011-08-03 15:24:44'),(2673,'霍城',352,'2011-08-03 15:24:44','2011-08-03 15:24:44'),(2674,'巩留',352,'2011-08-03 15:24:44','2011-08-03 15:24:44'),(2675,'新源',352,'2011-08-03 15:24:44','2011-08-03 15:24:44'),(2676,'昭苏',352,'2011-08-03 15:24:44','2011-08-03 15:24:44'),(2677,'特克斯',352,'2011-08-03 15:24:44','2011-08-03 15:24:44'),(2678,'尼勒克',352,'2011-08-03 15:24:44','2011-08-03 15:24:44'),(2679,'塔城',353,'2011-08-03 15:24:44','2011-08-03 15:24:44'),(2680,'乌苏',353,'2011-08-03 15:24:44','2011-08-03 15:24:44'),(2681,'额敏',353,'2011-08-03 15:24:44','2011-08-03 15:24:44'),(2682,'沙湾',353,'2011-08-03 15:24:44','2011-08-03 15:24:44'),(2683,'托里',353,'2011-08-03 15:24:44','2011-08-03 15:24:44'),(2684,'裕民',353,'2011-08-03 15:24:44','2011-08-03 15:24:44'),(2685,'和布克赛尔',353,'2011-08-03 15:24:44','2011-08-03 15:24:44'),(2686,'阿勒泰',354,'2011-08-03 15:24:44','2011-08-03 15:24:44'),(2687,'布尔津',354,'2011-08-03 15:24:44','2011-08-03 15:24:44'),(2688,'富蕴',354,'2011-08-03 15:24:44','2011-08-03 15:24:44'),(2689,'福海',354,'2011-08-03 15:24:44','2011-08-03 15:24:44'),(2690,'哈巴河',354,'2011-08-03 15:24:44','2011-08-03 15:24:44'),(2691,'青河',354,'2011-08-03 15:24:44','2011-08-03 15:24:44'),(2692,'吉木乃',354,'2011-08-03 15:24:44','2011-08-03 15:24:44'),(2693,'奉贤',355,'2011-08-03 15:24:44','2011-08-03 15:24:44'),(2694,'黄浦',355,'2011-08-03 15:24:44','2011-08-03 15:24:44'),(2695,'卢湾',355,'2011-08-03 15:24:44','2011-08-03 15:24:44'),(2696,'徐汇',355,'2011-08-03 15:24:44','2011-08-03 15:24:44'),(2697,'长宁',355,'2011-08-03 15:24:44','2011-08-03 15:24:44'),(2698,'静安',355,'2011-08-03 15:24:44','2011-08-03 15:24:44'),(2699,'普陀',355,'2011-08-03 15:24:44','2011-08-03 15:24:44'),(2700,'闸北',355,'2011-08-03 15:24:44','2011-08-03 15:24:44'),(2701,'虹口',355,'2011-08-03 15:24:44','2011-08-03 15:24:44'),(2702,'杨浦',355,'2011-08-03 15:24:44','2011-08-03 15:24:44'),(2703,'宝山',355,'2011-08-03 15:24:44','2011-08-03 15:24:44'),(2704,'闵行',355,'2011-08-03 15:24:44','2011-08-03 15:24:44'),(2705,'嘉定',355,'2011-08-03 15:24:44','2011-08-03 15:24:44'),(2706,'浦东新',355,'2011-08-03 15:24:44','2011-08-03 15:24:44'),(2707,'松江',355,'2011-08-03 15:24:44','2011-08-03 15:24:44'),(2708,'金山',355,'2011-08-03 15:24:44','2011-08-03 15:24:44'),(2709,'青浦',355,'2011-08-03 15:24:44','2011-08-03 15:24:44'),(2710,'南汇',355,'2011-08-03 15:24:44','2011-08-03 15:24:44'),(2711,'崇明',356,'2011-08-03 15:24:44','2011-08-03 15:24:44'),(2712,'渝中',357,'2011-08-03 15:24:44','2011-08-03 15:24:44'),(2713,'大渡口',357,'2011-08-03 15:24:44','2011-08-03 15:24:44'),(2714,'江北',357,'2011-08-03 15:24:44','2011-08-03 15:24:44'),(2715,'沙坪坝',357,'2011-08-03 15:24:44','2011-08-03 15:24:44'),(2716,'九龙坡',357,'2011-08-03 15:24:44','2011-08-03 15:24:44'),(2717,'南岸',357,'2011-08-03 15:24:44','2011-08-03 15:24:44'),(2718,'北碚',357,'2011-08-03 15:24:44','2011-08-03 15:24:44'),(2719,'万盛',357,'2011-08-03 15:24:44','2011-08-03 15:24:44'),(2720,'双桥',357,'2011-08-03 15:24:44','2011-08-03 15:24:44'),(2721,'渝北',357,'2011-08-03 15:24:44','2011-08-03 15:24:44'),(2722,'巴南',357,'2011-08-03 15:24:44','2011-08-03 15:24:44'),(2723,'万州',357,'2011-08-03 15:24:44','2011-08-03 15:24:44'),(2724,'涪陵',357,'2011-08-03 15:24:44','2011-08-03 15:24:44'),(2725,'黔江',357,'2011-08-03 15:24:44','2011-08-03 15:24:44'),(2726,'长寿',357,'2011-08-03 15:24:44','2011-08-03 15:24:44'),(2727,'永川',358,'2011-08-03 15:24:44','2011-08-03 15:24:44'),(2728,'合川',358,'2011-08-03 15:24:44','2011-08-03 15:24:44'),(2729,'江津',358,'2011-08-03 15:24:44','2011-08-03 15:24:44'),(2730,'南川',358,'2011-08-03 15:24:44','2011-08-03 15:24:44'),(2731,'奉节',359,'2011-08-03 15:24:44','2011-08-03 15:24:44'),(2732,'开县',359,'2011-08-03 15:24:44','2011-08-03 15:24:44'),(2733,'云阳',359,'2011-08-03 15:24:44','2011-08-03 15:24:44'),(2734,'忠县',359,'2011-08-03 15:24:44','2011-08-03 15:24:44'),(2735,'巫溪',359,'2011-08-03 15:24:44','2011-08-03 15:24:44'),(2736,'巫山',359,'2011-08-03 15:24:44','2011-08-03 15:24:44'),(2737,'石柱',359,'2011-08-03 15:24:44','2011-08-03 15:24:44'),(2738,'秀山',359,'2011-08-03 15:24:44','2011-08-03 15:24:44'),(2739,'酉阳',359,'2011-08-03 15:24:44','2011-08-03 15:24:44'),(2740,'彭水',359,'2011-08-03 15:24:44','2011-08-03 15:24:44'),(2741,'綦江',359,'2011-08-03 15:24:44','2011-08-03 15:24:44'),(2742,'潼南',359,'2011-08-03 15:24:44','2011-08-03 15:24:44'),(2743,'荣昌',359,'2011-08-03 15:24:44','2011-08-03 15:24:44'),(2744,'璧山',359,'2011-08-03 15:24:44','2011-08-03 15:24:44'),(2745,'大足',359,'2011-08-03 15:24:44','2011-08-03 15:24:44'),(2746,'铜梁',359,'2011-08-03 15:24:44','2011-08-03 15:24:44'),(2747,'梁平',359,'2011-08-03 15:24:44','2011-08-03 15:24:44'),(2748,'城口',359,'2011-08-03 15:24:44','2011-08-03 15:24:44'),(2749,'垫江',359,'2011-08-03 15:24:44','2011-08-03 15:24:44'),(2750,'武隆',359,'2011-08-03 15:24:44','2011-08-03 15:24:44'),(2751,'丰都',359,'2011-08-03 15:24:44','2011-08-03 15:24:44'),(2752,'河东',360,'2011-08-03 15:24:44','2011-08-03 15:24:44'),(2753,'河西',360,'2011-08-03 15:24:44','2011-08-03 15:24:44'),(2754,'南开',360,'2011-08-03 15:24:44','2011-08-03 15:24:44'),(2755,'河北',360,'2011-08-03 15:24:44','2011-08-03 15:24:44'),(2756,'红桥',360,'2011-08-03 15:24:44','2011-08-03 15:24:44'),(2757,'塘沽',360,'2011-08-03 15:24:44','2011-08-03 15:24:44'),(2758,'汉沽',360,'2011-08-03 15:24:44','2011-08-03 15:24:44'),(2759,'大港',360,'2011-08-03 15:24:44','2011-08-03 15:24:44'),(2760,'东丽',360,'2011-08-03 15:24:44','2011-08-03 15:24:44'),(2761,'西青',360,'2011-08-03 15:24:44','2011-08-03 15:24:44'),(2762,'津南',360,'2011-08-03 15:24:44','2011-08-03 15:24:44'),(2763,'北辰',360,'2011-08-03 15:24:44','2011-08-03 15:24:44'),(2764,'武清',360,'2011-08-03 15:24:44','2011-08-03 15:24:44'),(2765,'宝坻',360,'2011-08-03 15:24:44','2011-08-03 15:24:44'),(2766,'蓟县',361,'2011-08-03 15:24:44','2011-08-03 15:24:44'),(2767,'宁河',361,'2011-08-03 15:24:44','2011-08-03 15:24:44'),(2768,'静海',361,'2011-08-03 15:24:44','2011-08-03 15:24:44'),(2769,'东城',1,'2011-08-09 08:19:04','0000-00-00 00:00:00'),(2770,'西城',1,'2011-08-09 08:19:04','0000-00-00 00:00:00'),(2771,'崇文',1,'2011-08-09 08:19:04','0000-00-00 00:00:00'),(2772,'宣武',1,'2011-08-09 08:19:04','0000-00-00 00:00:00'),(2773,'朝阳',1,'2011-08-09 08:19:04','0000-00-00 00:00:00'),(2774,'丰台',1,'2011-08-09 08:19:04','0000-00-00 00:00:00'),(2775,'石景山',1,'2011-08-09 08:19:04','0000-00-00 00:00:00'),(2776,'海淀',1,'2011-08-09 08:19:04','0000-00-00 00:00:00'),(2777,'门头沟',1,'2011-08-09 08:19:04','0000-00-00 00:00:00'),(2778,'房山',1,'2011-08-09 08:19:04','0000-00-00 00:00:00'),(2779,'通州',1,'2011-08-09 08:19:04','0000-00-00 00:00:00'),(2780,'顺义',1,'2011-08-09 08:19:04','0000-00-00 00:00:00'),(2781,'昌平',1,'2011-08-09 08:19:04','0000-00-00 00:00:00'),(2782,'大兴',1,'2011-08-09 08:19:04','0000-00-00 00:00:00'),(2783,'怀柔',1,'2011-08-09 08:19:04','0000-00-00 00:00:00'),(2784,'平谷',1,'2011-08-09 08:19:04','0000-00-00 00:00:00'),(2785,'延庆',1,'2011-08-09 08:19:04','0000-00-00 00:00:00'),(2786,'密云',1,'2011-08-09 08:19:04','0000-00-00 00:00:00');
/*!40000 ALTER TABLE `T_Area` ENABLE KEYS */;
UNLOCK TABLES;

--
-- Table structure for table `T_City`
--

DROP TABLE IF EXISTS `T_City`;
/*!40101 SET @saved_cs_client     = @@character_set_client */;
/*!40101 SET character_set_client = utf8 */;
CREATE TABLE `T_City` (
  `city_Id` int(11) NOT NULL AUTO_INCREMENT COMMENT '城市id',
  `city_Name` varchar(10) NOT NULL COMMENT '城市名称',
  `city_Province_id` int(11) NOT NULL COMMENT '所属省或直辖市',
  `time_updated` timestamp NOT NULL DEFAULT CURRENT_TIMESTAMP ON UPDATE CURRENT_TIMESTAMP,
  `time_created` timestamp NOT NULL DEFAULT '0000-00-00 00:00:00',
  PRIMARY KEY (`city_Id`)
) ENGINE=InnoDB AUTO_INCREMENT=362 DEFAULT CHARSET=utf8;
/*!40101 SET character_set_client = @saved_cs_client */;

--
-- Dumping data for table `T_City`
--

LOCK TABLES `T_City` WRITE;
/*!40000 ALTER TABLE `T_City` DISABLE KEYS */;
INSERT INTO `T_City` VALUES (1,'北京市',1,'2011-08-09 08:20:58','0000-00-00 00:00:00'),(19,'石家庄',3,'2011-08-03 12:55:08','2011-08-03 12:55:08'),(20,'唐山',3,'2011-08-03 12:55:08','2011-08-03 12:55:08'),(21,'秦皇岛',3,'2011-08-03 12:55:08','2011-08-03 12:55:08'),(22,'邯郸',3,'2011-08-03 12:55:08','2011-08-03 12:55:08'),(23,'邢台',3,'2011-08-03 12:55:08','2011-08-03 12:55:08'),(24,'保定',3,'2011-08-03 12:55:08','2011-08-03 12:55:08'),(25,'张家口',3,'2011-08-03 12:55:08','2011-08-03 12:55:08'),(26,'承德',3,'2011-08-03 12:55:08','2011-08-03 12:55:08'),(27,'沧州',3,'2011-08-03 12:55:08','2011-08-03 12:55:08'),(28,'廊坊',3,'2011-08-03 12:55:08','2011-08-03 12:55:08'),(29,'衡水',3,'2011-08-03 12:55:08','2011-08-03 12:55:08'),(30,'太原',4,'2011-08-03 12:55:08','2011-08-03 12:55:08'),(31,'大同',4,'2011-08-03 12:55:08','2011-08-03 12:55:08'),(32,'阳泉',4,'2011-08-03 12:55:08','2011-08-03 12:55:08'),(33,'长治',4,'2011-08-03 12:55:08','2011-08-03 12:55:08'),(34,'晋城',4,'2011-08-03 12:55:08','2011-08-03 12:55:08'),(35,'朔州',4,'2011-08-03 12:55:08','2011-08-03 12:55:08'),(36,'晋中',4,'2011-08-03 12:55:08','2011-08-03 12:55:08'),(37,'运城',4,'2011-08-03 12:55:08','2011-08-03 12:55:08'),(38,'忻州',4,'2011-08-03 12:55:08','2011-08-03 12:55:08'),(39,'临汾',4,'2011-08-03 12:55:08','2011-08-03 12:55:08'),(40,'吕梁地',4,'2011-08-03 12:55:08','2011-08-03 12:55:08'),(41,'呼和浩特',5,'2011-08-03 12:55:08','2011-08-03 12:55:08'),(42,'包头',5,'2011-08-03 12:55:08','2011-08-03 12:55:08'),(43,'乌海',5,'2011-08-03 12:55:08','2011-08-03 12:55:08'),(44,'赤峰',5,'2011-08-03 12:55:08','2011-08-03 12:55:08'),(45,'通辽',5,'2011-08-03 12:55:08','2011-08-03 12:55:08'),(46,'鄂尔多斯',5,'2011-08-03 12:55:08','2011-08-03 12:55:08'),(47,'呼伦贝尔',5,'2011-08-03 12:55:08','2011-08-03 12:55:08'),(48,'乌兰察布',5,'2011-08-03 12:55:08','2011-08-03 12:55:08'),(49,'锡林郭勒',5,'2011-08-03 12:55:08','2011-08-03 12:55:08'),(50,'巴彦淖尔',5,'2011-08-03 12:55:08','2011-08-03 12:55:08'),(51,'阿拉善',5,'2011-08-03 12:55:08','2011-08-03 12:55:08'),(52,'兴安',5,'2011-08-03 12:55:08','2011-08-03 12:55:08'),(53,'沈阳',6,'2011-08-03 12:55:08','2011-08-03 12:55:08'),(54,'大连',6,'2011-08-03 12:55:08','2011-08-03 12:55:08'),(55,'鞍山',6,'2011-08-03 12:55:08','2011-08-03 12:55:08'),(56,'抚顺',6,'2011-08-03 12:55:08','2011-08-03 12:55:08'),(57,'本溪',6,'2011-08-03 12:55:08','2011-08-03 12:55:08'),(58,'丹东',6,'2011-08-03 12:55:08','2011-08-03 12:55:08'),(59,'锦州',6,'2011-08-03 12:55:08','2011-08-03 12:55:08'),(60,'葫芦岛',6,'2011-08-03 12:55:08','2011-08-03 12:55:08'),(61,'营口',6,'2011-08-03 12:55:08','2011-08-03 12:55:08'),(62,'盘锦',6,'2011-08-03 12:55:08','2011-08-03 12:55:08'),(63,'阜新',6,'2011-08-03 12:55:08','2011-08-03 12:55:08'),(64,'辽阳',6,'2011-08-03 12:55:08','2011-08-03 12:55:08'),(65,'铁岭',6,'2011-08-03 12:55:08','2011-08-03 12:55:08'),(66,'朝阳',6,'2011-08-03 12:55:08','2011-08-03 12:55:08'),(67,'长春',7,'2011-08-03 12:55:08','2011-08-03 12:55:08'),(68,'吉林',7,'2011-08-03 12:55:08','2011-08-03 12:55:08'),(69,'四平',7,'2011-08-03 12:55:08','2011-08-03 12:55:08'),(70,'辽源',7,'2011-08-03 12:55:08','2011-08-03 12:55:08'),(71,'通化',7,'2011-08-03 12:55:08','2011-08-03 12:55:08'),(72,'白山',7,'2011-08-03 12:55:08','2011-08-03 12:55:08'),(73,'松原',7,'2011-08-03 12:55:08','2011-08-03 12:55:08'),(74,'白城',7,'2011-08-03 12:55:08','2011-08-03 12:55:08'),(75,'延边',7,'2011-08-03 12:55:08','2011-08-03 12:55:08'),(76,'哈尔滨',8,'2011-08-03 12:55:08','2011-08-03 12:55:08'),(77,'齐齐哈尔',8,'2011-08-03 12:55:08','2011-08-03 12:55:08'),(78,'鹤岗',8,'2011-08-03 12:55:08','2011-08-03 12:55:08'),(79,'双鸭山',8,'2011-08-03 12:55:08','2011-08-03 12:55:08'),(80,'鸡西',8,'2011-08-03 12:55:08','2011-08-03 12:55:08'),(81,'大庆',8,'2011-08-03 12:55:08','2011-08-03 12:55:08'),(82,'伊春',8,'2011-08-03 12:55:08','2011-08-03 12:55:08'),(83,'牡丹江',8,'2011-08-03 12:55:08','2011-08-03 12:55:08'),(84,'佳木斯',8,'2011-08-03 12:55:08','2011-08-03 12:55:08'),(85,'七台河',8,'2011-08-03 12:55:08','2011-08-03 12:55:08'),(86,'黑河',8,'2011-08-03 12:55:08','2011-08-03 12:55:08'),(87,'绥化',8,'2011-08-03 12:55:08','2011-08-03 12:55:08'),(88,'大兴安岭',8,'2011-08-03 12:55:08','2011-08-03 12:55:08'),(89,'南京',10,'2011-08-03 12:55:08','2011-08-03 12:55:08'),(90,'徐州',10,'2011-08-03 12:55:08','2011-08-03 12:55:08'),(91,'连云港',10,'2011-08-03 12:55:08','2011-08-03 12:55:08'),(92,'淮安',10,'2011-08-03 12:55:08','2011-08-03 12:55:08'),(93,'宿迁',10,'2011-08-03 12:55:08','2011-08-03 12:55:08'),(94,'盐城',10,'2011-08-03 12:55:08','2011-08-03 12:55:08'),(95,'扬州',10,'2011-08-03 12:55:08','2011-08-03 12:55:08'),(96,'泰州',10,'2011-08-03 12:55:08','2011-08-03 12:55:08'),(97,'南通',10,'2011-08-03 12:55:08','2011-08-03 12:55:08'),(98,'镇江',10,'2011-08-03 12:55:08','2011-08-03 12:55:08'),(99,'常州',10,'2011-08-03 12:55:08','2011-08-03 12:55:08'),(100,'无锡',10,'2011-08-03 12:55:08','2011-08-03 12:55:08'),(101,'苏州',10,'2011-08-03 12:55:08','2011-08-03 12:55:08'),(102,'杭州',11,'2011-08-03 12:55:08','2011-08-03 12:55:08'),(103,'宁波',11,'2011-08-03 12:55:08','2011-08-03 12:55:08'),(104,'温州',11,'2011-08-03 12:55:08','2011-08-03 12:55:08'),(105,'嘉兴',11,'2011-08-03 12:55:08','2011-08-03 12:55:08'),(106,'湖州',11,'2011-08-03 12:55:08','2011-08-03 12:55:08'),(107,'绍兴',11,'2011-08-03 12:55:08','2011-08-03 12:55:08'),(108,'金华',11,'2011-08-03 12:55:08','2011-08-03 12:55:08'),(109,'衢州',11,'2011-08-03 12:55:08','2011-08-03 12:55:08'),(110,'舟山',11,'2011-08-03 12:55:08','2011-08-03 12:55:08'),(111,'台州',11,'2011-08-03 12:55:08','2011-08-03 12:55:08'),(112,'丽水',11,'2011-08-03 12:55:08','2011-08-03 12:55:08'),(113,'合肥',12,'2011-08-03 12:55:08','2011-08-03 12:55:08'),(114,'芜湖',12,'2011-08-03 12:55:08','2011-08-03 12:55:08'),(115,'蚌埠',12,'2011-08-03 12:55:08','2011-08-03 12:55:08'),(116,'淮南',12,'2011-08-03 12:55:08','2011-08-03 12:55:08'),(117,'马鞍山',12,'2011-08-03 12:55:08','2011-08-03 12:55:08'),(118,'淮北',12,'2011-08-03 12:55:08','2011-08-03 12:55:08'),(119,'铜陵',12,'2011-08-03 12:55:08','2011-08-03 12:55:08'),(120,'安庆',12,'2011-08-03 12:55:08','2011-08-03 12:55:08'),(121,'黄山',12,'2011-08-03 12:55:08','2011-08-03 12:55:08'),(122,'滁州',12,'2011-08-03 12:55:08','2011-08-03 12:55:08'),(123,'阜阳',12,'2011-08-03 12:55:08','2011-08-03 12:55:08'),(124,'宿州',12,'2011-08-03 12:55:08','2011-08-03 12:55:08'),(125,'巢湖',12,'2011-08-03 12:55:08','2011-08-03 12:55:08'),(126,'六安',12,'2011-08-03 12:55:08','2011-08-03 12:55:08'),(127,'亳州',12,'2011-08-03 12:55:08','2011-08-03 12:55:08'),(128,'池州',12,'2011-08-03 12:55:08','2011-08-03 12:55:08'),(129,'宣城',12,'2011-08-03 12:55:08','2011-08-03 12:55:08'),(130,'福州',13,'2011-08-03 12:55:08','2011-08-03 12:55:08'),(131,'厦门',13,'2011-08-03 12:55:08','2011-08-03 12:55:08'),(132,'三明',13,'2011-08-03 12:55:08','2011-08-03 12:55:08'),(133,'莆田',13,'2011-08-03 12:55:08','2011-08-03 12:55:08'),(134,'泉州',13,'2011-08-03 12:55:08','2011-08-03 12:55:08'),(135,'漳州',13,'2011-08-03 12:55:08','2011-08-03 12:55:08'),(136,'南平',13,'2011-08-03 12:55:08','2011-08-03 12:55:08'),(137,'龙岩',13,'2011-08-03 12:55:08','2011-08-03 12:55:08'),(138,'宁德',13,'2011-08-03 12:55:08','2011-08-03 12:55:08'),(139,'南昌',14,'2011-08-03 12:55:08','2011-08-03 12:55:08'),(140,'景德镇',14,'2011-08-03 12:55:08','2011-08-03 12:55:08'),(141,'萍乡',14,'2011-08-03 12:55:08','2011-08-03 12:55:08'),(142,'九江',14,'2011-08-03 12:55:08','2011-08-03 12:55:08'),(143,'新余',14,'2011-08-03 12:55:08','2011-08-03 12:55:08'),(144,'鹰潭',14,'2011-08-03 12:55:08','2011-08-03 12:55:08'),(145,'赣州',14,'2011-08-03 12:55:08','2011-08-03 12:55:08'),(146,'吉安',14,'2011-08-03 12:55:08','2011-08-03 12:55:08'),(147,'宜春',14,'2011-08-03 12:55:08','2011-08-03 12:55:08'),(148,'抚州',14,'2011-08-03 12:55:08','2011-08-03 12:55:08'),(149,'上饶',14,'2011-08-03 12:55:08','2011-08-03 12:55:08'),(150,'济南',15,'2011-08-03 12:55:08','2011-08-03 12:55:08'),(151,'青岛',15,'2011-08-03 12:55:08','2011-08-03 12:55:08'),(152,'淄博',15,'2011-08-03 12:55:08','2011-08-03 12:55:08'),(153,'枣庄',15,'2011-08-03 12:55:08','2011-08-03 12:55:08'),(154,'东营',15,'2011-08-03 12:55:08','2011-08-03 12:55:08'),(155,'潍坊',15,'2011-08-03 12:55:08','2011-08-03 12:55:08'),(156,'烟台',15,'2011-08-03 12:55:08','2011-08-03 12:55:08'),(157,'威海',15,'2011-08-03 12:55:08','2011-08-03 12:55:08'),(158,'济宁',15,'2011-08-03 12:55:08','2011-08-03 12:55:08'),(159,'泰安',15,'2011-08-03 12:55:08','2011-08-03 12:55:08'),(160,'日照',15,'2011-08-03 12:55:08','2011-08-03 12:55:08'),(161,'莱芜',15,'2011-08-03 12:55:08','2011-08-03 12:55:08'),(162,'临沂',15,'2011-08-03 12:55:08','2011-08-03 12:55:08'),(163,'德州',15,'2011-08-03 12:55:08','2011-08-03 12:55:08'),(164,'聊城',15,'2011-08-03 12:55:08','2011-08-03 12:55:08'),(165,'滨州',15,'2011-08-03 12:55:08','2011-08-03 12:55:08'),(166,'菏泽',15,'2011-08-03 12:55:08','2011-08-03 12:55:08'),(167,'郑州',16,'2011-08-03 12:55:08','2011-08-03 12:55:08'),(168,'开封',16,'2011-08-03 12:55:08','2011-08-03 12:55:08'),(169,'洛阳',16,'2011-08-03 12:55:08','2011-08-03 12:55:08'),(170,'平顶山',16,'2011-08-03 12:55:08','2011-08-03 12:55:08'),(171,'焦作',16,'2011-08-03 12:55:08','2011-08-03 12:55:08'),(172,'鹤壁',16,'2011-08-03 12:55:08','2011-08-03 12:55:08'),(173,'新乡',16,'2011-08-03 12:55:08','2011-08-03 12:55:08'),(174,'安阳',16,'2011-08-03 12:55:08','2011-08-03 12:55:08'),(175,'濮阳',16,'2011-08-03 12:55:08','2011-08-03 12:55:08'),(176,'许昌',16,'2011-08-03 12:55:08','2011-08-03 12:55:08'),(177,'漯河',16,'2011-08-03 12:55:08','2011-08-03 12:55:08'),(178,'三门峡',16,'2011-08-03 12:55:08','2011-08-03 12:55:08'),(179,'南阳',16,'2011-08-03 12:55:08','2011-08-03 12:55:08'),(180,'商丘',16,'2011-08-03 12:55:08','2011-08-03 12:55:08'),(181,'信阳',16,'2011-08-03 12:55:08','2011-08-03 12:55:08'),(182,'周口',16,'2011-08-03 12:55:08','2011-08-03 12:55:08'),(183,'驻马店',16,'2011-08-03 12:55:08','2011-08-03 12:55:08'),(184,'河南直辖行政单位',16,'2011-08-03 12:55:08','2011-08-03 12:55:08'),(185,'武汉',17,'2011-08-03 12:55:08','2011-08-03 12:55:08'),(186,'黄石',17,'2011-08-03 12:55:08','2011-08-03 12:55:08'),(187,'襄樊',17,'2011-08-03 12:55:08','2011-08-03 12:55:08'),(188,'十堰',17,'2011-08-03 12:55:08','2011-08-03 12:55:08'),(189,'荆州',17,'2011-08-03 12:55:08','2011-08-03 12:55:08'),(190,'宜昌',17,'2011-08-03 12:55:08','2011-08-03 12:55:08'),(191,'荆门',17,'2011-08-03 12:55:08','2011-08-03 12:55:08'),(192,'鄂州',17,'2011-08-03 12:55:08','2011-08-03 12:55:08'),(193,'孝感',17,'2011-08-03 12:55:08','2011-08-03 12:55:08'),(194,'黄冈',17,'2011-08-03 12:55:08','2011-08-03 12:55:08'),(195,'咸宁',17,'2011-08-03 12:55:08','2011-08-03 12:55:08'),(196,'随州',17,'2011-08-03 12:55:08','2011-08-03 12:55:08'),(197,'恩施',17,'2011-08-03 12:55:08','2011-08-03 12:55:08'),(198,'湖北直辖行政单位',17,'2011-08-03 12:55:08','2011-08-03 12:55:08'),(199,'长沙',18,'2011-08-03 12:55:08','2011-08-03 12:55:08'),(200,'株洲',18,'2011-08-03 12:55:08','2011-08-03 12:55:08'),(201,'湘潭',18,'2011-08-03 12:55:08','2011-08-03 12:55:08'),(202,'衡阳',18,'2011-08-03 12:55:08','2011-08-03 12:55:08'),(203,'邵阳',18,'2011-08-03 12:55:08','2011-08-03 12:55:08'),(204,'岳阳',18,'2011-08-03 12:55:08','2011-08-03 12:55:08'),(205,'常德',18,'2011-08-03 12:55:08','2011-08-03 12:55:08'),(206,'张家界',18,'2011-08-03 12:55:08','2011-08-03 12:55:08'),(207,'益阳',18,'2011-08-03 12:55:08','2011-08-03 12:55:08'),(208,'郴州',18,'2011-08-03 12:55:08','2011-08-03 12:55:08'),(209,'永州',18,'2011-08-03 12:55:08','2011-08-03 12:55:08'),(210,'怀化',18,'2011-08-03 12:55:08','2011-08-03 12:55:08'),(211,'娄底',18,'2011-08-03 12:55:08','2011-08-03 12:55:08'),(212,'湘西',18,'2011-08-03 12:55:08','2011-08-03 12:55:08'),(213,'广州',19,'2011-08-03 12:55:08','2011-08-03 12:55:08'),(214,'深圳',19,'2011-08-03 12:55:08','2011-08-03 12:55:08'),(215,'珠海',19,'2011-08-03 12:55:08','2011-08-03 12:55:08'),(216,'汕头',19,'2011-08-03 12:55:08','2011-08-03 12:55:08'),(217,'韶关',19,'2011-08-03 12:55:08','2011-08-03 12:55:08'),(218,'河源',19,'2011-08-03 12:55:08','2011-08-03 12:55:08'),(219,'梅州',19,'2011-08-03 12:55:08','2011-08-03 12:55:08'),(220,'惠州',19,'2011-08-03 12:55:08','2011-08-03 12:55:08'),(221,'汕尾',19,'2011-08-03 12:55:08','2011-08-03 12:55:08'),(222,'东莞',19,'2011-08-03 12:55:08','2011-08-03 12:55:08'),(223,'中山',19,'2011-08-03 12:55:08','2011-08-03 12:55:08'),(224,'江门',19,'2011-08-03 12:55:08','2011-08-03 12:55:08'),(225,'佛山',19,'2011-08-03 12:55:08','2011-08-03 12:55:08'),(226,'阳江',19,'2011-08-03 12:55:08','2011-08-03 12:55:08'),(227,'湛江',19,'2011-08-03 12:55:08','2011-08-03 12:55:08'),(228,'茂名',19,'2011-08-03 12:55:08','2011-08-03 12:55:08'),(229,'肇庆',19,'2011-08-03 12:55:08','2011-08-03 12:55:08'),(230,'清远',19,'2011-08-03 12:55:08','2011-08-03 12:55:08'),(231,'潮州',19,'2011-08-03 12:55:08','2011-08-03 12:55:08'),(232,'揭阳',19,'2011-08-03 12:55:08','2011-08-03 12:55:08'),(233,'云浮',19,'2011-08-03 12:55:08','2011-08-03 12:55:08'),(234,'南宁',20,'2011-08-03 12:55:08','2011-08-03 12:55:08'),(235,'柳州',20,'2011-08-03 12:55:08','2011-08-03 12:55:08'),(236,'桂林',20,'2011-08-03 12:55:08','2011-08-03 12:55:08'),(237,'梧州',20,'2011-08-03 12:55:08','2011-08-03 12:55:08'),(238,'北海',20,'2011-08-03 12:55:08','2011-08-03 12:55:08'),(239,'防城港',20,'2011-08-03 12:55:08','2011-08-03 12:55:08'),(240,'钦州',20,'2011-08-03 12:55:08','2011-08-03 12:55:08'),(241,'贵港',20,'2011-08-03 12:55:08','2011-08-03 12:55:08'),(242,'玉林',20,'2011-08-03 12:55:08','2011-08-03 12:55:08'),(243,'百色',20,'2011-08-03 12:55:08','2011-08-03 12:55:08'),(244,'贺州',20,'2011-08-03 12:55:08','2011-08-03 12:55:08'),(245,'河池',20,'2011-08-03 12:55:08','2011-08-03 12:55:08'),(246,'来宾',20,'2011-08-03 12:55:08','2011-08-03 12:55:08'),(247,'崇左',20,'2011-08-03 12:55:08','2011-08-03 12:55:08'),(248,'海口',21,'2011-08-03 12:55:08','2011-08-03 12:55:08'),(249,'三亚',21,'2011-08-03 12:55:08','2011-08-03 12:55:08'),(250,'海南省直辖行政单位',21,'2011-08-03 12:55:08','2011-08-03 12:55:08'),(251,'成都',23,'2011-08-03 12:55:08','2011-08-03 12:55:08'),(252,'自贡',23,'2011-08-03 12:55:08','2011-08-03 12:55:08'),(253,'攀枝花',23,'2011-08-03 12:55:08','2011-08-03 12:55:08'),(254,'泸州',23,'2011-08-03 12:55:08','2011-08-03 12:55:08'),(255,'德阳',23,'2011-08-03 12:55:08','2011-08-03 12:55:08'),(256,'绵阳',23,'2011-08-03 12:55:08','2011-08-03 12:55:08'),(257,'广元',23,'2011-08-03 12:55:08','2011-08-03 12:55:08'),(258,'遂宁',23,'2011-08-03 12:55:08','2011-08-03 12:55:08'),(259,'内江',23,'2011-08-03 12:55:08','2011-08-03 12:55:08'),(260,'乐山',23,'2011-08-03 12:55:08','2011-08-03 12:55:08'),(261,'南充',23,'2011-08-03 12:55:08','2011-08-03 12:55:08'),(262,'宜宾',23,'2011-08-03 12:55:08','2011-08-03 12:55:08'),(263,'广安',23,'2011-08-03 12:55:08','2011-08-03 12:55:08'),(264,'达州',23,'2011-08-03 12:55:08','2011-08-03 12:55:08'),(265,'眉山',23,'2011-08-03 12:55:08','2011-08-03 12:55:08'),(266,'雅安',23,'2011-08-03 12:55:08','2011-08-03 12:55:08'),(267,'巴中',23,'2011-08-03 12:55:08','2011-08-03 12:55:08'),(268,'资阳',23,'2011-08-03 12:55:08','2011-08-03 12:55:08'),(269,'阿坝',23,'2011-08-03 12:55:08','2011-08-03 12:55:08'),(270,'甘孜',23,'2011-08-03 12:55:08','2011-08-03 12:55:08'),(271,'凉山',23,'2011-08-03 12:55:08','2011-08-03 12:55:08'),(272,'贵阳',24,'2011-08-03 12:55:08','2011-08-03 12:55:08'),(273,'六盘水',24,'2011-08-03 12:55:08','2011-08-03 12:55:08'),(274,'遵义',24,'2011-08-03 12:55:08','2011-08-03 12:55:08'),(275,'安顺',24,'2011-08-03 12:55:08','2011-08-03 12:55:08'),(276,'铜仁地',24,'2011-08-03 12:55:08','2011-08-03 12:55:08'),(277,'毕节地',24,'2011-08-03 12:55:08','2011-08-03 12:55:08'),(278,'黔西南',24,'2011-08-03 12:55:08','2011-08-03 12:55:08'),(279,'黔东南',24,'2011-08-03 12:55:08','2011-08-03 12:55:08'),(280,'黔南',24,'2011-08-03 12:55:08','2011-08-03 12:55:08'),(281,'昆明',25,'2011-08-03 12:55:08','2011-08-03 12:55:08'),(282,'曲靖',25,'2011-08-03 12:55:08','2011-08-03 12:55:08'),(283,'玉溪',25,'2011-08-03 12:55:08','2011-08-03 12:55:08'),(284,'保山',25,'2011-08-03 12:55:08','2011-08-03 12:55:08'),(285,'昭通',25,'2011-08-03 12:55:08','2011-08-03 12:55:08'),(286,'思茅',25,'2011-08-03 12:55:08','2011-08-03 12:55:08'),(287,'临沧',25,'2011-08-03 12:55:08','2011-08-03 12:55:08'),(288,'丽江',25,'2011-08-03 12:55:08','2011-08-03 12:55:08'),(289,'文山',25,'2011-08-03 12:55:08','2011-08-03 12:55:08'),(290,'红河',25,'2011-08-03 12:55:08','2011-08-03 12:55:08'),(291,'西双版纳',25,'2011-08-03 12:55:08','2011-08-03 12:55:08'),(292,'楚雄',25,'2011-08-03 12:55:08','2011-08-03 12:55:08'),(293,'大理',25,'2011-08-03 12:55:08','2011-08-03 12:55:08'),(294,'德宏',25,'2011-08-03 12:55:08','2011-08-03 12:55:08'),(295,'怒江',25,'2011-08-03 12:55:08','2011-08-03 12:55:08'),(296,'迪庆',25,'2011-08-03 12:55:08','2011-08-03 12:55:08'),(297,'拉萨',26,'2011-08-03 12:55:08','2011-08-03 12:55:08'),(298,'那曲',26,'2011-08-03 12:55:08','2011-08-03 12:55:08'),(299,'昌都',26,'2011-08-03 12:55:08','2011-08-03 12:55:08'),(300,'山南',26,'2011-08-03 12:55:08','2011-08-03 12:55:08'),(301,'日喀则',26,'2011-08-03 12:55:08','2011-08-03 12:55:08'),(302,'阿里',26,'2011-08-03 12:55:08','2011-08-03 12:55:08'),(303,'林芝',26,'2011-08-03 12:55:08','2011-08-03 12:55:08'),(304,'西安',27,'2011-08-03 12:55:08','2011-08-03 12:55:08'),(305,'铜川',27,'2011-08-03 12:55:08','2011-08-03 12:55:08'),(306,'宝鸡',27,'2011-08-03 12:55:08','2011-08-03 12:55:08'),(307,'咸阳',27,'2011-08-03 12:55:08','2011-08-03 12:55:08'),(308,'渭南',27,'2011-08-03 12:55:08','2011-08-03 12:55:08'),(309,'延安',27,'2011-08-03 12:55:08','2011-08-03 12:55:08'),(310,'汉中',27,'2011-08-03 12:55:08','2011-08-03 12:55:08'),(311,'榆林',27,'2011-08-03 12:55:08','2011-08-03 12:55:08'),(312,'安康',27,'2011-08-03 12:55:08','2011-08-03 12:55:08'),(313,'商洛',27,'2011-08-03 12:55:08','2011-08-03 12:55:08'),(314,'兰州',28,'2011-08-03 12:55:08','2011-08-03 12:55:08'),(315,'金昌',28,'2011-08-03 12:55:08','2011-08-03 12:55:08'),(316,'白银',28,'2011-08-03 12:55:08','2011-08-03 12:55:08'),(317,'天水',28,'2011-08-03 12:55:08','2011-08-03 12:55:08'),(318,'嘉峪关',28,'2011-08-03 12:55:08','2011-08-03 12:55:08'),(319,'武威',28,'2011-08-03 12:55:08','2011-08-03 12:55:08'),(320,'张掖',28,'2011-08-03 12:55:08','2011-08-03 12:55:08'),(321,'平凉',28,'2011-08-03 12:55:08','2011-08-03 12:55:08'),(322,'酒泉',28,'2011-08-03 12:55:08','2011-08-03 12:55:08'),(323,'庆阳',28,'2011-08-03 12:55:08','2011-08-03 12:55:08'),(324,'定西',28,'2011-08-03 12:55:08','2011-08-03 12:55:08'),(325,'陇南',28,'2011-08-03 12:55:08','2011-08-03 12:55:08'),(326,'甘南',28,'2011-08-03 12:55:08','2011-08-03 12:55:08'),(327,'临夏',28,'2011-08-03 12:55:08','2011-08-03 12:55:08'),(328,'西宁',29,'2011-08-03 12:55:08','2011-08-03 12:55:08'),(329,'海东',29,'2011-08-03 12:55:08','2011-08-03 12:55:08'),(330,'海北',29,'2011-08-03 12:55:08','2011-08-03 12:55:08'),(331,'黄南',29,'2011-08-03 12:55:08','2011-08-03 12:55:08'),(332,'海南',29,'2011-08-03 12:55:08','2011-08-03 12:55:08'),(333,'果洛',29,'2011-08-03 12:55:08','2011-08-03 12:55:08'),(334,'玉树',29,'2011-08-03 12:55:08','2011-08-03 12:55:08'),(335,'海西',29,'2011-08-03 12:55:08','2011-08-03 12:55:08'),(336,'银川',30,'2011-08-03 12:55:08','2011-08-03 12:55:08'),(337,'石嘴山',30,'2011-08-03 12:55:08','2011-08-03 12:55:08'),(338,'吴忠',30,'2011-08-03 12:55:08','2011-08-03 12:55:08'),(339,'固原',30,'2011-08-03 12:55:08','2011-08-03 12:55:08'),(340,'乌鲁木齐',31,'2011-08-03 12:55:08','2011-08-03 12:55:08'),(341,'克拉玛依',31,'2011-08-03 12:55:08','2011-08-03 12:55:08'),(342,'新疆直辖行政单位',31,'2011-08-03 12:55:08','2011-08-03 12:55:08'),(343,'吐鲁番',31,'2011-08-03 12:55:08','2011-08-03 12:55:08'),(344,'哈密',31,'2011-08-03 12:55:08','2011-08-03 12:55:08'),(345,'和田',31,'2011-08-03 12:55:08','2011-08-03 12:55:08'),(346,'阿克苏',31,'2011-08-03 12:55:08','2011-08-03 12:55:08'),(347,'喀什',31,'2011-08-03 12:55:08','2011-08-03 12:55:08'),(348,'克孜勒苏',31,'2011-08-03 12:55:08','2011-08-03 12:55:08'),(349,'巴音郭楞',31,'2011-08-03 12:55:08','2011-08-03 12:55:08'),(350,'昌吉',31,'2011-08-03 12:55:08','2011-08-03 12:55:08'),(351,'博尔塔拉',31,'2011-08-03 12:55:08','2011-08-03 12:55:08'),(352,'伊犁',31,'2011-08-03 12:55:08','2011-08-03 12:55:08'),(353,'塔城',31,'2011-08-03 12:55:08','2011-08-03 12:55:08'),(354,'阿勒泰',31,'2011-08-03 12:55:08','2011-08-03 12:55:08'),(355,'上海市',9,'2011-08-09 08:53:39','2011-08-03 12:55:08'),(356,'上海崇明县',9,'2011-08-03 12:55:08','2011-08-03 12:55:08'),(357,'重庆市辖区',22,'2011-08-03 12:55:08','2011-08-03 12:55:08'),(358,'重庆市',22,'2011-08-03 12:55:08','2011-08-03 12:55:08'),(359,'重庆郊县',22,'2011-08-03 12:55:08','2011-08-03 12:55:08'),(360,'天津市辖区',2,'2011-08-03 12:55:08','2011-08-03 12:55:08'),(361,'天津郊县',2,'2011-08-03 12:55:08','2011-08-03 12:55:08');
/*!40000 ALTER TABLE `T_City` ENABLE KEYS */;
UNLOCK TABLES;

--
-- Table structure for table `T_Commission_type`
--

DROP TABLE IF EXISTS `T_Commission_type`;
/*!40101 SET @saved_cs_client     = @@character_set_client */;
/*!40101 SET character_set_client = utf8 */;
CREATE TABLE `T_Commission_type` (
  `commission_type_Id` int(11) NOT NULL AUTO_INCREMENT COMMENT '职位佣金提成方式id',
  `commission_type_Des` varchar(20) NOT NULL COMMENT '职位佣金提成方式[固定数字,比例]',
  `time_updated` timestamp NOT NULL DEFAULT CURRENT_TIMESTAMP ON UPDATE CURRENT_TIMESTAMP,
  `time_created` timestamp NOT NULL DEFAULT '0000-00-00 00:00:00',
  PRIMARY KEY (`commission_type_Id`)
) ENGINE=InnoDB AUTO_INCREMENT=3 DEFAULT CHARSET=utf8;
/*!40101 SET character_set_client = @saved_cs_client */;

--
-- Dumping data for table `T_Commission_type`
--

LOCK TABLES `T_Commission_type` WRITE;
/*!40000 ALTER TABLE `T_Commission_type` DISABLE KEYS */;
INSERT INTO `T_Commission_type` VALUES (1,'固定额度','2011-08-04 01:21:12','2011-08-04 01:20:56'),(2,'按比例提成','2011-08-04 01:21:18','2011-08-04 01:21:05');
/*!40000 ALTER TABLE `T_Commission_type` ENABLE KEYS */;
UNLOCK TABLES;

--
-- Table structure for table `T_Degree`
--

DROP TABLE IF EXISTS `T_Degree`;
/*!40101 SET @saved_cs_client     = @@character_set_client */;
/*!40101 SET character_set_client = utf8 */;
CREATE TABLE `T_Degree` (
  `degree_Id` int(11) NOT NULL AUTO_INCREMENT COMMENT '学历程度id',
  `degree_Des` varchar(20) NOT NULL COMMENT '学历程度',
  `time_updated` timestamp NOT NULL DEFAULT CURRENT_TIMESTAMP ON UPDATE CURRENT_TIMESTAMP,
  `time_created` timestamp NOT NULL DEFAULT '0000-00-00 00:00:00',
  PRIMARY KEY (`degree_Id`)
) ENGINE=InnoDB AUTO_INCREMENT=13 DEFAULT CHARSET=utf8;
/*!40101 SET character_set_client = @saved_cs_client */;

--
-- Dumping data for table `T_Degree`
--

LOCK TABLES `T_Degree` WRITE;
/*!40000 ALTER TABLE `T_Degree` DISABLE KEYS */;
INSERT INTO `T_Degree` VALUES (1,'无','2011-08-04 08:39:11','2011-08-04 08:33:24'),(2,'小学','2011-08-04 08:39:11','2011-08-04 08:33:24'),(3,'初中','2011-08-04 08:39:11','2011-08-04 08:33:24'),(4,'高中','2011-08-04 08:39:11','2011-08-04 08:33:24'),(5,'中技','2011-08-04 08:39:11','2011-08-04 08:33:24'),(6,'中专','2011-08-04 08:39:11','2011-08-04 08:33:24'),(7,'大专','2011-08-04 08:39:11','2011-08-04 08:33:24'),(8,'本科','2011-08-04 08:39:11','2011-08-04 08:33:24'),(9,'MBA','2011-08-04 08:39:11','2011-08-04 08:33:24'),(10,'硕士','2011-08-04 08:39:11','2011-08-04 08:33:24'),(11,'博士','2011-08-04 08:39:11','2011-08-04 08:33:24'),(12,'其他','2011-08-04 08:39:11','2011-08-04 08:33:24');
/*!40000 ALTER TABLE `T_Degree` ENABLE KEYS */;
UNLOCK TABLES;

--
-- Table structure for table `T_Enterprise`
--

DROP TABLE IF EXISTS `T_Enterprise`;
/*!40101 SET @saved_cs_client     = @@character_set_client */;
/*!40101 SET character_set_client = utf8 */;
CREATE TABLE `T_Enterprise` (
  `enterprise_Id` int(11) NOT NULL AUTO_INCREMENT COMMENT '会员企业id',
  `enterprise_Name` varchar(100) NOT NULL COMMENT '用户名',
  `time_updated` timestamp NOT NULL DEFAULT CURRENT_TIMESTAMP ON UPDATE CURRENT_TIMESTAMP,
  `time_created` timestamp NOT NULL DEFAULT '0000-00-00 00:00:00',
  PRIMARY KEY (`enterprise_Id`)
) ENGINE=InnoDB AUTO_INCREMENT=2 DEFAULT CHARSET=utf8;
/*!40101 SET character_set_client = @saved_cs_client */;

--
-- Dumping data for table `T_Enterprise`
--

LOCK TABLES `T_Enterprise` WRITE;
/*!40000 ALTER TABLE `T_Enterprise` DISABLE KEYS */;
INSERT INTO `T_Enterprise` VALUES (1,'雅诗兰黛','2011-08-04 01:30:59','2011-08-04 01:30:51');
/*!40000 ALTER TABLE `T_Enterprise` ENABLE KEYS */;
UNLOCK TABLES;

--
-- Table structure for table `T_Enterprise_Industry`
--

DROP TABLE IF EXISTS `T_Enterprise_Industry`;
/*!40101 SET @saved_cs_client     = @@character_set_client */;
/*!40101 SET character_set_client = utf8 */;
CREATE TABLE `T_Enterprise_Industry` (
  `enterprise_industry_Enterprise_id` int(11) NOT NULL DEFAULT '0' COMMENT '企业id',
  `enterprise_industry_Industry_id` int(11) NOT NULL DEFAULT '0' COMMENT '行业id',
  `time_updated` timestamp NOT NULL DEFAULT CURRENT_TIMESTAMP ON UPDATE CURRENT_TIMESTAMP,
  `time_created` timestamp NOT NULL DEFAULT '0000-00-00 00:00:00',
  PRIMARY KEY (`enterprise_industry_Enterprise_id`,`enterprise_industry_Industry_id`)
) ENGINE=InnoDB DEFAULT CHARSET=utf8;
/*!40101 SET character_set_client = @saved_cs_client */;

--
-- Dumping data for table `T_Enterprise_Industry`
--

LOCK TABLES `T_Enterprise_Industry` WRITE;
/*!40000 ALTER TABLE `T_Enterprise_Industry` DISABLE KEYS */;
INSERT INTO `T_Enterprise_Industry` VALUES (1,3,'2011-08-04 01:39:38','2011-08-04 01:34:09');
/*!40000 ALTER TABLE `T_Enterprise_Industry` ENABLE KEYS */;
UNLOCK TABLES;

--
-- Table structure for table `T_Enterprise_user`
--

DROP TABLE IF EXISTS `T_Enterprise_user`;
/*!40101 SET @saved_cs_client     = @@character_set_client */;
/*!40101 SET character_set_client = utf8 */;
CREATE TABLE `T_Enterprise_user` (
  `enterprise_user_Account` varchar(20) NOT NULL COMMENT '会员id',
  `enterprise_user_Password` varchar(20) NOT NULL COMMENT '会员密码',
  `enterprise_user_Enterprise_id` int(11) NOT NULL COMMENT '所属公司id',
  `time_updated` timestamp NOT NULL DEFAULT CURRENT_TIMESTAMP ON UPDATE CURRENT_TIMESTAMP,
  `time_created` timestamp NOT NULL DEFAULT '0000-00-00 00:00:00',
  PRIMARY KEY (`enterprise_user_Account`)
) ENGINE=InnoDB DEFAULT CHARSET=utf8;
/*!40101 SET character_set_client = @saved_cs_client */;

--
-- Dumping data for table `T_Enterprise_user`
--

LOCK TABLES `T_Enterprise_user` WRITE;
/*!40000 ALTER TABLE `T_Enterprise_user` DISABLE KEYS */;
INSERT INTO `T_Enterprise_user` VALUES ('13333333333','gs1234',1,'2011-08-04 13:10:50','2011-08-04 01:29:52'),('testEnterpriseUser','123',1,'2011-08-11 06:35:49','0000-00-00 00:00:00');
/*!40000 ALTER TABLE `T_Enterprise_user` ENABLE KEYS */;
UNLOCK TABLES;

--
-- Table structure for table `T_File`
--

DROP TABLE IF EXISTS `T_File`;
/*!40101 SET @saved_cs_client     = @@character_set_client */;
/*!40101 SET character_set_client = utf8 */;
CREATE TABLE `T_File` (
  `file_Id` int(11) NOT NULL AUTO_INCREMENT COMMENT '文件/照片id',
  `file_File_type_id` int(11) NOT NULL COMMENT '人才文件类型',
  `file_Name` varchar(50) NOT NULL COMMENT '人才文件名',
  `file_URL` varchar(500) NOT NULL COMMENT '人才文件链接',
  `file_Comment` varchar(500) NOT NULL COMMENT '备注',
  `time_updated` timestamp NOT NULL DEFAULT CURRENT_TIMESTAMP ON UPDATE CURRENT_TIMESTAMP,
  `time_created` timestamp NOT NULL DEFAULT '0000-00-00 00:00:00',
  PRIMARY KEY (`file_Id`)
) ENGINE=InnoDB DEFAULT CHARSET=utf8;
/*!40101 SET character_set_client = @saved_cs_client */;

--
-- Dumping data for table `T_File`
--

LOCK TABLES `T_File` WRITE;
/*!40000 ALTER TABLE `T_File` DISABLE KEYS */;
/*!40000 ALTER TABLE `T_File` ENABLE KEYS */;
UNLOCK TABLES;

--
-- Table structure for table `T_File_type`
--

DROP TABLE IF EXISTS `T_File_type`;
/*!40101 SET @saved_cs_client     = @@character_set_client */;
/*!40101 SET character_set_client = utf8 */;
CREATE TABLE `T_File_type` (
  `file_type_ID` int(11) NOT NULL AUTO_INCREMENT COMMENT '人才文件类型id',
  `file_type_Name` varchar(20) NOT NULL COMMENT '人才文件类型',
  `time_updated` timestamp NOT NULL DEFAULT CURRENT_TIMESTAMP ON UPDATE CURRENT_TIMESTAMP,
  `time_created` timestamp NOT NULL DEFAULT '0000-00-00 00:00:00',
  PRIMARY KEY (`file_type_ID`)
) ENGINE=InnoDB AUTO_INCREMENT=3 DEFAULT CHARSET=utf8;
/*!40101 SET character_set_client = @saved_cs_client */;

--
-- Dumping data for table `T_File_type`
--

LOCK TABLES `T_File_type` WRITE;
/*!40000 ALTER TABLE `T_File_type` DISABLE KEYS */;
INSERT INTO `T_File_type` VALUES (1,'照片','2011-08-05 06:12:43','0000-00-00 00:00:00'),(2,'文本文件','2011-08-05 06:13:27','0000-00-00 00:00:00');
/*!40000 ALTER TABLE `T_File_type` ENABLE KEYS */;
UNLOCK TABLES;

--
-- Table structure for table `T_Hunter`
--

DROP TABLE IF EXISTS `T_Hunter`;
/*!40101 SET @saved_cs_client     = @@character_set_client */;
/*!40101 SET character_set_client = utf8 */;
CREATE TABLE `T_Hunter` (
  `hunter_Account` varchar(20) NOT NULL COMMENT '猎头account',
  `hunter_Password` varchar(20) NOT NULL COMMENT '密码',
  `time_updated` timestamp NOT NULL DEFAULT CURRENT_TIMESTAMP ON UPDATE CURRENT_TIMESTAMP,
  `time_created` timestamp NOT NULL DEFAULT '0000-00-00 00:00:00',
  PRIMARY KEY (`hunter_Account`)
) ENGINE=InnoDB DEFAULT CHARSET=utf8;
/*!40101 SET character_set_client = @saved_cs_client */;

--
-- Dumping data for table `T_Hunter`
--

LOCK TABLES `T_Hunter` WRITE;
/*!40000 ALTER TABLE `T_Hunter` DISABLE KEYS */;
INSERT INTO `T_Hunter` VALUES ('13111111111','lt1234','2011-09-07 03:18:07','0000-00-00 00:00:00'),('13222222222','lt4321','2011-08-04 13:09:28','0000-00-00 00:00:00');
/*!40000 ALTER TABLE `T_Hunter` ENABLE KEYS */;
UNLOCK TABLES;

--
-- Table structure for table `T_Hunter_City`
--

DROP TABLE IF EXISTS `T_Hunter_City`;
/*!40101 SET @saved_cs_client     = @@character_set_client */;
/*!40101 SET character_set_client = utf8 */;
CREATE TABLE `T_Hunter_City` (
  `hunter_city_Hunter_account` varchar(20) NOT NULL DEFAULT '0' COMMENT '猎头account',
  `hunter_city_City_id` int(11) NOT NULL DEFAULT '0' COMMENT '城市id',
  `time_updated` timestamp NOT NULL DEFAULT CURRENT_TIMESTAMP ON UPDATE CURRENT_TIMESTAMP,
  `time_created` timestamp NOT NULL DEFAULT '0000-00-00 00:00:00',
  PRIMARY KEY (`hunter_city_Hunter_account`,`hunter_city_City_id`)
) ENGINE=InnoDB DEFAULT CHARSET=utf8;
/*!40101 SET character_set_client = @saved_cs_client */;

--
-- Dumping data for table `T_Hunter_City`
--

LOCK TABLES `T_Hunter_City` WRITE;
/*!40000 ALTER TABLE `T_Hunter_City` DISABLE KEYS */;
/*!40000 ALTER TABLE `T_Hunter_City` ENABLE KEYS */;
UNLOCK TABLES;

--
-- Table structure for table `T_Hunter_Industry`
--

DROP TABLE IF EXISTS `T_Hunter_Industry`;
/*!40101 SET @saved_cs_client     = @@character_set_client */;
/*!40101 SET character_set_client = utf8 */;
CREATE TABLE `T_Hunter_Industry` (
  `hunter_industry_Hunter_account` varchar(20) NOT NULL DEFAULT '0' COMMENT '猎头account',
  `hunter_industry_Industry_id` int(11) NOT NULL DEFAULT '0' COMMENT '行业id',
  `time_updated` timestamp NOT NULL DEFAULT CURRENT_TIMESTAMP ON UPDATE CURRENT_TIMESTAMP,
  `time_created` timestamp NOT NULL DEFAULT '0000-00-00 00:00:00',
  PRIMARY KEY (`hunter_industry_Hunter_account`,`hunter_industry_Industry_id`)
) ENGINE=InnoDB DEFAULT CHARSET=utf8;
/*!40101 SET character_set_client = @saved_cs_client */;

--
-- Dumping data for table `T_Hunter_Industry`
--

LOCK TABLES `T_Hunter_Industry` WRITE;
/*!40000 ALTER TABLE `T_Hunter_Industry` DISABLE KEYS */;
/*!40000 ALTER TABLE `T_Hunter_Industry` ENABLE KEYS */;
UNLOCK TABLES;

--
-- Table structure for table `T_Hunter_Job`
--

DROP TABLE IF EXISTS `T_Hunter_Job`;
/*!40101 SET @saved_cs_client     = @@character_set_client */;
/*!40101 SET character_set_client = utf8 */;
CREATE TABLE `T_Hunter_Job` (
  `hunter_job_Hunter_account` varchar(20) NOT NULL DEFAULT '0' COMMENT '猎头account',
  `hunter_job_Job_id` int(11) NOT NULL DEFAULT '0' COMMENT '职位id',
  `hunter_job_Status_id` int(11) DEFAULT NULL COMMENT '参与状态id',
  `time_updated` timestamp NOT NULL DEFAULT CURRENT_TIMESTAMP ON UPDATE CURRENT_TIMESTAMP,
  `time_created` timestamp NOT NULL DEFAULT '0000-00-00 00:00:00',
  PRIMARY KEY (`hunter_job_Hunter_account`,`hunter_job_Job_id`)
) ENGINE=InnoDB DEFAULT CHARSET=utf8;
/*!40101 SET character_set_client = @saved_cs_client */;

--
-- Dumping data for table `T_Hunter_Job`
--

LOCK TABLES `T_Hunter_Job` WRITE;
/*!40000 ALTER TABLE `T_Hunter_Job` DISABLE KEYS */;
/*!40000 ALTER TABLE `T_Hunter_Job` ENABLE KEYS */;
UNLOCK TABLES;

--
-- Table structure for table `T_Hunter_Job_Status`
--

DROP TABLE IF EXISTS `T_Hunter_Job_Status`;
/*!40101 SET @saved_cs_client     = @@character_set_client */;
/*!40101 SET character_set_client = utf8 */;
CREATE TABLE `T_Hunter_Job_Status` (
  `hunter_job_status_Id` int(11) NOT NULL AUTO_INCREMENT COMMENT '参与状态id',
  `hunter_job_status_Name` varchar(50) NOT NULL COMMENT '参与状态名称',
  `time_updated` timestamp NOT NULL DEFAULT CURRENT_TIMESTAMP ON UPDATE CURRENT_TIMESTAMP,
  `time_created` timestamp NOT NULL DEFAULT '0000-00-00 00:00:00',
  PRIMARY KEY (`hunter_job_status_Id`)
) ENGINE=InnoDB AUTO_INCREMENT=2 DEFAULT CHARSET=utf8;
/*!40101 SET character_set_client = @saved_cs_client */;

--
-- Dumping data for table `T_Hunter_Job_Status`
--

LOCK TABLES `T_Hunter_Job_Status` WRITE;
/*!40000 ALTER TABLE `T_Hunter_Job_Status` DISABLE KEYS */;
INSERT INTO `T_Hunter_Job_Status` VALUES (1,'收藏','2011-08-05 06:22:01','0000-00-00 00:00:00');
/*!40000 ALTER TABLE `T_Hunter_Job_Status` ENABLE KEYS */;
UNLOCK TABLES;

--
-- Table structure for table `T_Hunter_Talent`
--

DROP TABLE IF EXISTS `T_Hunter_Talent`;
/*!40101 SET @saved_cs_client     = @@character_set_client */;
/*!40101 SET character_set_client = utf8 */;
CREATE TABLE `T_Hunter_Talent` (
  `hunter_talent_Hunter_account` varchar(20) NOT NULL COMMENT '猎头account',
  `hunter_talent_Talent_id` varchar(11) NOT NULL COMMENT '人才id(手机号唯一标识)',
  `hunter_talent_Talent_id_card` varchar(18) DEFAULT NULL COMMENT '身份证号码',
  `hunter_talent_Talent_name` varchar(10) DEFAULT NULL COMMENT '姓名',
  `hunter_talent_Talent_height` int(11) DEFAULT NULL COMMENT '身高',
  `hunter_talent_Talent_weight` int(11) DEFAULT NULL COMMENT '体重',
  `hunter_talent_Talent_born_year` date DEFAULT NULL COMMENT '出生年份',
  `hunter_talent_Talent_sex_id` int(11) DEFAULT NULL COMMENT '性别',
  `hunter_talent_Talent_mobile` varchar(11) DEFAULT NULL COMMENT '手机',
  `hunter_talent_Talent_mail` varchar(50) DEFAULT NULL COMMENT '邮件',
  `hunter_talent_Talent_qq` varchar(20) DEFAULT NULL COMMENT 'qq号',
  `hunter_talent_Talent_hukou` varchar(200) DEFAULT NULL,
  `hunter_talent_Talent_born_place` varchar(100) DEFAULT NULL COMMENT '出生地',
  `hunter_talent_Talent_location_type_id` int(11) DEFAULT NULL COMMENT '区域类型id(省或直辖市,城市)',
  `hunter_talent_Talent_live_id` int(11) DEFAULT NULL COMMENT '居住地id(由区域类型id指定基础表,找到居住地id)',
  `hunter_talent_Talent_live_street` varchar(100) DEFAULT NULL COMMENT '居住地街道地址',
  `hunter_talent_Talent_self_comment` varchar(500) DEFAULT NULL COMMENT '自我评价',
  `hunter_talent_Talent_hobby` varchar(500) DEFAULT NULL COMMENT '兴趣',
  `hunter_talent_Talent_feature` varchar(500) DEFAULT NULL COMMENT '个人特色',
  `hunter_talent_Video_url` varchar(255) DEFAULT NULL COMMENT '视频简历链接',
  `hunter_talent_Wuguan` int(11) DEFAULT NULL,
  `hunter_talent_Pifu` int(11) DEFAULT NULL,
  `hunter_talent_Xiushi` int(11) DEFAULT NULL,
  `hunter_talent_Qizhi` int(11) DEFAULT NULL,
  `hunter_talent_Tantu` int(11) DEFAULT NULL,
  `hunter_talent_Juzhi` int(11) DEFAULT NULL,
  `hunter_talent_Goutong` int(11) DEFAULT NULL,
  `hunter_talent_Xiaoshou` int(11) DEFAULT NULL,
  `time_updated` timestamp NOT NULL DEFAULT CURRENT_TIMESTAMP ON UPDATE CURRENT_TIMESTAMP,
  `time_created` timestamp NOT NULL DEFAULT '0000-00-00 00:00:00',
  PRIMARY KEY (`hunter_talent_Hunter_account`,`hunter_talent_Talent_id`)
) ENGINE=InnoDB DEFAULT CHARSET=utf8;
/*!40101 SET character_set_client = @saved_cs_client */;

--
-- Dumping data for table `T_Hunter_Talent`
--

LOCK TABLES `T_Hunter_Talent` WRITE;
/*!40000 ALTER TABLE `T_Hunter_Talent` DISABLE KEYS */;
INSERT INTO `T_Hunter_Talent` VALUES ('13111111111','1','310115198410115450','陈志刚',NULL,NULL,'1984-10-00',1,'14544334456','danieldu1018@gmail.com','9999999999','上海市宝山区','山东省招远市',3,2773,'上海市宝山区宝山一路55号','精明，开朗','读书','实际','',2,1,1,1,1,1,1,0,'2011-08-23 08:08:17','2011-08-05 03:31:58'),('13111111111','10','310115198410132220','朱静',NULL,NULL,'1984-10-00',2,'14544334465','danieldu1018@gmail.com','9999999999','上海市黄浦区','浙江省杭州市',2,355,'汉口路79号','善交流 开朗','上网 旅游 美容','善解人意','',0,0,0,0,0,0,0,0,'2011-08-10 06:43:13','2011-08-05 03:31:58'),('13111111111','11','31011519841011545x','杨洁',NULL,NULL,'1984-10-00',1,'14544334466','danieldu1018@gmail.com','9999999999','上海市宝山区','山东省招远市',2,355,'上海市宝山区宝山一路55号','精明，开朗','读书','实际','',0,0,0,0,0,0,0,0,'2011-08-10 06:43:13','2011-08-05 03:31:58'),('13111111111','12','31011519871011756x','祝贺娇',NULL,NULL,'1987-10-00',2,'14544334467','danieldu1018@gmail.com','9999999999','北京市海淀区','北京市石景山区',2,355,'北京市海淀区长安街100号','适应力强 吃苦耐劳','唱歌，跳舞','耐力好','',0,0,0,0,0,0,0,0,'2011-08-10 06:43:13','2011-08-05 03:31:58'),('13111111111','13','31011519850114544x','高娜',NULL,NULL,'1985-01-00',1,'14544334468','danieldu1018@gmail.com','9999999999','黑龙江省齐齐哈尔市','黑龙江省齐齐哈尔市',2,355,'黑龙江省齐齐哈尔市民力路566号','善交流 开朗','逛街 唱歌，跳舞','爱好美与艺术','',0,0,0,0,0,0,0,0,'2011-08-10 06:43:13','2011-08-05 03:31:58'),('13111111111','13000000004','222222222222222','456',456,456,NULL,1,'456',NULL,'456',NULL,'456',3,30,NULL,NULL,NULL,NULL,NULL,NULL,NULL,NULL,NULL,NULL,NULL,NULL,NULL,'2011-09-08 16:16:29','2011-09-08 14:30:03'),('13111111111','13000000005',NULL,NULL,NULL,NULL,NULL,NULL,'dd',NULL,NULL,NULL,NULL,NULL,NULL,NULL,NULL,NULL,NULL,NULL,NULL,NULL,NULL,NULL,NULL,NULL,NULL,NULL,'2011-09-08 15:22:40','2011-09-08 15:22:40'),('13111111111','13000000006','222222222222222','123',123,123,NULL,1,'123',NULL,'123',NULL,'123',3,99,NULL,NULL,NULL,NULL,NULL,NULL,NULL,NULL,NULL,NULL,NULL,NULL,NULL,'2011-09-08 16:19:26','2011-09-08 16:19:26'),('13111111111','13000000007','111111111111111','1234',456,456,NULL,1,'1234',NULL,'1234',NULL,'1234',2,361,'1234',NULL,NULL,NULL,NULL,NULL,NULL,NULL,NULL,NULL,NULL,NULL,NULL,'2011-09-08 16:23:17','2011-09-08 16:22:02'),('13111111111','13000000008','888888888888888','8',880,88,NULL,1,'8',NULL,'9',NULL,'8',2,1,'8',NULL,NULL,NULL,NULL,NULL,NULL,NULL,NULL,NULL,NULL,NULL,NULL,'2011-09-11 07:15:20','2011-09-09 04:59:50'),('13111111111','13000000009',NULL,NULL,NULL,NULL,NULL,1,NULL,NULL,NULL,NULL,NULL,NULL,NULL,NULL,NULL,NULL,NULL,NULL,NULL,NULL,NULL,NULL,NULL,NULL,NULL,NULL,'2011-09-09 08:34:31','2011-09-09 08:32:54'),('13111111111','13000000010',NULL,NULL,NULL,NULL,NULL,NULL,NULL,NULL,NULL,NULL,NULL,NULL,NULL,NULL,NULL,NULL,NULL,NULL,NULL,NULL,NULL,NULL,NULL,NULL,NULL,NULL,'2011-09-10 16:15:09','2011-09-10 16:15:09'),('13111111111','13000000011','222222222222222','2',222,222,NULL,1,'2',NULL,'2',NULL,'2',2,101,'2',NULL,NULL,NULL,NULL,NULL,NULL,NULL,NULL,NULL,NULL,NULL,NULL,'2011-09-11 10:10:12','2011-09-11 10:07:19'),('13111111111','13000000012',NULL,NULL,NULL,NULL,NULL,NULL,NULL,NULL,NULL,NULL,NULL,1,2,NULL,NULL,NULL,NULL,NULL,NULL,NULL,NULL,NULL,NULL,NULL,NULL,NULL,'2011-09-13 06:38:11','2011-09-13 06:38:11'),('13111111111','13000000013',NULL,'1',NULL,NULL,NULL,1,'2',NULL,NULL,NULL,NULL,NULL,NULL,NULL,NULL,NULL,NULL,NULL,NULL,NULL,NULL,NULL,NULL,NULL,NULL,NULL,'2011-09-13 07:01:06','2011-09-13 07:00:40'),('13111111111','13000000014',NULL,NULL,NULL,NULL,NULL,NULL,NULL,NULL,NULL,NULL,NULL,NULL,NULL,NULL,NULL,NULL,NULL,NULL,NULL,NULL,NULL,NULL,NULL,NULL,NULL,NULL,'2011-09-15 00:41:14','2011-09-15 00:41:14'),('13111111111','13000000015',NULL,NULL,NULL,NULL,NULL,NULL,NULL,NULL,NULL,NULL,NULL,NULL,NULL,NULL,NULL,NULL,NULL,NULL,NULL,NULL,NULL,NULL,NULL,NULL,NULL,NULL,'2011-09-15 00:49:58','2011-09-15 00:49:58'),('13111111111','13000000016',NULL,NULL,NULL,NULL,NULL,NULL,NULL,NULL,NULL,NULL,NULL,NULL,NULL,NULL,NULL,NULL,NULL,NULL,NULL,NULL,NULL,NULL,NULL,NULL,NULL,NULL,'2011-09-15 01:11:02','2011-09-15 01:11:02'),('13111111111','13816572001',NULL,'christine',NULL,NULL,NULL,2,NULL,NULL,NULL,NULL,NULL,2,99,NULL,NULL,NULL,NULL,NULL,NULL,NULL,NULL,NULL,NULL,NULL,NULL,NULL,'2011-09-09 16:00:29','2011-09-09 16:00:29'),('13111111111','14','31011519840325345x','徐艳',NULL,NULL,'1984-03-00',2,'14544334469','danieldu1018@gmail.com','9999999999','云南省昆明市','云南省昆明市',2,355,'上海市中山西路1000号','精明 诚实','运动 上网','充满感性','',0,0,0,0,0,0,0,0,'2011-08-10 06:43:13','2011-08-05 03:31:58'),('13111111111','15','31011519870211563x','马洋洋',NULL,NULL,'1987-02-00',1,'14544334470','danieldu1018@gmail.com','9999999999','上海市浦东新区','上海市浦东新区',2,355,'上海市浦东大道400号','学习能力强 积极','旅游 ','善解人意','',0,0,0,0,0,0,0,0,'2011-08-10 06:43:13','2011-08-05 03:31:58'),('13111111111','16','31011519850911555x','谢琴',NULL,NULL,'1985-09-00',2,'14544334471','danieldu1018@gmail.com','9999999999','上海市宝山区','江苏省苏州市',2,355,'宝山区友谊路1号','吃苦耐劳','旅游 ','喜欢小动物','',0,0,0,0,0,0,0,0,'2011-08-10 06:43:13','2011-08-05 03:31:58'),('13111111111','17','31011519841011333x','窦理',NULL,NULL,'1984-10-00',1,'14544334472','danieldu1018@gmail.com','9999999999','上海市嘉定区','江苏省苏州市',2,355,'嘉定区环城路566号','吃苦耐劳','旅游 ','实际','',0,0,0,0,0,0,0,0,'2011-08-10 06:43:13','2011-08-05 03:31:58'),('13111111111','18','31011519871130887x','沈黎娅',NULL,NULL,'1987-11-00',2,'14544334473','danieldu1018@gmail.com','9999999999','上海市嘉定区','江苏省苏州市',2,355,'嘉定区环城路566号','吃苦耐劳','读书','实际','',0,0,0,0,0,0,0,0,'2011-08-10 06:43:13','2011-08-05 03:31:58'),('13111111111','18602103868',NULL,'pp',NULL,NULL,NULL,NULL,NULL,NULL,NULL,NULL,NULL,NULL,NULL,NULL,NULL,NULL,NULL,NULL,NULL,NULL,NULL,NULL,NULL,NULL,NULL,NULL,'2011-09-09 16:21:29','2011-09-09 16:21:29'),('13111111111','19','31011519850116166x','陆笑颖',NULL,NULL,'1985-01-00',1,'14544334474','danieldu1018@gmail.com','9999999999','上海市奉贤区','浙江省杭州市',2,355,'川南奉公路3440号','诚实 适应力强','上网 旅游 美容','实际','',0,0,0,0,0,0,0,0,'2011-08-10 06:43:13','2011-08-05 03:31:58'),('13111111111','2','310115198710113560','朱华',NULL,NULL,'1987-10-00',2,'14544334457','danieldu1018@gmail.com','9999999999','北京市海淀区','北京市石景山区',3,2773,'北京市海淀区长安街100号','适应力强 吃苦耐劳','唱歌，跳舞','耐力好','',0,0,0,0,0,0,0,0,'2011-08-10 06:47:30','2011-08-05 03:31:58'),('13111111111','20','31011519841013222x','邱萍',NULL,NULL,'1984-10-00',2,'14544334475','danieldu1018@gmail.com','9999999999','上海市黄浦区','浙江省杭州市',2,355,'汉口路79号','善交流 开朗','上网 旅游 美容','善解人意','',0,0,0,0,0,0,0,0,'2011-08-10 06:43:13','2011-08-05 03:31:58'),('13111111111','21','310115198410115452','谢薇',NULL,NULL,'1984-10-00',1,'14544334476','danieldu1018@gmail.com','9999999999','上海市宝山区','山东省招远市',2,355,'上海市宝山区宝山一路55号','精明，开朗','读书','实际','',0,0,0,0,0,0,0,0,'2011-08-10 06:43:13','2011-08-05 03:31:58'),('13111111111','2147483647',NULL,NULL,NULL,NULL,NULL,NULL,NULL,NULL,NULL,NULL,NULL,NULL,NULL,NULL,NULL,NULL,NULL,NULL,NULL,NULL,NULL,NULL,NULL,NULL,NULL,NULL,'2011-09-08 14:10:28','2011-09-08 14:10:28'),('13111111111','22','310115198710119566','杨琼',NULL,NULL,'1987-10-00',2,'14544334477','danieldu1018@gmail.com','9999999999','北京市海淀区','北京市石景山区',2,355,'北京市海淀区长安街100号','适应力强 吃苦耐劳','唱歌，跳舞','耐力好','',0,0,0,0,0,0,0,0,'2011-08-10 06:43:13','2011-08-05 03:31:58'),('13111111111','23','310115198501145442','胡红',NULL,NULL,'1985-01-00',1,'14544334478','danieldu1018@gmail.com','9999999999','黑龙江省齐齐哈尔市','黑龙江省齐齐哈尔市',2,355,'黑龙江省齐齐哈尔市民力路566号','善交流 开朗','逛街 唱歌，跳舞','爱好美与艺术','',0,0,0,0,0,0,0,0,'2011-08-10 06:43:13','2011-08-05 03:31:58'),('13111111111','24','310115198403253452','杨静哲',NULL,NULL,'1984-03-00',2,'14544334479','danieldu1018@gmail.com','9999999999','云南省昆明市','云南省昆明市',2,355,'上海市中山西路1000号','精明 诚实','运动 上网','充满感性','',0,0,0,0,0,0,0,0,'2011-08-10 06:43:13','2011-08-05 03:31:58'),('13111111111','25','310115198702115634','徐洁',NULL,NULL,'1987-02-00',1,'14544334480','danieldu1018@gmail.com','9999999999','上海市浦东新区','上海市浦东新区',2,355,'上海市浦东大道400号','学习能力强 积极','旅游 ','善解人意','',0,0,0,0,0,0,0,0,'2011-08-10 06:43:13','2011-08-05 03:31:58'),('13111111111','26','310115198509115552','包云飞',NULL,NULL,'1985-09-00',2,'14544334481','danieldu1018@gmail.com','9999999999','上海市宝山区','江苏省苏州市',2,355,'宝山区友谊路1号','吃苦耐劳','旅游 ','喜欢小动物','',0,0,0,0,0,0,0,0,'2011-08-10 06:43:13','2011-08-05 03:31:58'),('13111111111','27','310115198410113332','张懿',NULL,NULL,'1984-10-00',1,'14544334482','danieldu1018@gmail.com','9999999999','上海市嘉定区','江苏省苏州市',2,355,'嘉定区环城路566号','吃苦耐劳','旅游 ','实际','',0,0,0,0,0,0,0,0,'2011-08-10 06:43:13','2011-08-05 03:31:58'),('13111111111','28','310115198711308876','王远波',NULL,NULL,'1987-11-00',2,'14544334483','danieldu1018@gmail.com','9999999999','上海市嘉定区','江苏省苏州市',2,355,'嘉定区环城路566号','吃苦耐劳','读书','实际','',0,0,0,0,0,0,0,0,'2011-08-10 06:43:13','2011-08-05 03:31:58'),('13111111111','29','310115198501161668','董仕',NULL,NULL,'1985-01-00',1,'14544334484','danieldu1018@gmail.com','9999999999','上海市奉贤区','浙江省杭州市',2,355,'川南奉公路3440号','诚实 适应力强','上网 旅游 美容','实际','',0,0,0,0,0,0,0,0,'2011-08-10 06:43:13','2011-08-05 03:31:58'),('13111111111','3','310115198501145440','俞晴',NULL,NULL,'1985-01-00',1,'14544334458','danieldu1018@gmail.com','9999999999','黑龙江省齐齐哈尔市','黑龙江省齐齐哈尔市',2,355,'黑龙江省齐齐哈尔市民力路566号','','','','',0,0,0,0,0,0,0,0,'2011-08-10 06:43:13','2011-08-05 03:31:58'),('13111111111','30','310115198410132221','楼航',NULL,NULL,'1984-10-00',2,'14544334485','danieldu1018@gmail.com','9999999999','上海市黄浦区','浙江省杭州市',2,355,'汉口路79号','善交流 开朗','上网 旅游 美容','善解人意','',0,0,0,0,0,0,0,0,'2011-08-10 06:43:13','2011-08-05 03:31:58'),('13111111111','31','310115198410115453','左立平',NULL,NULL,'1984-10-00',1,'14544334486','danieldu1018@gmail.com','9999999999','上海市宝山区','山东省招远市',NULL,NULL,'上海市宝山区宝山一路55号','精明，开朗','读书','实际','',0,0,0,0,0,0,0,0,'2011-08-10 06:10:59','2011-08-05 03:31:58'),('13111111111','32','310115198710115683','顾莉娜',NULL,NULL,'1987-10-00',2,'14544334487','danieldu1018@gmail.com','9999999999','北京市海淀区','北京市石景山区',2,1,'北京市海淀区长安街100号','适应力强 吃苦耐劳','唱歌，跳舞','耐力好','',0,0,0,0,0,0,0,0,'2011-08-10 06:43:13','2011-08-05 03:31:58'),('13111111111','33','310115198501145443','王茜媛',NULL,NULL,'1985-01-00',1,'14544334488','danieldu1018@gmail.com','9999999999','黑龙江省齐齐哈尔市','黑龙江省齐齐哈尔市',2,1,'黑龙江省齐齐哈尔市民力路566号','善交流 开朗','逛街 唱歌，跳舞','爱好美与艺术','',0,0,0,0,0,0,0,0,'2011-08-10 06:43:13','2011-08-05 03:31:58'),('13111111111','34','310115198403253453','彭黛蒙',NULL,NULL,'1984-03-00',2,'14544334489','danieldu1018@gmail.com','9999999999','云南省昆明市','云南省昆明市',2,1,'上海市中山西路1000号','精明 诚实','运动 上网','充满感性','',0,0,0,0,0,0,0,0,'2011-08-10 06:43:13','2011-08-05 03:31:58'),('13111111111','35','310115198702115633','张燕',NULL,NULL,'1987-02-00',1,'14544334490','danieldu1018@gmail.com','9999999999','上海市浦东新区','上海市浦东新区',2,1,'上海市浦东大道400号','学习能力强 积极','旅游 ','善解人意','',0,0,0,0,0,0,0,0,'2011-08-10 06:43:13','2011-08-05 03:31:58'),('13111111111','36','310115198509115653','蒋悦',NULL,NULL,'1985-09-00',2,'14544334491','danieldu1018@gmail.com','9999999999','上海市宝山区','江苏省苏州市',2,1,'宝山区友谊路1号','吃苦耐劳','旅游 ','喜欢小动物','',0,0,0,0,0,0,0,0,'2011-08-10 06:43:13','2011-08-05 03:31:58'),('13111111111','37','310115198410113333','诸佳谊',NULL,NULL,'1984-10-00',1,'14544334492','danieldu1018@gmail.com','9999999999','上海市嘉定区','江苏省苏州市',2,1,'嘉定区环城路566号','吃苦耐劳','旅游 ','实际','',0,0,0,0,0,0,0,0,'2011-08-10 06:43:13','2011-08-05 03:31:58'),('13111111111','38','310115198711308873','王磊元',NULL,NULL,'1987-11-00',2,'14544334493','danieldu1018@gmail.com','9999999999','上海市嘉定区','江苏省苏州市',2,1,'嘉定区环城路566号','吃苦耐劳','读书','实际','',0,0,0,0,0,0,0,0,'2011-08-10 06:43:13','2011-08-05 03:31:58'),('13111111111','39','310115198501161663','朱丹',NULL,NULL,'1985-01-00',1,'14544334494','danieldu1018@gmail.com','9999999999','上海市奉贤区','浙江省杭州市',2,1,'川南奉公路3440号','诚实 适应力强','上网 旅游 美容','实际','',0,0,0,0,0,0,0,0,'2011-08-10 06:43:13','2011-08-05 03:31:58'),('13111111111','4','310115198403253450','山红霞',NULL,NULL,'1984-03-00',2,'','danieldu1018@gmail.com','9999999999','云南省昆明市','云南省昆明市',2,355,'上海市中山西路1000号','精明 诚实','运动 上网','充满感性','',0,0,0,0,0,0,0,0,'2011-08-10 06:43:13','2011-08-05 03:31:58'),('13111111111','40','310115198410132223','徐浩',NULL,NULL,'1984-10-00',2,'14544334495','danieldu1018@gmail.com','9999999999','上海市黄浦区','浙江省杭州市',2,1,'汉口路79号','善交流 开朗','上网 旅游 美容','善解人意','',0,0,0,0,0,0,0,0,'2011-08-10 06:43:13','2011-08-05 03:31:58'),('13111111111','41','310115198410115457','沈强',NULL,NULL,'1984-10-00',1,'14544334496','danieldu1018@gmail.com','9999999999','上海市宝山区','山东省招远市',2,1,'上海市宝山区宝山一路55号','精明，开朗','读书','实际','',0,0,0,0,0,0,0,0,'2011-08-10 06:43:13','2011-08-05 03:31:58'),('13111111111','42','310115198710111567','李琳',NULL,NULL,'1987-10-00',2,'14544334497','danieldu1018@gmail.com','9999999999','北京市海淀区','北京市石景山区',2,1,'北京市海淀区长安街100号','适应力强 吃苦耐劳','唱歌，跳舞','耐力好','',0,0,0,0,0,0,0,0,'2011-08-10 06:43:13','2011-08-05 03:31:58'),('13111111111','43','310115198501145447','黄薇薇',NULL,NULL,'1985-01-00',1,'14544334498','danieldu1018@gmail.com','9999999999','黑龙江省齐齐哈尔市','黑龙江省齐齐哈尔市',2,1,'黑龙江省齐齐哈尔市民力路566号','善交流 开朗','逛街 唱歌，跳舞','爱好美与艺术','',0,0,0,0,0,0,0,0,'2011-08-10 06:43:13','2011-08-05 03:31:58'),('13111111111','44','310115198403253457','杜萌',NULL,NULL,'1984-03-00',2,'14544334499','danieldu1018@gmail.com','9999999999','云南省昆明市','云南省昆明市',2,1,'上海市中山西路1000号','精明 诚实','运动 上网','充满感性','',0,0,0,0,0,0,0,0,'2011-08-10 06:43:13','2011-08-05 03:31:58'),('13111111111','45','310115198702115637','杨蒨',NULL,NULL,'1987-02-00',1,'14544334500','danieldu1018@gmail.com','9999999999','上海市浦东新区','上海市浦东新区',2,1,'上海市浦东大道400号','学习能力强 积极','旅游 ','善解人意','',0,0,0,0,0,0,0,0,'2011-08-10 06:43:13','2011-08-05 03:31:58'),('13111111111','46','310115198509115557','王颖',NULL,NULL,'1985-09-00',2,'14544334501','danieldu1018@gmail.com','9999999999','上海市宝山区','江苏省苏州市',2,1,'宝山区友谊路1号','吃苦耐劳','旅游 ','喜欢小动物','',0,0,0,0,0,0,0,0,'2011-08-10 06:43:13','2011-08-05 03:31:58'),('13111111111','47','310115198410113337','张美瑾',NULL,NULL,'1984-10-00',1,'14544334502','danieldu1018@gmail.com','9999999999','上海市嘉定区','江苏省苏州市',2,1,'嘉定区环城路566号','吃苦耐劳','旅游 ','实际','',0,0,0,0,0,0,0,0,'2011-08-10 06:43:13','2011-08-05 03:31:58'),('13111111111','48','310115198711308877','何洁琼',NULL,NULL,'1987-11-00',2,'14544334503','danieldu1018@gmail.com','9999999999','上海市嘉定区','江苏省苏州市',2,1,'嘉定区环城路566号','吃苦耐劳','读书','实际','',0,0,0,0,0,0,0,0,'2011-08-10 06:43:13','2011-08-05 03:31:58'),('13111111111','49','310115198501161667','姚涓涓',NULL,NULL,'1985-01-00',1,'14544334504','danieldu1018@gmail.com','9999999999','上海市奉贤区','浙江省杭州市',2,1,'川南奉公路3440号','诚实 适应力强','上网 旅游 美容','实际','',0,0,0,0,0,0,0,0,'2011-08-10 06:43:13','2011-08-05 03:31:58'),('13111111111','5','310115198702115630','李翀',NULL,NULL,'1987-02-00',1,'14544334460','danieldu1018@gmail.com','9999999999','上海市浦东新区','上海市浦东新区',2,355,'上海市浦东大道400号','学习能力强 积极','旅游 ','善解人意','',0,0,0,0,0,0,0,0,'2011-08-10 06:43:13','2011-08-05 03:31:58'),('13111111111','50','310115198410132227','姚蓓蓓',NULL,NULL,'1984-10-00',2,'14544334505','danieldu1018@gmail.com','9999999999','上海市黄浦区','浙江省杭州市',2,1,'汉口路79号','善交流 开朗','上网 旅游 美容','善解人意','',0,0,0,0,0,0,0,0,'2011-08-10 06:43:13','2011-08-05 03:31:58'),('13111111111','51','310115198410115459','姜伟伟',NULL,NULL,'1984-10-00',1,'14544334506','danieldu1018@gmail.com','9999999999','上海市宝山区','山东省招远市',2,1,'上海市宝山区宝山一路55号','精明，开朗','读书','实际','',0,0,0,0,0,0,0,0,'2011-08-10 06:43:13','2011-08-05 03:31:58'),('13111111111','52','310115198710115669','胡怡',NULL,NULL,'1987-10-00',2,'14544334507','danieldu1018@gmail.com','9999999999','北京市海淀区','北京市石景山区',2,1,'北京市海淀区长安街100号','适应力强 吃苦耐劳','唱歌，跳舞','耐力好','',0,0,0,0,0,0,0,0,'2011-08-10 06:43:13','2011-08-05 03:31:58'),('13111111111','53','310115198501145449','杜沛沛',NULL,NULL,'1985-01-00',1,'14544334508','danieldu1018@gmail.com','9999999999','黑龙江省齐齐哈尔市','黑龙江省齐齐哈尔市',2,1,'黑龙江省齐齐哈尔市民力路566号','善交流 开朗','逛街 唱歌，跳舞','爱好美与艺术','',0,0,0,0,0,0,0,0,'2011-08-10 06:43:13','2011-08-05 03:31:58'),('13111111111','54','310115198403253459','陈黎昀',NULL,NULL,'1984-03-00',2,'14544334509','danieldu1018@gmail.com','9999999999','云南省昆明市','云南省昆明市',2,1,'上海市中山西路1000号','精明 诚实','运动 上网','充满感性','',0,0,0,0,0,0,0,0,'2011-08-10 06:43:13','2011-08-05 03:31:58'),('13111111111','55','310115198702115639','陈逸菲',NULL,NULL,'1987-02-00',1,'14544334510','danieldu1018@gmail.com','9999999999','上海市浦东新区','上海市浦东新区',2,1,'上海市浦东大道400号','学习能力强 积极','旅游 ','善解人意','',0,0,0,0,0,0,0,0,'2011-08-10 06:43:13','2011-08-05 03:31:58'),('13111111111','56','310115198509115559','段秋雨',NULL,NULL,'1985-09-00',2,'14544334511','danieldu1018@gmail.com','9999999999','上海市宝山区','江苏省苏州市',2,1,'宝山区友谊路1号','吃苦耐劳','旅游 ','喜欢小动物','',0,0,0,0,0,0,0,0,'2011-08-10 06:43:13','2011-08-05 03:31:58'),('13111111111','57','310115198410113339','王君',NULL,NULL,'1984-10-00',1,'14544334512','danieldu1018@gmail.com','9999999999','上海市嘉定区','江苏省苏州市',2,1,'嘉定区环城路566号','吃苦耐劳','旅游 ','实际','',0,0,0,0,0,0,0,0,'2011-08-10 06:43:13','2011-08-05 03:31:58'),('13111111111','58','310115198711308879','朱彦',NULL,NULL,'1987-11-00',2,'14544334513','danieldu1018@gmail.com','9999999999','上海市嘉定区','江苏省苏州市',2,1,'嘉定区环城路566号','吃苦耐劳','读书','实际','',0,0,0,0,0,0,0,0,'2011-08-10 06:43:13','2011-08-05 03:31:58'),('13111111111','59','310115198501161669','徐津闻',NULL,NULL,'1985-01-00',1,'14544334514','danieldu1018@gmail.com','9999999999','上海市奉贤区','浙江省杭州市',2,1,'川南奉公路3440号','诚实 适应力强','上网 旅游 美容','实际','',0,0,0,0,0,0,0,0,'2011-08-10 06:43:13','2011-08-05 03:31:58'),('13111111111','6','310115198509115650','沈玲',NULL,NULL,'1985-09-00',2,'14544334461','danieldu1018@gmail.com','9999999999','上海市宝山区','江苏省苏州市',2,355,'宝山区友谊路1号','吃苦耐劳','旅游 ','喜欢小动物','',0,0,0,0,0,0,0,0,'2011-08-10 06:43:13','2011-08-05 03:31:58'),('13111111111','60','310115198410132229','陈佩艺',NULL,NULL,'1984-10-00',2,'14544334515','danieldu1018@gmail.com','9999999999','上海市黄浦区','浙江省杭州市',2,1,'汉口路79号','善交流 开朗','上网 旅游 美容','善解人意','',0,0,0,0,0,0,0,0,'2011-08-10 06:43:13','2011-08-05 03:31:58'),('13111111111','61','310115198410132224','陈媛',NULL,NULL,'1984-10-00',2,'14544334516','danieldu1018@gmail.com','9999999999','上海市黄浦区','浙江省杭州市',2,1,'汉口路79号','善交流 开朗','上网 旅游 美容','善解人意','',0,0,0,0,0,0,0,0,'2011-08-10 06:43:13','2011-08-05 03:31:58'),('13111111111','66',NULL,NULL,NULL,NULL,NULL,NULL,'88888888889',NULL,NULL,NULL,NULL,NULL,NULL,NULL,NULL,NULL,NULL,NULL,NULL,NULL,NULL,NULL,NULL,NULL,NULL,NULL,'2011-09-06 13:25:40','2011-09-06 13:25:40'),('13111111111','7','310115198410113330','朱瑾',NULL,NULL,'1984-10-00',1,'14544334462','danieldu1018@gmail.com','9999999999','上海市嘉定区','江苏省苏州市',2,355,'嘉定区环城路566号','吃苦耐劳','旅游 ','实际','',0,0,0,0,0,0,0,0,'2011-08-10 06:43:13','2011-08-05 03:31:58'),('13111111111','70',NULL,NULL,NULL,NULL,NULL,NULL,'13800000000',NULL,NULL,NULL,NULL,NULL,NULL,NULL,NULL,NULL,NULL,NULL,NULL,NULL,NULL,NULL,NULL,NULL,NULL,NULL,'2011-09-06 13:26:09','2011-09-06 13:26:09'),('13111111111','71',NULL,NULL,NULL,NULL,NULL,NULL,NULL,NULL,NULL,NULL,NULL,NULL,NULL,NULL,NULL,NULL,NULL,NULL,NULL,NULL,NULL,NULL,NULL,NULL,NULL,NULL,'2011-09-06 13:33:55','2011-09-06 13:33:55'),('13111111111','72',NULL,'1111',NULL,NULL,NULL,1,'13811111111',NULL,NULL,NULL,'1',3,31,NULL,NULL,NULL,NULL,NULL,NULL,NULL,NULL,NULL,NULL,NULL,NULL,NULL,'2011-09-06 14:01:50','2011-09-06 14:01:50'),('13111111111','73','111111111111111','1',NULL,NULL,NULL,1,'11111111111',NULL,'1',NULL,'1',3,1,NULL,NULL,NULL,NULL,NULL,NULL,NULL,NULL,NULL,NULL,NULL,NULL,NULL,'2011-09-06 23:18:21','2011-09-06 23:18:21'),('13111111111','77',NULL,NULL,NULL,NULL,NULL,NULL,NULL,NULL,NULL,NULL,NULL,NULL,NULL,NULL,NULL,NULL,NULL,NULL,NULL,NULL,NULL,NULL,NULL,NULL,NULL,NULL,'2011-09-07 01:37:37','2011-09-07 01:37:37'),('13111111111','8','310115198711308870','邵颖',NULL,NULL,'1987-11-00',2,'14544334463','danieldu1018@gmail.com','9999999999','上海市嘉定区','江苏省苏州市',2,355,'嘉定区环城路566号','吃苦耐劳','读书','实际','',0,0,0,0,0,0,0,0,'2011-08-10 06:43:13','2011-08-05 03:31:58'),('13111111111','85',NULL,'songtest',NULL,NULL,NULL,NULL,'13100000011',NULL,NULL,NULL,NULL,3,1,NULL,NULL,NULL,NULL,NULL,NULL,NULL,NULL,NULL,NULL,NULL,NULL,NULL,'2011-09-07 02:27:25','2011-09-07 02:27:25'),('13111111111','86',NULL,'songtest',NULL,NULL,NULL,NULL,'13100000012',NULL,NULL,NULL,NULL,3,1,NULL,NULL,NULL,NULL,NULL,NULL,NULL,NULL,NULL,NULL,NULL,NULL,NULL,'2011-09-07 02:29:58','2011-09-07 02:29:58'),('13111111111','87',NULL,'songtest',NULL,NULL,NULL,NULL,NULL,NULL,'123',NULL,NULL,3,1,NULL,NULL,NULL,NULL,NULL,NULL,NULL,NULL,NULL,NULL,NULL,NULL,NULL,'2011-09-07 02:31:22','2011-09-07 02:31:22'),('13111111111','88',NULL,'songtest',NULL,NULL,NULL,NULL,NULL,NULL,'1234',NULL,NULL,3,1,NULL,NULL,NULL,NULL,NULL,NULL,NULL,NULL,NULL,NULL,NULL,NULL,NULL,'2011-09-07 02:31:57','2011-09-07 02:31:57'),('13111111111','89',NULL,'songtest',NULL,NULL,NULL,NULL,'12345678901',NULL,'12345',NULL,NULL,3,1,NULL,NULL,NULL,NULL,NULL,NULL,NULL,NULL,NULL,NULL,NULL,NULL,NULL,'2011-09-07 02:32:26','2011-09-07 02:32:26'),('13111111111','9','310115198501161660','刘巍',NULL,NULL,'1985-01-00',1,'14544334464','danieldu1018@gmail.com','9999999999','上海市奉贤区','浙江省杭州市',2,355,'川南奉公路3440号','诚实 适应力强','上网 旅游 美容','实际','',0,0,0,0,0,0,0,0,'2011-08-10 06:43:13','2011-08-05 03:31:58'),('13111111111','90','222222222222222','2',NULL,NULL,NULL,1,'22222222222',NULL,'2',NULL,'2',3,1,NULL,NULL,NULL,NULL,NULL,NULL,NULL,NULL,NULL,NULL,NULL,NULL,NULL,'2011-09-07 02:34:24','2011-09-07 02:34:24'),('13111111111','91','222222222222222','2',NULL,NULL,NULL,1,'22222222223',NULL,'23',NULL,'2',3,1,NULL,NULL,NULL,NULL,NULL,NULL,NULL,NULL,NULL,NULL,NULL,NULL,NULL,'2011-09-07 02:54:10','2011-09-07 02:54:10'),('13111111111','92',NULL,'songtest1',NULL,NULL,NULL,2,'12345678900',NULL,NULL,NULL,NULL,2,25,NULL,NULL,NULL,NULL,NULL,NULL,NULL,NULL,NULL,NULL,NULL,NULL,NULL,'2011-09-07 08:09:56','2011-09-07 08:09:56'),('13111111111','93',NULL,'宋test',NULL,NULL,NULL,1,'11133333333',NULL,'123456',NULL,'1',3,1,NULL,NULL,NULL,NULL,NULL,NULL,NULL,NULL,NULL,NULL,NULL,NULL,NULL,'2011-09-07 08:15:13','2011-09-07 08:15:13'),('13111111111','94',NULL,'ppp',NULL,NULL,NULL,1,'14300000000',NULL,'6',NULL,'6',3,31,NULL,NULL,NULL,NULL,NULL,NULL,NULL,NULL,NULL,NULL,NULL,NULL,NULL,'2011-09-08 02:55:07','2011-09-08 02:55:07'),('13111111111','95',NULL,'8',NULL,NULL,NULL,1,NULL,NULL,'8',NULL,'8',3,360,NULL,NULL,NULL,NULL,NULL,NULL,NULL,NULL,NULL,NULL,NULL,NULL,NULL,'2011-09-08 03:10:36','2011-09-08 03:10:36'),('13111111111','96',NULL,'9',NULL,NULL,NULL,NULL,NULL,NULL,'9',NULL,NULL,NULL,NULL,NULL,NULL,NULL,NULL,NULL,NULL,NULL,NULL,NULL,NULL,NULL,NULL,NULL,'2011-09-08 03:11:46','2011-09-08 03:11:46'),('13111111111','97',NULL,'3',NULL,NULL,NULL,NULL,NULL,NULL,'3',NULL,NULL,NULL,NULL,NULL,NULL,NULL,NULL,NULL,NULL,NULL,NULL,NULL,NULL,NULL,NULL,NULL,'2011-09-08 03:12:13','2011-09-08 03:12:13'),('13111111111','98',NULL,NULL,NULL,NULL,NULL,NULL,NULL,NULL,'123pp',NULL,NULL,NULL,NULL,NULL,NULL,NULL,NULL,NULL,NULL,NULL,NULL,NULL,NULL,NULL,NULL,NULL,'2011-09-08 04:29:40','2011-09-08 04:29:40'),('13111111112','77',NULL,NULL,NULL,NULL,NULL,NULL,NULL,NULL,NULL,NULL,NULL,NULL,NULL,NULL,NULL,NULL,NULL,NULL,NULL,NULL,NULL,NULL,NULL,NULL,NULL,NULL,'2011-09-07 01:44:52','2011-09-07 01:44:52'),('13111111113','77',NULL,NULL,NULL,NULL,NULL,NULL,NULL,NULL,NULL,NULL,NULL,NULL,NULL,NULL,NULL,NULL,NULL,NULL,NULL,NULL,NULL,NULL,NULL,NULL,NULL,NULL,'2011-09-07 01:51:42','2011-09-07 01:51:42'),('13111111114','77',NULL,NULL,NULL,NULL,NULL,NULL,NULL,NULL,NULL,NULL,NULL,NULL,NULL,NULL,NULL,NULL,NULL,NULL,NULL,NULL,NULL,NULL,NULL,NULL,NULL,NULL,'2011-09-07 02:12:06','2011-09-07 02:12:06'),('13111111115','77',NULL,NULL,NULL,NULL,NULL,NULL,NULL,NULL,NULL,NULL,NULL,NULL,NULL,NULL,NULL,NULL,NULL,NULL,NULL,NULL,NULL,NULL,NULL,NULL,NULL,NULL,'2011-09-07 02:12:21','2011-09-07 02:12:21'),('13222222222','1','310115198410115450','陈志刚',NULL,NULL,'1984-10-00',1,'14544334456','danieldu1018@gmail.com','9999999999','上海市宝山区','山东省招远市',3,2773,'上海市宝山区宝山一路55号','精明，开朗','读书','实际','',0,0,0,0,0,0,0,0,'2011-08-10 06:43:13','2011-08-05 03:32:14'),('13222222222','10','310115198410132220','朱静',NULL,NULL,'1984-10-00',2,'14544334465','danieldu1018@gmail.com','9999999999','上海市黄浦区','浙江省杭州市',2,355,'汉口路79号','善交流 开朗','上网 旅游 美容','善解人意','',0,0,0,0,0,0,0,0,'2011-08-10 06:43:13','2011-08-05 03:32:14'),('13222222222','11','31011519841011545x','杨洁',NULL,NULL,'1984-10-00',1,'14544334466','danieldu1018@gmail.com','9999999999','上海市宝山区','山东省招远市',2,355,'上海市宝山区宝山一路55号','精明，开朗','读书','实际','',0,0,0,0,0,0,0,0,'2011-08-10 06:43:13','2011-08-05 03:32:14'),('13222222222','12','31011519871011756x','祝贺娇',NULL,NULL,'1987-10-00',2,'14544334467','danieldu1018@gmail.com','9999999999','北京市海淀区','北京市石景山区',2,355,'北京市海淀区长安街100号','适应力强 吃苦耐劳','唱歌，跳舞','耐力好','',0,0,0,0,0,0,0,0,'2011-08-10 06:43:13','2011-08-05 03:32:14'),('13222222222','13','31011519850114544x','高娜',NULL,NULL,'1985-01-00',1,'14544334468','danieldu1018@gmail.com','9999999999','黑龙江省齐齐哈尔市','黑龙江省齐齐哈尔市',2,355,'黑龙江省齐齐哈尔市民力路566号','善交流 开朗','逛街 唱歌，跳舞','爱好美与艺术','',0,0,0,0,0,0,0,0,'2011-08-10 06:43:13','2011-08-05 03:32:14'),('13222222222','14','31011519840325345x','徐艳',NULL,NULL,'1984-03-00',2,'14544334469','danieldu1018@gmail.com','9999999999','云南省昆明市','云南省昆明市',2,355,'上海市中山西路1000号','精明 诚实','运动 上网','充满感性','',0,0,0,0,0,0,0,0,'2011-08-10 06:43:13','2011-08-05 03:32:14'),('13222222222','15','31011519870211563x','马洋洋',NULL,NULL,'1987-02-00',1,'14544334470','danieldu1018@gmail.com','9999999999','上海市浦东新区','上海市浦东新区',2,355,'上海市浦东大道400号','学习能力强 积极','旅游 ','善解人意','',0,0,0,0,0,0,0,0,'2011-08-10 06:43:13','2011-08-05 03:32:14'),('13222222222','16','31011519850911555x','谢琴',NULL,NULL,'1985-09-00',2,'14544334471','danieldu1018@gmail.com','9999999999','上海市宝山区','江苏省苏州市',2,355,'宝山区友谊路1号','吃苦耐劳','旅游 ','喜欢小动物','',0,0,0,0,0,0,0,0,'2011-08-10 06:43:13','2011-08-05 03:32:14'),('13222222222','17','31011519841011333x','窦理',NULL,NULL,'1984-10-00',1,'14544334472','danieldu1018@gmail.com','9999999999','上海市嘉定区','江苏省苏州市',2,355,'嘉定区环城路566号','吃苦耐劳','旅游 ','实际','',0,0,0,0,0,0,0,0,'2011-08-10 06:43:13','2011-08-05 03:32:14'),('13222222222','18','31011519871130887x','沈黎娅',NULL,NULL,'1987-11-00',2,'14544334473','danieldu1018@gmail.com','9999999999','上海市嘉定区','江苏省苏州市',2,355,'嘉定区环城路566号','吃苦耐劳','读书','实际','',0,0,0,0,0,0,0,0,'2011-08-10 06:43:13','2011-08-05 03:32:14'),('13222222222','19','31011519850116166x','陆笑颖',NULL,NULL,'1985-01-00',1,'14544334474','danieldu1018@gmail.com','9999999999','上海市奉贤区','浙江省杭州市',2,355,'川南奉公路3440号','诚实 适应力强','上网 旅游 美容','实际','',0,0,0,0,0,0,0,0,'2011-08-10 06:43:13','2011-08-05 03:32:14'),('13222222222','2','310115198710113560','朱华',NULL,NULL,'1987-10-00',2,'14544334457','danieldu1018@gmail.com','9999999999','北京市海淀区','北京市石景山区',3,2773,'北京市海淀区长安街100号','适应力强 吃苦耐劳','唱歌，跳舞','耐力好','',0,0,0,0,0,0,0,0,'2011-08-10 06:47:30','2011-08-05 03:32:14'),('13222222222','20','31011519841013222x','邱萍',NULL,NULL,'1984-10-00',2,'14544334475','danieldu1018@gmail.com','9999999999','上海市黄浦区','浙江省杭州市',2,355,'汉口路79号','善交流 开朗','上网 旅游 美容','善解人意','',0,0,0,0,0,0,0,0,'2011-08-10 06:43:13','2011-08-05 03:32:14'),('13222222222','21','310115198410115452','谢薇',NULL,NULL,'1984-10-00',1,'14544334476','danieldu1018@gmail.com','9999999999','上海市宝山区','山东省招远市',2,355,'上海市宝山区宝山一路55号','精明，开朗','读书','实际','',0,0,0,0,0,0,0,0,'2011-08-10 06:43:13','2011-08-05 03:32:14'),('13222222222','22','310115198710119566','杨琼',NULL,NULL,'1987-10-00',2,'14544334477','danieldu1018@gmail.com','9999999999','北京市海淀区','北京市石景山区',2,355,'北京市海淀区长安街100号','适应力强 吃苦耐劳','唱歌，跳舞','耐力好','',0,0,0,0,0,0,0,0,'2011-08-10 06:43:13','2011-08-05 03:32:14'),('13222222222','23','310115198501145442','胡红',NULL,NULL,'1985-01-00',1,'14544334478','danieldu1018@gmail.com','9999999999','黑龙江省齐齐哈尔市','黑龙江省齐齐哈尔市',2,355,'黑龙江省齐齐哈尔市民力路566号','善交流 开朗','逛街 唱歌，跳舞','爱好美与艺术','',0,0,0,0,0,0,0,0,'2011-08-10 06:43:13','2011-08-05 03:32:14'),('13222222222','24','310115198403253452','杨静哲',NULL,NULL,'1984-03-00',2,'14544334479','danieldu1018@gmail.com','9999999999','云南省昆明市','云南省昆明市',2,355,'上海市中山西路1000号','精明 诚实','运动 上网','充满感性','',0,0,0,0,0,0,0,0,'2011-08-10 06:43:13','2011-08-05 03:32:14'),('13222222222','25','310115198702115634','徐洁',NULL,NULL,'1987-02-00',1,'14544334480','danieldu1018@gmail.com','9999999999','上海市浦东新区','上海市浦东新区',2,355,'上海市浦东大道400号','学习能力强 积极','旅游 ','善解人意','',0,0,0,0,0,0,0,0,'2011-08-10 06:43:13','2011-08-05 03:32:14'),('13222222222','26','310115198509115552','包云飞',NULL,NULL,'1985-09-00',2,'14544334481','danieldu1018@gmail.com','9999999999','上海市宝山区','江苏省苏州市',2,355,'宝山区友谊路1号','吃苦耐劳','旅游 ','喜欢小动物','',0,0,0,0,0,0,0,0,'2011-08-10 06:43:13','2011-08-05 03:32:14'),('13222222222','27','310115198410113332','张懿',NULL,NULL,'1984-10-00',1,'14544334482','danieldu1018@gmail.com','9999999999','上海市嘉定区','江苏省苏州市',2,355,'嘉定区环城路566号','吃苦耐劳','旅游 ','实际','',0,0,0,0,0,0,0,0,'2011-08-10 06:43:13','2011-08-05 03:32:14'),('13222222222','28','310115198711308876','王远波',NULL,NULL,'1987-11-00',2,'14544334483','danieldu1018@gmail.com','9999999999','上海市嘉定区','江苏省苏州市',2,355,'嘉定区环城路566号','吃苦耐劳','读书','实际','',0,0,0,0,0,0,0,0,'2011-08-10 06:43:13','2011-08-05 03:32:14'),('13222222222','29','310115198501161668','董仕',NULL,NULL,'1985-01-00',1,'14544334484','danieldu1018@gmail.com','9999999999','上海市奉贤区','浙江省杭州市',2,355,'川南奉公路3440号','诚实 适应力强','上网 旅游 美容','实际','',0,0,0,0,0,0,0,0,'2011-08-10 06:43:13','2011-08-05 03:32:14'),('13222222222','3','310115198501145440','俞晴',NULL,NULL,'1985-01-00',1,'14544334458','danieldu1018@gmail.com','9999999999','黑龙江省齐齐哈尔市','黑龙江省齐齐哈尔市',2,355,'黑龙江省齐齐哈尔市民力路566号','','','','',0,0,0,0,0,0,0,0,'2011-08-10 06:43:13','2011-08-05 03:32:14'),('13222222222','30','310115198410132221','楼航',NULL,NULL,'1984-10-00',2,'14544334485','danieldu1018@gmail.com','9999999999','上海市黄浦区','浙江省杭州市',2,355,'汉口路79号','善交流 开朗','上网 旅游 美容','善解人意','',0,0,0,0,0,0,0,0,'2011-08-10 06:43:13','2011-08-05 03:32:14'),('13222222222','31','310115198410115453','左立平',NULL,NULL,'1984-10-00',1,'14544334486','danieldu1018@gmail.com','9999999999','上海市宝山区','山东省招远市',NULL,NULL,'上海市宝山区宝山一路55号','精明，开朗','读书','实际','',0,0,0,0,0,0,0,0,'2011-08-10 06:10:59','2011-08-05 03:32:14'),('13222222222','32','310115198710115683','顾莉娜',NULL,NULL,'1987-10-00',2,'14544334487','danieldu1018@gmail.com','9999999999','北京市海淀区','北京市石景山区',2,1,'北京市海淀区长安街100号','适应力强 吃苦耐劳','唱歌，跳舞','耐力好','',0,0,0,0,0,0,0,0,'2011-08-10 06:43:13','2011-08-05 03:32:14'),('13222222222','33','310115198501145443','王茜媛',NULL,NULL,'1985-01-00',1,'14544334488','danieldu1018@gmail.com','9999999999','黑龙江省齐齐哈尔市','黑龙江省齐齐哈尔市',2,1,'黑龙江省齐齐哈尔市民力路566号','善交流 开朗','逛街 唱歌，跳舞','爱好美与艺术','',0,0,0,0,0,0,0,0,'2011-08-10 06:43:13','2011-08-05 03:32:14'),('13222222222','34','310115198403253453','彭黛蒙',NULL,NULL,'1984-03-00',2,'14544334489','danieldu1018@gmail.com','9999999999','云南省昆明市','云南省昆明市',2,1,'上海市中山西路1000号','精明 诚实','运动 上网','充满感性','',0,0,0,0,0,0,0,0,'2011-08-10 06:43:13','2011-08-05 03:32:14'),('13222222222','35','310115198702115633','张燕',NULL,NULL,'1987-02-00',1,'14544334490','danieldu1018@gmail.com','9999999999','上海市浦东新区','上海市浦东新区',2,1,'上海市浦东大道400号','学习能力强 积极','旅游 ','善解人意','',0,0,0,0,0,0,0,0,'2011-08-10 06:43:13','2011-08-05 03:32:14'),('13222222222','36','310115198509115653','蒋悦',NULL,NULL,'1985-09-00',2,'14544334491','danieldu1018@gmail.com','9999999999','上海市宝山区','江苏省苏州市',2,1,'宝山区友谊路1号','吃苦耐劳','旅游 ','喜欢小动物','',0,0,0,0,0,0,0,0,'2011-08-10 06:43:13','2011-08-05 03:32:14'),('13222222222','37','310115198410113333','诸佳谊',NULL,NULL,'1984-10-00',1,'14544334492','danieldu1018@gmail.com','9999999999','上海市嘉定区','江苏省苏州市',2,1,'嘉定区环城路566号','吃苦耐劳','旅游 ','实际','',0,0,0,0,0,0,0,0,'2011-08-10 06:43:13','2011-08-05 03:32:14'),('13222222222','38','310115198711308873','王磊元',NULL,NULL,'1987-11-00',2,'14544334493','danieldu1018@gmail.com','9999999999','上海市嘉定区','江苏省苏州市',2,1,'嘉定区环城路566号','吃苦耐劳','读书','实际','',0,0,0,0,0,0,0,0,'2011-08-10 06:43:13','2011-08-05 03:32:14'),('13222222222','39','310115198501161663','朱丹',NULL,NULL,'1985-01-00',1,'14544334494','danieldu1018@gmail.com','9999999999','上海市奉贤区','浙江省杭州市',2,1,'川南奉公路3440号','诚实 适应力强','上网 旅游 美容','实际','',0,0,0,0,0,0,0,0,'2011-08-10 06:43:13','2011-08-05 03:32:14'),('13222222222','4','310115198403253450','山红霞',NULL,NULL,'1984-03-00',2,'','danieldu1018@gmail.com','9999999999','云南省昆明市','云南省昆明市',2,355,'上海市中山西路1000号','精明 诚实','运动 上网','充满感性','',0,0,0,0,0,0,0,0,'2011-08-10 06:43:13','2011-08-05 03:32:14'),('13222222222','40','310115198410132223','徐浩',NULL,NULL,'1984-10-00',2,'14544334495','danieldu1018@gmail.com','9999999999','上海市黄浦区','浙江省杭州市',2,1,'汉口路79号','善交流 开朗','上网 旅游 美容','善解人意','',0,0,0,0,0,0,0,0,'2011-08-10 06:43:13','2011-08-05 03:32:14'),('13222222222','41','310115198410115457','沈强',NULL,NULL,'1984-10-00',1,'14544334496','danieldu1018@gmail.com','9999999999','上海市宝山区','山东省招远市',2,1,'上海市宝山区宝山一路55号','精明，开朗','读书','实际','',0,0,0,0,0,0,0,0,'2011-08-10 06:43:13','2011-08-05 03:32:14'),('13222222222','42','310115198710111567','李琳',NULL,NULL,'1987-10-00',2,'14544334497','danieldu1018@gmail.com','9999999999','北京市海淀区','北京市石景山区',2,1,'北京市海淀区长安街100号','适应力强 吃苦耐劳','唱歌，跳舞','耐力好','',0,0,0,0,0,0,0,0,'2011-08-10 06:43:13','2011-08-05 03:32:14'),('13222222222','43','310115198501145447','黄薇薇',NULL,NULL,'1985-01-00',1,'14544334498','danieldu1018@gmail.com','9999999999','黑龙江省齐齐哈尔市','黑龙江省齐齐哈尔市',2,1,'黑龙江省齐齐哈尔市民力路566号','善交流 开朗','逛街 唱歌，跳舞','爱好美与艺术','',0,0,0,0,0,0,0,0,'2011-08-10 06:43:13','2011-08-05 03:32:14'),('13222222222','44','310115198403253457','杜萌',NULL,NULL,'1984-03-00',2,'14544334499','danieldu1018@gmail.com','9999999999','云南省昆明市','云南省昆明市',2,1,'上海市中山西路1000号','精明 诚实','运动 上网','充满感性','',0,0,0,0,0,0,0,0,'2011-08-10 06:43:13','2011-08-05 03:32:14'),('13222222222','45','310115198702115637','杨蒨',NULL,NULL,'1987-02-00',1,'14544334500','danieldu1018@gmail.com','9999999999','上海市浦东新区','上海市浦东新区',2,1,'上海市浦东大道400号','学习能力强 积极','旅游 ','善解人意','',0,0,0,0,0,0,0,0,'2011-08-10 06:43:13','2011-08-05 03:32:14'),('13222222222','46','310115198509115557','王颖',NULL,NULL,'1985-09-00',2,'14544334501','danieldu1018@gmail.com','9999999999','上海市宝山区','江苏省苏州市',2,1,'宝山区友谊路1号','吃苦耐劳','旅游 ','喜欢小动物','',0,0,0,0,0,0,0,0,'2011-08-10 06:43:13','2011-08-05 03:32:14'),('13222222222','47','310115198410113337','张美瑾',NULL,NULL,'1984-10-00',1,'14544334502','danieldu1018@gmail.com','9999999999','上海市嘉定区','江苏省苏州市',2,1,'嘉定区环城路566号','吃苦耐劳','旅游 ','实际','',0,0,0,0,0,0,0,0,'2011-08-10 06:43:13','2011-08-05 03:32:14'),('13222222222','48','310115198711308877','何洁琼',NULL,NULL,'1987-11-00',2,'14544334503','danieldu1018@gmail.com','9999999999','上海市嘉定区','江苏省苏州市',2,1,'嘉定区环城路566号','吃苦耐劳','读书','实际','',0,0,0,0,0,0,0,0,'2011-08-10 06:43:13','2011-08-05 03:32:14'),('13222222222','49','310115198501161667','姚涓涓',NULL,NULL,'1985-01-00',1,'14544334504','danieldu1018@gmail.com','9999999999','上海市奉贤区','浙江省杭州市',2,1,'川南奉公路3440号','诚实 适应力强','上网 旅游 美容','实际','',0,0,0,0,0,0,0,0,'2011-08-10 06:43:13','2011-08-05 03:32:14'),('13222222222','5','310115198702115630','李翀',NULL,NULL,'1987-02-00',1,'14544334460','danieldu1018@gmail.com','9999999999','上海市浦东新区','上海市浦东新区',2,355,'上海市浦东大道400号','学习能力强 积极','旅游 ','善解人意','',0,0,0,0,0,0,0,0,'2011-08-10 06:43:13','2011-08-05 03:32:14'),('13222222222','50','310115198410132227','姚蓓蓓',NULL,NULL,'1984-10-00',2,'14544334505','danieldu1018@gmail.com','9999999999','上海市黄浦区','浙江省杭州市',2,1,'汉口路79号','善交流 开朗','上网 旅游 美容','善解人意','',0,0,0,0,0,0,0,0,'2011-08-10 06:43:13','2011-08-05 03:32:14'),('13222222222','51','310115198410115459','姜伟伟',NULL,NULL,'1984-10-00',1,'14544334506','danieldu1018@gmail.com','9999999999','上海市宝山区','山东省招远市',2,1,'上海市宝山区宝山一路55号','精明，开朗','读书','实际','',0,0,0,0,0,0,0,0,'2011-08-10 06:43:13','2011-08-05 03:32:14'),('13222222222','52','310115198710115669','胡怡',NULL,NULL,'1987-10-00',2,'14544334507','danieldu1018@gmail.com','9999999999','北京市海淀区','北京市石景山区',2,1,'北京市海淀区长安街100号','适应力强 吃苦耐劳','唱歌，跳舞','耐力好','',0,0,0,0,0,0,0,0,'2011-08-10 06:43:13','2011-08-05 03:32:14'),('13222222222','53','310115198501145449','杜沛沛',NULL,NULL,'1985-01-00',1,'14544334508','danieldu1018@gmail.com','9999999999','黑龙江省齐齐哈尔市','黑龙江省齐齐哈尔市',2,1,'黑龙江省齐齐哈尔市民力路566号','善交流 开朗','逛街 唱歌，跳舞','爱好美与艺术','',0,0,0,0,0,0,0,0,'2011-08-10 06:43:13','2011-08-05 03:32:14'),('13222222222','54','310115198403253459','陈黎昀',NULL,NULL,'1984-03-00',2,'14544334509','danieldu1018@gmail.com','9999999999','云南省昆明市','云南省昆明市',2,1,'上海市中山西路1000号','精明 诚实','运动 上网','充满感性','',0,0,0,0,0,0,0,0,'2011-08-10 06:43:13','2011-08-05 03:32:14'),('13222222222','55','310115198702115639','陈逸菲',NULL,NULL,'1987-02-00',1,'14544334510','danieldu1018@gmail.com','9999999999','上海市浦东新区','上海市浦东新区',2,1,'上海市浦东大道400号','学习能力强 积极','旅游 ','善解人意','',0,0,0,0,0,0,0,0,'2011-08-10 06:43:13','2011-08-05 03:32:14'),('13222222222','56','310115198509115559','段秋雨',NULL,NULL,'1985-09-00',2,'14544334511','danieldu1018@gmail.com','9999999999','上海市宝山区','江苏省苏州市',2,1,'宝山区友谊路1号','吃苦耐劳','旅游 ','喜欢小动物','',0,0,0,0,0,0,0,0,'2011-08-10 06:43:13','2011-08-05 03:32:14'),('13222222222','57','310115198410113339','王君',NULL,NULL,'1984-10-00',1,'14544334512','danieldu1018@gmail.com','9999999999','上海市嘉定区','江苏省苏州市',2,1,'嘉定区环城路566号','吃苦耐劳','旅游 ','实际','',0,0,0,0,0,0,0,0,'2011-08-10 06:43:13','2011-08-05 03:32:14'),('13222222222','58','310115198711308879','朱彦',NULL,NULL,'1987-11-00',2,'14544334513','danieldu1018@gmail.com','9999999999','上海市嘉定区','江苏省苏州市',2,1,'嘉定区环城路566号','吃苦耐劳','读书','实际','',0,0,0,0,0,0,0,0,'2011-08-10 06:43:13','2011-08-05 03:32:14'),('13222222222','59','310115198501161669','徐津闻',NULL,NULL,'1985-01-00',1,'14544334514','danieldu1018@gmail.com','9999999999','上海市奉贤区','浙江省杭州市',2,1,'川南奉公路3440号','诚实 适应力强','上网 旅游 美容','实际','',0,0,0,0,0,0,0,0,'2011-08-10 06:43:13','2011-08-05 03:32:14'),('13222222222','6','310115198509115650','沈玲',NULL,NULL,'1985-09-00',2,'14544334461','danieldu1018@gmail.com','9999999999','上海市宝山区','江苏省苏州市',2,355,'宝山区友谊路1号','吃苦耐劳','旅游 ','喜欢小动物','',0,0,0,0,0,0,0,0,'2011-08-10 06:43:13','2011-08-05 03:32:14'),('13222222222','60','310115198410132229','陈佩艺',NULL,NULL,'1984-10-00',2,'14544334515','danieldu1018@gmail.com','9999999999','上海市黄浦区','浙江省杭州市',2,1,'汉口路79号','善交流 开朗','上网 旅游 美容','善解人意','',0,0,0,0,0,0,0,0,'2011-08-10 06:43:13','2011-08-05 03:32:14'),('13222222222','61','310115198410132224','陈媛',NULL,NULL,'1984-10-00',2,'14544334516','danieldu1018@gmail.com','9999999999','上海市黄浦区','浙江省杭州市',2,1,'汉口路79号','善交流 开朗','上网 旅游 美容','善解人意','',0,0,0,0,0,0,0,0,'2011-08-10 06:43:13','2011-08-05 03:32:14'),('13222222222','7','310115198410113330','朱瑾',NULL,NULL,'1984-10-00',1,'14544334462','danieldu1018@gmail.com','9999999999','上海市嘉定区','江苏省苏州市',2,355,'嘉定区环城路566号','吃苦耐劳','旅游 ','实际','',0,0,0,0,0,0,0,0,'2011-08-10 06:43:13','2011-08-05 03:32:14'),('13222222222','8','310115198711308870','邵颖',NULL,NULL,'1987-11-00',2,'14544334463','danieldu1018@gmail.com','9999999999','上海市嘉定区','江苏省苏州市',2,355,'嘉定区环城路566号','吃苦耐劳','读书','实际','',0,0,0,0,0,0,0,0,'2011-08-10 06:43:13','2011-08-05 03:32:14'),('13222222222','9','310115198501161660','刘巍',NULL,NULL,'1985-01-00',1,'14544334464','danieldu1018@gmail.com','9999999999','上海市奉贤区','浙江省杭州市',2,355,'川南奉公路3440号','诚实 适应力强','上网 旅游 美容','实际','',0,0,0,0,0,0,0,0,'2011-08-10 06:43:13','2011-08-05 03:32:14'),('testEnterpriseUser','65',NULL,NULL,NULL,NULL,NULL,NULL,NULL,NULL,'pp1',NULL,NULL,NULL,NULL,NULL,NULL,NULL,NULL,NULL,NULL,NULL,NULL,NULL,NULL,NULL,NULL,NULL,'2011-09-06 11:12:24','2011-09-06 11:12:24'),('testEnterpriseUser','66',NULL,NULL,NULL,NULL,NULL,NULL,'88888888888',NULL,'pp2',NULL,NULL,NULL,NULL,NULL,NULL,NULL,NULL,NULL,NULL,NULL,NULL,NULL,NULL,NULL,NULL,NULL,'2011-09-06 11:18:51','2011-09-06 11:18:51'),('testEnterpriseUser','68',NULL,NULL,NULL,NULL,NULL,NULL,NULL,NULL,'pp5',NULL,NULL,NULL,NULL,NULL,NULL,NULL,NULL,NULL,NULL,NULL,NULL,NULL,NULL,NULL,NULL,NULL,'2011-09-06 11:25:09','2011-09-06 11:25:09'),('testEnterpriseUser','69',NULL,NULL,NULL,NULL,NULL,NULL,NULL,NULL,NULL,NULL,NULL,NULL,NULL,NULL,NULL,NULL,NULL,NULL,NULL,NULL,NULL,NULL,NULL,NULL,NULL,NULL,'2011-09-06 13:23:31','2011-09-06 13:23:31');
/*!40000 ALTER TABLE `T_Hunter_Talent` ENABLE KEYS */;
UNLOCK TABLES;

--
-- Table structure for table `T_Hunter_Talent_Edu`
--

DROP TABLE IF EXISTS `T_Hunter_Talent_Edu`;
/*!40101 SET @saved_cs_client     = @@character_set_client */;
/*!40101 SET character_set_client = utf8 */;
CREATE TABLE `T_Hunter_Talent_Edu` (
  `hunter_talent_edu_Talent_id` varchar(11) NOT NULL COMMENT '人才id',
  `hunter_talent_edu_Hunter_account` varchar(20) NOT NULL COMMENT '所属猎头account',
  `hunter_talent_edu_School` varchar(100) NOT NULL COMMENT '毕业院校',
  `hunter_talent_edu_Major` varchar(100) NOT NULL COMMENT '专业',
  `hunter_talent_edu_Degree_id` int(11) NOT NULL COMMENT '学历程度id',
  `hunter_talent_edu_Start_date` date NOT NULL COMMENT '开始日期',
  `hunter_talent_edu_End_date` date DEFAULT NULL COMMENT '结束日期',
  `time_updated` timestamp NOT NULL DEFAULT CURRENT_TIMESTAMP ON UPDATE CURRENT_TIMESTAMP,
  `time_created` timestamp NOT NULL DEFAULT '0000-00-00 00:00:00',
  PRIMARY KEY (`hunter_talent_edu_Talent_id`,`hunter_talent_edu_Hunter_account`,`hunter_talent_edu_School`,`hunter_talent_edu_Major`,`hunter_talent_edu_Degree_id`)
) ENGINE=InnoDB DEFAULT CHARSET=utf8;
/*!40101 SET character_set_client = @saved_cs_client */;

--
-- Dumping data for table `T_Hunter_Talent_Edu`
--

LOCK TABLES `T_Hunter_Talent_Edu` WRITE;
/*!40000 ALTER TABLE `T_Hunter_Talent_Edu` DISABLE KEYS */;
INSERT INTO `T_Hunter_Talent_Edu` VALUES ('1','13111111111','上海市南湖职校','',4,'2001-09-00','2004-06-00','2011-08-05 05:34:43','2011-08-05 05:34:43'),('1','13222222222','上海市南湖职校','',4,'2001-09-00','2004-06-00','2011-08-05 05:34:57','2011-08-05 05:34:57'),('10','13111111111','杭州美容技术学校','',8,'2000-09-00','2005-06-00','2011-08-05 05:34:43','2011-08-05 05:34:43'),('10','13222222222','杭州美容技术学校','',8,'2000-09-00','2005-06-00','2011-08-05 05:34:57','2011-08-05 05:34:57'),('11','13111111111','上海市南湖职校','',4,'2001-09-00','2004-06-00','2011-08-05 05:34:43','2011-08-05 05:34:43'),('11','13222222222','上海市南湖职校','',4,'2001-09-00','2004-06-00','2011-08-05 05:34:57','2011-08-05 05:34:57'),('12','13111111111','北京航空大学','',8,'2000-09-00','2005-06-00','2011-08-05 05:34:43','2011-08-05 05:34:43'),('12','13222222222','北京航空大学','',8,'2000-09-00','2005-06-00','2011-08-05 05:34:57','2011-08-05 05:34:57'),('13','13111111111','黑龙江农业大学','',8,'2000-09-00','2005-06-00','2011-08-05 05:34:43','2011-08-05 05:34:43'),('13','13222222222','黑龙江农业大学','',8,'2000-09-00','2005-06-00','2011-08-05 05:34:57','2011-08-05 05:34:57'),('13000000016','13111111111','1','1',1,'0000-00-00',NULL,'2011-09-15 01:15:27','2011-09-15 01:15:27'),('14','13111111111','上海应用科学技术大学','',8,'2001-09-00','2004-06-00','2011-08-05 05:34:43','2011-08-05 05:34:43'),('14','13222222222','上海应用科学技术大学','',8,'2001-09-00','2004-06-00','2011-08-05 05:34:57','2011-08-05 05:34:57'),('15','13111111111','上海建桥学院','',8,'2001-09-00','2004-06-00','2011-08-05 05:34:43','2011-08-05 05:34:43'),('15','13222222222','上海建桥学院','',8,'2001-09-00','2004-06-00','2011-08-05 05:34:57','2011-08-05 05:34:57'),('16','13111111111','上海民办侨光大学','',8,'2000-09-00','2005-06-00','2011-08-05 05:34:43','2011-08-05 05:34:43'),('16','13222222222','上海民办侨光大学','',8,'2000-09-00','2005-06-00','2011-08-05 05:34:57','2011-08-05 05:34:57'),('17','13111111111','苏州大学','',8,'2000-09-00','2005-06-00','2011-08-05 05:34:43','2011-08-05 05:34:43'),('17','13222222222','苏州大学','',8,'2000-09-00','2005-06-00','2011-08-05 05:34:57','2011-08-05 05:34:57'),('18','13111111111','苏州大学','',8,'2001-09-00','2004-06-00','2011-08-05 05:34:43','2011-08-05 05:34:43'),('18','13222222222','苏州大学','',8,'2001-09-00','2004-06-00','2011-08-05 05:34:57','2011-08-05 05:34:57'),('19','13111111111','杭州美容技术学校','',8,'2001-09-00','2004-06-00','2011-08-05 05:34:43','2011-08-05 05:34:43'),('19','13222222222','杭州美容技术学校','',8,'2001-09-00','2004-06-00','2011-08-05 05:34:57','2011-08-05 05:34:57'),('20','13111111111','杭州美容技术学校','',8,'2000-09-00','2005-06-00','2011-08-05 05:34:43','2011-08-05 05:34:43'),('20','13222222222','杭州美容技术学校','',8,'2000-09-00','2005-06-00','2011-08-05 05:34:57','2011-08-05 05:34:57'),('21','13111111111','上海市南湖职校','',4,'2001-09-00','2004-06-00','2011-08-05 05:34:43','2011-08-05 05:34:43'),('21','13222222222','上海市南湖职校','',4,'2001-09-00','2004-06-00','2011-08-05 05:34:57','2011-08-05 05:34:57'),('22','13111111111','北京航空大学','',8,'2000-09-00','2005-06-00','2011-08-05 05:34:43','2011-08-05 05:34:43'),('22','13222222222','北京航空大学','',8,'2000-09-00','2005-06-00','2011-08-05 05:34:57','2011-08-05 05:34:57'),('23','13111111111','黑龙江农业大学','',8,'2000-09-00','2005-06-00','2011-08-05 05:34:43','2011-08-05 05:34:43'),('23','13222222222','黑龙江农业大学','',8,'2000-09-00','2005-06-00','2011-08-05 05:34:57','2011-08-05 05:34:57'),('24','13111111111','上海应用科学技术大学','',8,'2001-09-00','2004-06-00','2011-08-05 05:34:43','2011-08-05 05:34:43'),('24','13222222222','上海应用科学技术大学','',8,'2001-09-00','2004-06-00','2011-08-05 05:34:57','2011-08-05 05:34:57'),('25','13111111111','上海建桥学院','',8,'2001-09-00','2004-06-00','2011-08-05 05:34:43','2011-08-05 05:34:43'),('25','13222222222','上海建桥学院','',8,'2001-09-00','2004-06-00','2011-08-05 05:34:57','2011-08-05 05:34:57'),('26','13111111111','上海民办侨光大学','',8,'2000-09-00','2005-06-00','2011-08-05 05:34:43','2011-08-05 05:34:43'),('26','13222222222','上海民办侨光大学','',8,'2000-09-00','2005-06-00','2011-08-05 05:34:57','2011-08-05 05:34:57'),('27','13111111111','苏州大学','',8,'2000-09-00','2005-06-00','2011-08-05 05:34:43','2011-08-05 05:34:43'),('27','13222222222','苏州大学','',8,'2000-09-00','2005-06-00','2011-08-05 05:34:57','2011-08-05 05:34:57'),('28','13111111111','苏州大学','',8,'2001-09-00','2004-06-00','2011-08-05 05:34:43','2011-08-05 05:34:43'),('28','13222222222','苏州大学','',8,'2001-09-00','2004-06-00','2011-08-05 05:34:57','2011-08-05 05:34:57'),('29','13111111111','杭州美容技术学校','',8,'2001-09-00','2004-06-00','2011-08-05 05:34:43','2011-08-05 05:34:43'),('29','13222222222','杭州美容技术学校','',8,'2001-09-00','2004-06-00','2011-08-05 05:34:57','2011-08-05 05:34:57'),('3','13111111111','黑龙江农业大学','',8,'2000-09-00','2005-06-00','2011-08-05 05:34:43','2011-08-05 05:34:43'),('3','13222222222','黑龙江农业大学','',8,'2000-09-00','2005-06-00','2011-08-05 05:34:57','2011-08-05 05:34:57'),('30','13111111111','杭州美容技术学校','',8,'2000-09-00','2005-06-00','2011-08-05 05:34:43','2011-08-05 05:34:43'),('30','13222222222','杭州美容技术学校','',8,'2000-09-00','2005-06-00','2011-08-05 05:34:57','2011-08-05 05:34:57'),('31','13111111111','上海市南湖职校','',4,'2001-09-00','2004-06-00','2011-08-05 05:34:43','2011-08-05 05:34:43'),('31','13222222222','上海市南湖职校','',4,'2001-09-00','2004-06-00','2011-08-05 05:34:57','2011-08-05 05:34:57'),('32','13111111111','北京航空大学','',8,'2000-09-00','2005-06-00','2011-08-05 05:34:43','2011-08-05 05:34:43'),('32','13222222222','北京航空大学','',8,'2000-09-00','2005-06-00','2011-08-05 05:34:57','2011-08-05 05:34:57'),('33','13111111111','黑龙江农业大学','',8,'2000-09-00','2005-06-00','2011-08-05 05:34:43','2011-08-05 05:34:43'),('33','13222222222','黑龙江农业大学','',8,'2000-09-00','2005-06-00','2011-08-05 05:34:57','2011-08-05 05:34:57'),('34','13111111111','上海应用科学技术大学','',8,'2001-09-00','2004-06-00','2011-08-05 05:34:43','2011-08-05 05:34:43'),('34','13222222222','上海应用科学技术大学','',8,'2001-09-00','2004-06-00','2011-08-05 05:34:57','2011-08-05 05:34:57'),('35','13111111111','上海建桥学院','',8,'2001-09-00','2004-06-00','2011-08-05 05:34:43','2011-08-05 05:34:43'),('35','13222222222','上海建桥学院','',8,'2001-09-00','2004-06-00','2011-08-05 05:34:57','2011-08-05 05:34:57'),('36','13111111111','上海民办侨光大学','',8,'2000-09-00','2005-06-00','2011-08-05 05:34:43','2011-08-05 05:34:43'),('36','13222222222','上海民办侨光大学','',8,'2000-09-00','2005-06-00','2011-08-05 05:34:57','2011-08-05 05:34:57'),('37','13111111111','苏州大学','',8,'2000-09-00','2005-06-00','2011-08-05 05:34:43','2011-08-05 05:34:43'),('37','13222222222','苏州大学','',8,'2000-09-00','2005-06-00','2011-08-05 05:34:57','2011-08-05 05:34:57'),('38','13111111111','苏州大学','',8,'2001-09-00','2004-06-00','2011-08-05 05:34:43','2011-08-05 05:34:43'),('38','13222222222','苏州大学','',8,'2001-09-00','2004-06-00','2011-08-05 05:34:57','2011-08-05 05:34:57'),('39','13111111111','杭州美容技术学校','',8,'2001-09-00','2004-06-00','2011-08-05 05:34:43','2011-08-05 05:34:43'),('39','13222222222','杭州美容技术学校','',8,'2001-09-00','2004-06-00','2011-08-05 05:34:57','2011-08-05 05:34:57'),('4','13111111111','上海应用科学技术大学','',8,'2001-09-00','2004-06-00','2011-08-05 05:34:43','2011-08-05 05:34:43'),('4','13222222222','上海应用科学技术大学','',8,'2001-09-00','2004-06-00','2011-08-05 05:34:57','2011-08-05 05:34:57'),('40','13111111111','杭州美容技术学校','',8,'2000-09-00','2005-06-00','2011-08-05 05:34:43','2011-08-05 05:34:43'),('40','13222222222','杭州美容技术学校','',8,'2000-09-00','2005-06-00','2011-08-05 05:34:57','2011-08-05 05:34:57'),('41','13111111111','上海市南湖职校','',4,'2001-09-00','2004-06-00','2011-08-05 05:34:43','2011-08-05 05:34:43'),('41','13222222222','上海市南湖职校','',4,'2001-09-00','2004-06-00','2011-08-05 05:34:57','2011-08-05 05:34:57'),('42','13111111111','北京航空大学','',8,'2000-09-00','2005-06-00','2011-08-05 05:34:43','2011-08-05 05:34:43'),('42','13222222222','北京航空大学','',8,'2000-09-00','2005-06-00','2011-08-05 05:34:57','2011-08-05 05:34:57'),('43','13111111111','黑龙江农业大学','',8,'2000-09-00','2005-06-00','2011-08-05 05:34:43','2011-08-05 05:34:43'),('43','13222222222','黑龙江农业大学','',8,'2000-09-00','2005-06-00','2011-08-05 05:34:57','2011-08-05 05:34:57'),('44','13111111111','上海应用科学技术大学','',8,'2001-09-00','2004-06-00','2011-08-05 05:34:43','2011-08-05 05:34:43'),('44','13222222222','上海应用科学技术大学','',8,'2001-09-00','2004-06-00','2011-08-05 05:34:57','2011-08-05 05:34:57'),('45','13111111111','上海建桥学院','',8,'2001-09-00','2004-06-00','2011-08-05 05:34:43','2011-08-05 05:34:43'),('45','13222222222','上海建桥学院','',8,'2001-09-00','2004-06-00','2011-08-05 05:34:57','2011-08-05 05:34:57'),('46','13111111111','上海民办侨光大学','',8,'2000-09-00','2005-06-00','2011-08-05 05:34:43','2011-08-05 05:34:43'),('46','13222222222','上海民办侨光大学','',8,'2000-09-00','2005-06-00','2011-08-05 05:34:57','2011-08-05 05:34:57'),('47','13111111111','苏州大学','',8,'2000-09-00','2005-06-00','2011-08-05 05:34:43','2011-08-05 05:34:43'),('47','13222222222','苏州大学','',8,'2000-09-00','2005-06-00','2011-08-05 05:34:57','2011-08-05 05:34:57'),('48','13111111111','苏州大学','',8,'2001-09-00','2004-06-00','2011-08-05 05:34:43','2011-08-05 05:34:43'),('48','13222222222','苏州大学','',8,'2001-09-00','2004-06-00','2011-08-05 05:34:57','2011-08-05 05:34:57'),('49','13111111111','杭州美容技术学校','',8,'2001-09-00','2004-06-00','2011-08-05 05:34:43','2011-08-05 05:34:43'),('49','13222222222','杭州美容技术学校','',8,'2001-09-00','2004-06-00','2011-08-05 05:34:57','2011-08-05 05:34:57'),('5','13111111111','上海建桥学院','',8,'2001-09-00','2004-06-00','2011-08-05 05:34:43','2011-08-05 05:34:43'),('5','13222222222','上海建桥学院','',8,'2001-09-00','2004-06-00','2011-08-05 05:34:57','2011-08-05 05:34:57'),('50','13111111111','杭州美容技术学校','',8,'2000-09-00','2005-06-00','2011-08-05 05:34:43','2011-08-05 05:34:43'),('50','13222222222','杭州美容技术学校','',8,'2000-09-00','2005-06-00','2011-08-05 05:34:57','2011-08-05 05:34:57'),('51','13111111111','上海市南湖职校','',4,'2001-09-00','2004-06-00','2011-08-05 05:34:43','2011-08-05 05:34:43'),('51','13222222222','上海市南湖职校','',4,'2001-09-00','2004-06-00','2011-08-05 05:34:57','2011-08-05 05:34:57'),('52','13111111111','北京航空大学','',8,'2000-09-00','2005-06-00','2011-08-05 05:34:43','2011-08-05 05:34:43'),('52','13222222222','北京航空大学','',8,'2000-09-00','2005-06-00','2011-08-05 05:34:57','2011-08-05 05:34:57'),('53','13111111111','黑龙江农业大学','',8,'2000-09-00','2005-06-00','2011-08-05 05:34:43','2011-08-05 05:34:43'),('53','13222222222','黑龙江农业大学','',8,'2000-09-00','2005-06-00','2011-08-05 05:34:57','2011-08-05 05:34:57'),('54','13111111111','上海应用科学技术大学','',8,'2001-09-00','2004-06-00','2011-08-05 05:34:43','2011-08-05 05:34:43'),('54','13222222222','上海应用科学技术大学','',8,'2001-09-00','2004-06-00','2011-08-05 05:34:57','2011-08-05 05:34:57'),('55','13111111111','上海建桥学院','',8,'2001-09-00','2004-06-00','2011-08-05 05:34:43','2011-08-05 05:34:43'),('55','13222222222','上海建桥学院','',8,'2001-09-00','2004-06-00','2011-08-05 05:34:57','2011-08-05 05:34:57'),('56','13111111111','上海民办侨光大学','',8,'2000-09-00','2005-06-00','2011-08-05 05:34:43','2011-08-05 05:34:43'),('56','13222222222','上海民办侨光大学','',8,'2000-09-00','2005-06-00','2011-08-05 05:34:57','2011-08-05 05:34:57'),('57','13111111111','苏州大学','',8,'2000-09-00','2005-06-00','2011-08-05 05:34:43','2011-08-05 05:34:43'),('57','13222222222','苏州大学','',8,'2000-09-00','2005-06-00','2011-08-05 05:34:57','2011-08-05 05:34:57'),('58','13111111111','苏州大学','',8,'2001-09-00','2004-06-00','2011-08-05 05:34:43','2011-08-05 05:34:43'),('58','13222222222','苏州大学','',8,'2001-09-00','2004-06-00','2011-08-05 05:34:57','2011-08-05 05:34:57'),('59','13111111111','杭州美容技术学校','',8,'2001-09-00','2004-06-00','2011-08-05 05:34:43','2011-08-05 05:34:43'),('59','13222222222','杭州美容技术学校','',8,'2001-09-00','2004-06-00','2011-08-05 05:34:57','2011-08-05 05:34:57'),('6','13111111111','上海民办侨光大学','',8,'2000-09-00','2005-06-00','2011-08-05 05:34:43','2011-08-05 05:34:43'),('6','13222222222','上海民办侨光大学','',8,'2000-09-00','2005-06-00','2011-08-05 05:34:57','2011-08-05 05:34:57'),('60','13111111111','杭州美容技术学校','',8,'2000-09-00','2005-06-00','2011-08-05 05:34:43','2011-08-05 05:34:43'),('60','13222222222','杭州美容技术学校','',8,'2000-09-00','2005-06-00','2011-08-05 05:34:57','2011-08-05 05:34:57'),('61','13111111111','杭州美容技术学校','',8,'2000-09-00','2005-06-00','2011-08-05 05:34:43','2011-08-05 05:34:43'),('61','13222222222','杭州美容技术学校','',8,'2000-09-00','2005-06-00','2011-08-05 05:34:57','2011-08-05 05:34:57'),('7','13111111111','苏州大学','',8,'2000-09-00','2005-06-00','2011-08-05 05:34:43','2011-08-05 05:34:43'),('7','13222222222','苏州大学','',8,'2000-09-00','2005-06-00','2011-08-05 05:34:57','2011-08-05 05:34:57'),('8','13111111111','苏州大学','',8,'2001-09-00','2004-06-00','2011-08-05 05:34:43','2011-08-05 05:34:43'),('8','13222222222','苏州大学','',8,'2001-09-00','2004-06-00','2011-08-05 05:34:57','2011-08-05 05:34:57'),('9','13111111111','杭州美容技术学校','',8,'2001-09-00','2004-06-00','2011-08-05 05:34:43','2011-08-05 05:34:43'),('9','13222222222','杭州美容技术学校','',8,'2001-09-00','2004-06-00','2011-08-05 05:34:57','2011-08-05 05:34:57');
/*!40000 ALTER TABLE `T_Hunter_Talent_Edu` ENABLE KEYS */;
UNLOCK TABLES;

--
-- Table structure for table `T_Hunter_Talent_File`
--

DROP TABLE IF EXISTS `T_Hunter_Talent_File`;
/*!40101 SET @saved_cs_client     = @@character_set_client */;
/*!40101 SET character_set_client = utf8 */;
CREATE TABLE `T_Hunter_Talent_File` (
  `hunter_talent_file_Talent_Id` varchar(11) NOT NULL COMMENT '人才id',
  `hunter_talent_file_Hunter_account` varchar(20) NOT NULL COMMENT '所属猎头account',
  `hunter_talent_file_File_Id` int(11) NOT NULL DEFAULT '0' COMMENT '人才文件id',
  `time_updated` timestamp NOT NULL DEFAULT CURRENT_TIMESTAMP ON UPDATE CURRENT_TIMESTAMP,
  `time_created` timestamp NOT NULL DEFAULT '0000-00-00 00:00:00',
  PRIMARY KEY (`hunter_talent_file_Talent_Id`,`hunter_talent_file_Hunter_account`,`hunter_talent_file_File_Id`)
) ENGINE=InnoDB DEFAULT CHARSET=utf8;
/*!40101 SET character_set_client = @saved_cs_client */;

--
-- Dumping data for table `T_Hunter_Talent_File`
--

LOCK TABLES `T_Hunter_Talent_File` WRITE;
/*!40000 ALTER TABLE `T_Hunter_Talent_File` DISABLE KEYS */;
/*!40000 ALTER TABLE `T_Hunter_Talent_File` ENABLE KEYS */;
UNLOCK TABLES;

--
-- Table structure for table `T_Hunter_Talent_Job`
--

DROP TABLE IF EXISTS `T_Hunter_Talent_Job`;
/*!40101 SET @saved_cs_client     = @@character_set_client */;
/*!40101 SET character_set_client = utf8 */;
CREATE TABLE `T_Hunter_Talent_Job` (
  `hunter_talent_job_Hunter_account` varchar(20) NOT NULL COMMENT '所属猎头account',
  `hunter_talent_job_Talent_id` varchar(11) NOT NULL COMMENT '人才id',
  `hunter_talent_job_Job_id` int(11) NOT NULL COMMENT '职位id',
  `hunter_talent_job_Status` int(11) NOT NULL COMMENT '猎头推荐人才状态id',
  `hunter_talent_job_Status_update_time` datetime NOT NULL COMMENT '猎头推荐人才到职位状态更新时间',
  `hunter_talent_job_Talent_id_card` varchar(18) DEFAULT NULL COMMENT '身份证号码',
  `hunter_talent_job_Talent_Name` varchar(10) DEFAULT NULL COMMENT '姓名',
  `hunter_talent_job_Talent_height` int(11) DEFAULT NULL COMMENT '身高',
  `hunter_talent_job_Talent_weight` int(11) DEFAULT NULL COMMENT '体重',
  `hunter_talent_job_Talent_born_year` date DEFAULT NULL COMMENT '出生年份',
  `hunter_talent_job_Talent_sex_id` int(11) DEFAULT NULL COMMENT '性别',
  `hunter_talent_job_Talent_mobile` varchar(11) DEFAULT NULL COMMENT '手机',
  `hunter_talent_job_Talent_mail` varchar(50) DEFAULT NULL COMMENT '邮件',
  `hunter_talent_job_Talent_qq` varchar(20) DEFAULT NULL COMMENT 'qq号',
  `hunter_talent_job_Talent_hukou` varchar(200) DEFAULT NULL,
  `hunter_talent_job_Talent_born_place` varchar(100) DEFAULT NULL COMMENT '出生地',
  `hunter_talent_job_Talent_location_type_id` int(11) DEFAULT NULL COMMENT '区域类型id(省或直辖市,城市)',
  `hunter_talent_job_Talent_live_id` int(11) DEFAULT NULL COMMENT '居住地id(由区域类型id指定基础表,找到居住地id)',
  `hunter_talent_job_Talent_live_street` varchar(100) DEFAULT NULL COMMENT '居住地街道地址',
  `hunter_talent_job_Talent_self_comment` varchar(500) DEFAULT NULL COMMENT '自我评价',
  `hunter_talent_job_Talent_hobby` varchar(500) DEFAULT NULL COMMENT '兴趣',
  `hunter_talent_job_Talent_feature` varchar(500) DEFAULT NULL COMMENT '个人特色',
  `hunter_talent_job_Video_url` varchar(255) DEFAULT NULL COMMENT '视频链接',
  `hunter_talent_job_Wuguan` int(11) DEFAULT NULL,
  `hunter_talent_job_Pifu` int(11) DEFAULT NULL,
  `hunter_talent_job_Xiushi` int(11) DEFAULT NULL,
  `hunter_talent_job_Qizhi` int(11) DEFAULT NULL,
  `hunter_talent_job_Tantu` int(11) DEFAULT NULL,
  `hunter_talent_job_Juzhi` int(11) DEFAULT NULL,
  `hunter_talent_job_Goutong` int(11) DEFAULT NULL,
  `hunter_talent_job_Xiaoshou` int(11) DEFAULT NULL,
  `time_updated` timestamp NOT NULL DEFAULT CURRENT_TIMESTAMP ON UPDATE CURRENT_TIMESTAMP,
  `time_created` timestamp NOT NULL DEFAULT '0000-00-00 00:00:00',
  PRIMARY KEY (`hunter_talent_job_Hunter_account`,`hunter_talent_job_Talent_id`,`hunter_talent_job_Job_id`)
) ENGINE=InnoDB DEFAULT CHARSET=utf8;
/*!40101 SET character_set_client = @saved_cs_client */;

--
-- Dumping data for table `T_Hunter_Talent_Job`
--

LOCK TABLES `T_Hunter_Talent_Job` WRITE;
/*!40000 ALTER TABLE `T_Hunter_Talent_Job` DISABLE KEYS */;
INSERT INTO `T_Hunter_Talent_Job` VALUES ('13111111111','1',1,1,'2011-09-15 08:02:32',NULL,NULL,NULL,NULL,NULL,NULL,NULL,NULL,NULL,NULL,NULL,NULL,NULL,NULL,NULL,NULL,NULL,NULL,NULL,NULL,NULL,NULL,NULL,NULL,NULL,NULL,'2011-09-15 00:02:32','2011-09-15 00:02:32'),('13111111111','10',24,1,'2011-08-05 12:56:04','310115198410132220','朱静',NULL,NULL,'1984-10-00',2,'14544334465','danieldu1018@gmail.com','9999999999','上海市黄浦区','浙江省杭州市',2,355,'汉口路79号','善交流 开朗','上网 旅游 美容','善解人意',NULL,NULL,NULL,NULL,NULL,NULL,NULL,NULL,NULL,'2011-08-10 06:39:29','2011-08-05 04:56:04'),('13111111111','10',31,2,'2011-08-05 12:56:04','310115198410132220','朱静',NULL,NULL,'1984-10-00',2,'14544334465','danieldu1018@gmail.com','9999999999','上海市黄浦区','浙江省杭州市',2,355,'汉口路79号','善交流 开朗','上网 旅游 美容','善解人意',NULL,NULL,NULL,NULL,NULL,NULL,NULL,NULL,NULL,'2011-08-10 06:39:29','2011-08-05 04:56:04'),('13111111111','10',42,3,'2011-08-05 12:56:04','310115198410132220','朱静',NULL,NULL,'1984-10-00',2,'14544334465','danieldu1018@gmail.com','9999999999','上海市黄浦区','浙江省杭州市',2,355,'汉口路79号','善交流 开朗','上网 旅游 美容','善解人意',NULL,NULL,NULL,NULL,NULL,NULL,NULL,NULL,NULL,'2011-08-10 06:39:29','2011-08-05 04:56:04'),('13111111111','11',25,1,'2011-08-05 12:56:04','31011519841011545x','杨洁',NULL,NULL,'1984-10-00',1,'14544334466','danieldu1018@gmail.com','9999999999','上海市宝山区','山东省招远市',2,355,'上海市宝山区宝山一路55号','精明，开朗','读书','实际',NULL,NULL,NULL,NULL,NULL,NULL,NULL,NULL,NULL,'2011-08-10 06:39:29','2011-08-05 04:56:04'),('13111111111','11',31,2,'2011-08-05 12:56:04','31011519841011545x','杨洁',NULL,NULL,'1984-10-00',1,'14544334466','danieldu1018@gmail.com','9999999999','上海市宝山区','山东省招远市',2,355,'上海市宝山区宝山一路55号','精明，开朗','读书','实际',NULL,NULL,NULL,NULL,NULL,NULL,NULL,NULL,NULL,'2011-08-10 06:39:29','2011-08-05 04:56:04'),('13111111111','11',43,3,'2011-08-05 12:56:04','31011519841011545x','杨洁',NULL,NULL,'1984-10-00',1,'14544334466','danieldu1018@gmail.com','9999999999','上海市宝山区','山东省招远市',2,355,'上海市宝山区宝山一路55号','精明，开朗','读书','实际',NULL,NULL,NULL,NULL,NULL,NULL,NULL,NULL,NULL,'2011-08-10 06:39:29','2011-08-05 04:56:04'),('13111111111','12',26,1,'2011-08-05 12:56:04','31011519871011756x','祝贺娇',NULL,NULL,'1987-10-00',2,'14544334467','danieldu1018@gmail.com','9999999999','北京市海淀区','北京市石景山区',2,355,'北京市海淀区长安街100号','适应力强 吃苦耐劳','唱歌，跳舞','耐力好',NULL,NULL,NULL,NULL,NULL,NULL,NULL,NULL,NULL,'2011-08-10 06:39:29','2011-08-05 04:56:04'),('13111111111','12',32,3,'2011-08-05 12:56:04','31011519871011756x','祝贺娇',NULL,NULL,'1987-10-00',2,'14544334467','danieldu1018@gmail.com','9999999999','北京市海淀区','北京市石景山区',2,355,'北京市海淀区长安街100号','适应力强 吃苦耐劳','唱歌，跳舞','耐力好',NULL,NULL,NULL,NULL,NULL,NULL,NULL,NULL,NULL,'2011-08-10 06:39:29','2011-08-05 04:56:04'),('13111111111','12',44,3,'2011-08-05 12:56:04','31011519871011756x','祝贺娇',NULL,NULL,'1987-10-00',2,'14544334467','danieldu1018@gmail.com','9999999999','北京市海淀区','北京市石景山区',2,355,'北京市海淀区长安街100号','适应力强 吃苦耐劳','唱歌，跳舞','耐力好',NULL,NULL,NULL,NULL,NULL,NULL,NULL,NULL,NULL,'2011-08-10 06:39:29','2011-08-05 04:56:04'),('13111111111','13',27,1,'2011-08-05 12:56:04','31011519850114544x','高娜',NULL,NULL,'1985-01-00',1,'14544334468','danieldu1018@gmail.com','9999999999','黑龙江省齐齐哈尔市','黑龙江省齐齐哈尔市',2,355,'黑龙江省齐齐哈尔市民力路566号','善交流 开朗','逛街 唱歌，跳舞','爱好美与艺术',NULL,NULL,NULL,NULL,NULL,NULL,NULL,NULL,NULL,'2011-08-10 06:39:29','2011-08-05 04:56:04'),('13111111111','13',33,3,'2011-08-05 12:56:04','31011519850114544x','高娜',NULL,NULL,'1985-01-00',1,'14544334468','danieldu1018@gmail.com','9999999999','黑龙江省齐齐哈尔市','黑龙江省齐齐哈尔市',2,355,'黑龙江省齐齐哈尔市民力路566号','善交流 开朗','逛街 唱歌，跳舞','爱好美与艺术',NULL,NULL,NULL,NULL,NULL,NULL,NULL,NULL,NULL,'2011-08-10 06:39:29','2011-08-05 04:56:04'),('13111111111','13',45,3,'2011-08-05 12:56:04','31011519850114544x','高娜',NULL,NULL,'1985-01-00',1,'14544334468','danieldu1018@gmail.com','9999999999','黑龙江省齐齐哈尔市','黑龙江省齐齐哈尔市',2,355,'黑龙江省齐齐哈尔市民力路566号','善交流 开朗','逛街 唱歌，跳舞','爱好美与艺术',NULL,NULL,NULL,NULL,NULL,NULL,NULL,NULL,NULL,'2011-08-10 06:39:29','2011-08-05 04:56:04'),('13111111111','13000000014',1,1,'2011-09-15 08:41:43',NULL,NULL,NULL,NULL,NULL,NULL,NULL,NULL,NULL,NULL,NULL,NULL,NULL,NULL,NULL,NULL,NULL,NULL,NULL,NULL,NULL,NULL,NULL,NULL,NULL,NULL,'2011-09-15 00:41:43','2011-09-15 00:41:43'),('13111111111','13000000015',1,1,'2011-09-15 08:50:54',NULL,NULL,NULL,NULL,NULL,NULL,NULL,NULL,NULL,NULL,NULL,NULL,NULL,NULL,NULL,NULL,NULL,NULL,NULL,NULL,NULL,NULL,NULL,NULL,NULL,NULL,'2011-09-15 00:50:54','2011-09-15 00:50:54'),('13111111111','13000000016',1,3,'2011-09-15 09:40:48',NULL,NULL,NULL,NULL,NULL,NULL,NULL,NULL,NULL,NULL,NULL,NULL,NULL,NULL,NULL,NULL,NULL,NULL,NULL,NULL,NULL,NULL,NULL,NULL,NULL,NULL,'2011-09-15 01:40:48','2011-09-15 01:15:37'),('13111111111','13000000016',241,1,'2011-09-15 17:05:58',NULL,NULL,NULL,NULL,NULL,NULL,NULL,NULL,NULL,NULL,NULL,NULL,NULL,NULL,NULL,NULL,NULL,NULL,NULL,NULL,NULL,NULL,NULL,NULL,NULL,NULL,'2011-09-15 09:05:58','2011-09-15 09:05:58'),('13111111111','13800000000',1,1,'2011-09-15 08:11:04',NULL,NULL,NULL,NULL,NULL,NULL,NULL,NULL,NULL,NULL,NULL,NULL,NULL,NULL,NULL,NULL,NULL,NULL,NULL,NULL,NULL,NULL,NULL,NULL,NULL,NULL,'2011-09-15 00:11:04','2011-09-15 00:11:04'),('13111111111','14',28,1,'2011-08-05 12:56:04','31011519840325345x','徐艳',NULL,NULL,'1984-03-00',2,'14544334469','danieldu1018@gmail.com','9999999999','云南省昆明市','云南省昆明市',2,355,'上海市中山西路1000号','精明 诚实','运动 上网','充满感性',NULL,NULL,NULL,NULL,NULL,NULL,NULL,NULL,NULL,'2011-08-10 06:39:29','2011-08-05 04:56:04'),('13111111111','15',29,1,'2011-08-05 12:56:04','31011519870211563x','马洋洋',NULL,NULL,'1987-02-00',1,'14544334470','danieldu1018@gmail.com','9999999999','上海市浦东新区','上海市浦东新区',2,355,'上海市浦东大道400号','学习能力强 积极','旅游 ','善解人意',NULL,NULL,NULL,NULL,NULL,NULL,NULL,NULL,NULL,'2011-08-10 06:39:29','2011-08-05 04:56:04'),('13111111111','16',30,1,'2011-08-05 12:56:04','31011519850911555x','谢琴',NULL,NULL,'1985-09-00',2,'14544334471','danieldu1018@gmail.com','9999999999','上海市宝山区','江苏省苏州市',2,355,'宝山区友谊路1号','吃苦耐劳','旅游 ','喜欢小动物',NULL,NULL,NULL,NULL,NULL,NULL,NULL,NULL,NULL,'2011-08-10 06:39:29','2011-08-05 04:56:04'),('13111111111','17',16,2,'2011-08-05 12:56:04','31011519841011333x','窦理',NULL,NULL,'1984-10-00',1,'14544334472','danieldu1018@gmail.com','9999999999','上海市嘉定区','江苏省苏州市',2,355,'嘉定区环城路566号','吃苦耐劳','旅游 ','实际',NULL,NULL,NULL,NULL,NULL,NULL,NULL,NULL,NULL,'2011-08-10 06:39:29','2011-08-05 04:56:04'),('13111111111','18',17,2,'2011-08-05 12:56:04','31011519871130887x','沈黎娅',NULL,NULL,'1987-11-00',2,'14544334473','danieldu1018@gmail.com','9999999999','上海市嘉定区','江苏省苏州市',2,355,'嘉定区环城路566号','吃苦耐劳','读书','实际',NULL,NULL,NULL,NULL,NULL,NULL,NULL,NULL,NULL,'2011-08-10 06:39:29','2011-08-05 04:56:04'),('13111111111','19',18,2,'2011-08-05 12:56:04','31011519850116166x','陆笑颖',NULL,NULL,'1985-01-00',1,'14544334474','danieldu1018@gmail.com','9999999999','上海市奉贤区','浙江省杭州市',2,355,'川南奉公路3440号','诚实 适应力强','上网 旅游 美容','实际',NULL,NULL,NULL,NULL,NULL,NULL,NULL,NULL,NULL,'2011-08-10 06:39:29','2011-08-05 04:56:04'),('13111111111','2',1,1,'2011-08-11 15:28:04','310115198710113560','朱华',NULL,NULL,'1987-10-00',2,'14544334457','danieldu1018@gmail.com','9999999999','北京市海淀区','北京市石景山区',3,2773,'北京市海淀区长安街100号','适应力强 吃苦耐劳','唱歌，跳舞','耐力好','2',2,2,2,2,2,2,2,2,'2011-08-31 10:34:20','2011-08-05 04:56:04'),('13111111111','2',34,3,'2011-08-05 12:56:04','310115198710113560','朱华',NULL,NULL,'1987-10-00',2,'14544334457','danieldu1018@gmail.com','9999999999','北京市海淀区','北京市石景山区',3,2773,'北京市海淀区长安街100号','适应力强 吃苦耐劳','唱歌，跳舞','耐力好',NULL,NULL,NULL,NULL,NULL,NULL,NULL,NULL,NULL,'2011-08-10 06:47:12','2011-08-05 04:56:04'),('13111111111','2',227,3,'2011-09-05 09:41:04','310115198710113560','朱华',NULL,NULL,'1987-10-00',2,'14544334457','danieldu1018@gmail.com','9999999999','北京市海淀区','北京市石景山区',3,2773,'北京市海淀区长安街100号','适应力强 吃苦耐劳','唱歌，跳舞','耐力好',NULL,NULL,NULL,NULL,NULL,NULL,NULL,NULL,NULL,'2011-09-05 01:41:46','2011-08-05 04:56:04'),('13111111111','20',19,2,'2011-08-05 12:56:04','31011519841013222x','邱萍',NULL,NULL,'1984-10-00',2,'14544334475','danieldu1018@gmail.com','9999999999','上海市黄浦区','浙江省杭州市',2,355,'汉口路79号','善交流 开朗','上网 旅游 美容','善解人意',NULL,NULL,NULL,NULL,NULL,NULL,NULL,NULL,NULL,'2011-08-10 06:39:29','2011-08-05 04:56:04'),('13111111111','21',20,2,'2011-08-05 12:56:04','310115198410115452','谢薇',NULL,NULL,'1984-10-00',1,'14544334476','danieldu1018@gmail.com','9999999999','上海市宝山区','山东省招远市',2,355,'上海市宝山区宝山一路55号','精明，开朗','读书','实际',NULL,NULL,NULL,NULL,NULL,NULL,NULL,NULL,NULL,'2011-08-10 06:39:29','2011-08-05 04:56:04'),('13111111111','22',21,2,'2011-08-05 12:56:04','310115198710119566','杨琼',NULL,NULL,'1987-10-00',2,'14544334477','danieldu1018@gmail.com','9999999999','北京市海淀区','北京市石景山区',2,355,'北京市海淀区长安街100号','适应力强 吃苦耐劳','唱歌，跳舞','耐力好',NULL,NULL,NULL,NULL,NULL,NULL,NULL,NULL,NULL,'2011-08-10 06:39:29','2011-08-05 04:56:04'),('13111111111','23',22,2,'2011-08-05 12:56:04','310115198501145442','胡红',NULL,NULL,'1985-01-00',1,'14544334478','danieldu1018@gmail.com','9999999999','黑龙江省齐齐哈尔市','黑龙江省齐齐哈尔市',2,355,'黑龙江省齐齐哈尔市民力路566号','善交流 开朗','逛街 唱歌，跳舞','爱好美与艺术',NULL,NULL,NULL,NULL,NULL,NULL,NULL,NULL,NULL,'2011-08-10 06:39:29','2011-08-05 04:56:04'),('13111111111','24',23,2,'2011-08-05 12:56:04','310115198403253452','杨静哲',NULL,NULL,'1984-03-00',2,'14544334479','danieldu1018@gmail.com','9999999999','云南省昆明市','云南省昆明市',2,355,'上海市中山西路1000号','精明 诚实','运动 上网','充满感性',NULL,NULL,NULL,NULL,NULL,NULL,NULL,NULL,NULL,'2011-08-10 06:39:29','2011-08-05 04:56:04'),('13111111111','25',24,2,'2011-08-05 12:56:04','310115198702115634','徐洁',NULL,NULL,'1987-02-00',1,'14544334480','danieldu1018@gmail.com','9999999999','上海市浦东新区','上海市浦东新区',2,355,'上海市浦东大道400号','学习能力强 积极','旅游 ','善解人意',NULL,NULL,NULL,NULL,NULL,NULL,NULL,NULL,NULL,'2011-08-10 06:39:29','2011-08-05 04:56:04'),('13111111111','26',25,2,'2011-08-05 12:56:04','310115198509115552','包云飞',NULL,NULL,'1985-09-00',2,'14544334481','danieldu1018@gmail.com','9999999999','上海市宝山区','江苏省苏州市',2,355,'宝山区友谊路1号','吃苦耐劳','旅游 ','喜欢小动物',NULL,NULL,NULL,NULL,NULL,NULL,NULL,NULL,NULL,'2011-08-10 06:39:29','2011-08-05 04:56:04'),('13111111111','27',26,2,'2011-08-05 12:56:04','310115198410113332','张懿',NULL,NULL,'1984-10-00',1,'14544334482','danieldu1018@gmail.com','9999999999','上海市嘉定区','江苏省苏州市',2,355,'嘉定区环城路566号','吃苦耐劳','旅游 ','实际',NULL,NULL,NULL,NULL,NULL,NULL,NULL,NULL,NULL,'2011-08-10 06:39:29','2011-08-05 04:56:04'),('13111111111','28',27,2,'2011-08-05 12:56:04','310115198711308876','王远波',NULL,NULL,'1987-11-00',2,'14544334483','danieldu1018@gmail.com','9999999999','上海市嘉定区','江苏省苏州市',2,355,'嘉定区环城路566号','吃苦耐劳','读书','实际',NULL,NULL,NULL,NULL,NULL,NULL,NULL,NULL,NULL,'2011-08-10 06:39:29','2011-08-05 04:56:04'),('13111111111','29',28,2,'2011-08-05 12:56:04','310115198501161668','董仕',NULL,NULL,'1985-01-00',1,'14544334484','danieldu1018@gmail.com','9999999999','上海市奉贤区','浙江省杭州市',2,355,'川南奉公路3440号','诚实 适应力强','上网 旅游 美容','实际',NULL,NULL,NULL,NULL,NULL,NULL,NULL,NULL,NULL,'2011-08-10 06:39:29','2011-08-05 04:56:04'),('13111111111','3',17,1,'2011-08-05 12:56:04','310115198501145440','俞晴',NULL,NULL,'1985-01-00',1,'14544334458','danieldu1018@gmail.com','9999999999','黑龙江省齐齐哈尔市','黑龙江省齐齐哈尔市',2,355,'黑龙江省齐齐哈尔市民力路566号','','','',NULL,NULL,NULL,NULL,NULL,NULL,NULL,NULL,NULL,'2011-08-10 06:39:29','2011-08-05 04:56:04'),('13111111111','3',31,3,'2011-08-05 12:56:04','310115198501145440','俞晴',NULL,NULL,'1985-01-00',1,'14544334458','danieldu1018@gmail.com','9999999999','黑龙江省齐齐哈尔市','黑龙江省齐齐哈尔市',2,355,'黑龙江省齐齐哈尔市民力路566号','','','',NULL,NULL,NULL,NULL,NULL,NULL,NULL,NULL,NULL,'2011-08-10 06:39:29','2011-08-05 04:56:04'),('13111111111','3',35,3,'2011-08-05 12:56:04','310115198501145440','俞晴',NULL,NULL,'1985-01-00',1,'14544334458','danieldu1018@gmail.com','9999999999','黑龙江省齐齐哈尔市','黑龙江省齐齐哈尔市',2,355,'黑龙江省齐齐哈尔市民力路566号','','','',NULL,NULL,NULL,NULL,NULL,NULL,NULL,NULL,NULL,'2011-08-10 06:39:29','2011-08-05 04:56:04'),('13111111111','30',29,2,'2011-08-05 12:56:04','310115198410132221','楼航',NULL,NULL,'1984-10-00',2,'14544334485','danieldu1018@gmail.com','9999999999','上海市黄浦区','浙江省杭州市',2,355,'汉口路79号','善交流 开朗','上网 旅游 美容','善解人意',NULL,NULL,NULL,NULL,NULL,NULL,NULL,NULL,NULL,'2011-08-10 06:39:29','2011-08-05 04:56:04'),('13111111111','31',30,2,'2011-08-05 12:56:04','310115198410115453','左立平',NULL,NULL,'1984-10-00',1,'14544334486','danieldu1018@gmail.com','9999999999','上海市宝山区','山东省招远市',NULL,NULL,'上海市宝山区宝山一路55号','精明，开朗','读书','实际',NULL,NULL,NULL,NULL,NULL,NULL,NULL,NULL,NULL,'2011-08-10 06:11:29','2011-08-05 04:56:04'),('13111111111','32',16,2,'2011-08-05 12:56:04','310115198710115683','顾莉娜',NULL,NULL,'1987-10-00',2,'14544334487','danieldu1018@gmail.com','9999999999','北京市海淀区','北京市石景山区',2,1,'北京市海淀区长安街100号','适应力强 吃苦耐劳','唱歌，跳舞','耐力好',NULL,NULL,NULL,NULL,NULL,NULL,NULL,NULL,NULL,'2011-08-10 06:39:29','2011-08-05 04:56:04'),('13111111111','33',17,2,'2011-08-05 12:56:04','310115198501145443','王茜媛',NULL,NULL,'1985-01-00',1,'14544334488','danieldu1018@gmail.com','9999999999','黑龙江省齐齐哈尔市','黑龙江省齐齐哈尔市',2,1,'黑龙江省齐齐哈尔市民力路566号','善交流 开朗','逛街 唱歌，跳舞','爱好美与艺术',NULL,NULL,NULL,NULL,NULL,NULL,NULL,NULL,NULL,'2011-08-10 06:39:29','2011-08-05 04:56:04'),('13111111111','34',18,2,'2011-08-05 12:56:04','310115198403253453','彭黛蒙',NULL,NULL,'1984-03-00',2,'14544334489','danieldu1018@gmail.com','9999999999','云南省昆明市','云南省昆明市',2,1,'上海市中山西路1000号','精明 诚实','运动 上网','充满感性',NULL,NULL,NULL,NULL,NULL,NULL,NULL,NULL,NULL,'2011-08-10 06:39:29','2011-08-05 04:56:04'),('13111111111','35',19,2,'2011-08-05 12:56:04','310115198702115633','张燕',NULL,NULL,'1987-02-00',1,'14544334490','danieldu1018@gmail.com','9999999999','上海市浦东新区','上海市浦东新区',2,1,'上海市浦东大道400号','学习能力强 积极','旅游 ','善解人意',NULL,NULL,NULL,NULL,NULL,NULL,NULL,NULL,NULL,'2011-08-10 06:39:29','2011-08-05 04:56:04'),('13111111111','36',20,2,'2011-08-05 12:56:04','310115198509115653','蒋悦',NULL,NULL,'1985-09-00',2,'14544334491','danieldu1018@gmail.com','9999999999','上海市宝山区','江苏省苏州市',2,1,'宝山区友谊路1号','吃苦耐劳','旅游 ','喜欢小动物',NULL,NULL,NULL,NULL,NULL,NULL,NULL,NULL,NULL,'2011-08-10 06:39:29','2011-08-05 04:56:04'),('13111111111','37',21,2,'2011-08-05 12:56:04','310115198410113333','诸佳谊',NULL,NULL,'1984-10-00',1,'14544334492','danieldu1018@gmail.com','9999999999','上海市嘉定区','江苏省苏州市',2,1,'嘉定区环城路566号','吃苦耐劳','旅游 ','实际',NULL,NULL,NULL,NULL,NULL,NULL,NULL,NULL,NULL,'2011-08-10 06:39:29','2011-08-05 04:56:04'),('13111111111','38',22,2,'2011-08-05 12:56:04','310115198711308873','王磊元',NULL,NULL,'1987-11-00',2,'14544334493','danieldu1018@gmail.com','9999999999','上海市嘉定区','江苏省苏州市',2,1,'嘉定区环城路566号','吃苦耐劳','读书','实际',NULL,NULL,NULL,NULL,NULL,NULL,NULL,NULL,NULL,'2011-08-10 06:39:29','2011-08-05 04:56:04'),('13111111111','39',23,2,'2011-08-05 12:56:04','310115198501161663','朱丹',NULL,NULL,'1985-01-00',1,'14544334494','danieldu1018@gmail.com','9999999999','上海市奉贤区','浙江省杭州市',2,1,'川南奉公路3440号','诚实 适应力强','上网 旅游 美容','实际',NULL,NULL,NULL,NULL,NULL,NULL,NULL,NULL,NULL,'2011-08-10 06:39:29','2011-08-05 04:56:04'),('13111111111','4',18,1,'2011-08-05 12:56:04','310115198403253450','山红霞',NULL,NULL,'1984-03-00',2,'','danieldu1018@gmail.com','9999999999','云南省昆明市','云南省昆明市',2,355,'上海市中山西路1000号','精明 诚实','运动 上网','充满感性',NULL,NULL,NULL,NULL,NULL,NULL,NULL,NULL,NULL,'2011-08-10 06:39:29','2011-08-05 04:56:04'),('13111111111','4',31,3,'2011-08-05 12:56:04','310115198403253450','山红霞',NULL,NULL,'1984-03-00',2,'','danieldu1018@gmail.com','9999999999','云南省昆明市','云南省昆明市',2,355,'上海市中山西路1000号','精明 诚实','运动 上网','充满感性',NULL,NULL,NULL,NULL,NULL,NULL,NULL,NULL,NULL,'2011-08-10 06:39:29','2011-08-05 04:56:04'),('13111111111','4',36,3,'2011-08-05 12:56:04','310115198403253450','山红霞',NULL,NULL,'1984-03-00',2,'','danieldu1018@gmail.com','9999999999','云南省昆明市','云南省昆明市',2,355,'上海市中山西路1000号','精明 诚实','运动 上网','充满感性',NULL,NULL,NULL,NULL,NULL,NULL,NULL,NULL,NULL,'2011-08-10 06:39:29','2011-08-05 04:56:04'),('13111111111','40',24,2,'2011-08-05 12:56:04','310115198410132223','徐浩',NULL,NULL,'1984-10-00',2,'14544334495','danieldu1018@gmail.com','9999999999','上海市黄浦区','浙江省杭州市',2,1,'汉口路79号','善交流 开朗','上网 旅游 美容','善解人意',NULL,NULL,NULL,NULL,NULL,NULL,NULL,NULL,NULL,'2011-08-10 06:39:29','2011-08-05 04:56:04'),('13111111111','41',25,2,'2011-08-05 12:56:04','310115198410115457','沈强',NULL,NULL,'1984-10-00',1,'14544334496','danieldu1018@gmail.com','9999999999','上海市宝山区','山东省招远市',2,1,'上海市宝山区宝山一路55号','精明，开朗','读书','实际',NULL,NULL,NULL,NULL,NULL,NULL,NULL,NULL,NULL,'2011-08-10 06:39:29','2011-08-05 04:56:04'),('13111111111','42',26,2,'2011-08-05 12:56:04','310115198710111567','李琳',NULL,NULL,'1987-10-00',2,'14544334497','danieldu1018@gmail.com','9999999999','北京市海淀区','北京市石景山区',2,1,'北京市海淀区长安街100号','适应力强 吃苦耐劳','唱歌，跳舞','耐力好',NULL,NULL,NULL,NULL,NULL,NULL,NULL,NULL,NULL,'2011-08-10 06:39:29','2011-08-05 04:56:04'),('13111111111','43',27,2,'2011-08-05 12:56:04','310115198501145447','黄薇薇',NULL,NULL,'1985-01-00',1,'14544334498','danieldu1018@gmail.com','9999999999','黑龙江省齐齐哈尔市','黑龙江省齐齐哈尔市',2,1,'黑龙江省齐齐哈尔市民力路566号','善交流 开朗','逛街 唱歌，跳舞','爱好美与艺术',NULL,NULL,NULL,NULL,NULL,NULL,NULL,NULL,NULL,'2011-08-10 06:39:29','2011-08-05 04:56:04'),('13111111111','44',28,2,'2011-08-05 12:56:04','310115198403253457','杜萌',NULL,NULL,'1984-03-00',2,'14544334499','danieldu1018@gmail.com','9999999999','云南省昆明市','云南省昆明市',2,1,'上海市中山西路1000号','精明 诚实','运动 上网','充满感性',NULL,NULL,NULL,NULL,NULL,NULL,NULL,NULL,NULL,'2011-08-10 06:39:29','2011-08-05 04:56:04'),('13111111111','45',29,2,'2011-08-05 12:56:04','310115198702115637','杨蒨',NULL,NULL,'1987-02-00',1,'14544334500','danieldu1018@gmail.com','9999999999','上海市浦东新区','上海市浦东新区',2,1,'上海市浦东大道400号','学习能力强 积极','旅游 ','善解人意',NULL,NULL,NULL,NULL,NULL,NULL,NULL,NULL,NULL,'2011-08-10 06:39:29','2011-08-05 04:56:04'),('13111111111','46',30,2,'2011-08-05 12:56:04','310115198509115557','王颖',NULL,NULL,'1985-09-00',2,'14544334501','danieldu1018@gmail.com','9999999999','上海市宝山区','江苏省苏州市',2,1,'宝山区友谊路1号','吃苦耐劳','旅游 ','喜欢小动物',NULL,NULL,NULL,NULL,NULL,NULL,NULL,NULL,NULL,'2011-08-10 06:39:29','2011-08-05 04:56:04'),('13111111111','47',16,3,'2011-08-05 12:56:04','310115198410113337','张美瑾',NULL,NULL,'1984-10-00',1,'14544334502','danieldu1018@gmail.com','9999999999','上海市嘉定区','江苏省苏州市',2,1,'嘉定区环城路566号','吃苦耐劳','旅游 ','实际',NULL,NULL,NULL,NULL,NULL,NULL,NULL,NULL,NULL,'2011-08-10 06:39:29','2011-08-05 04:56:04'),('13111111111','47',31,2,'2011-08-05 12:56:04','310115198410113337','张美瑾',NULL,NULL,'1984-10-00',1,'14544334502','danieldu1018@gmail.com','9999999999','上海市嘉定区','江苏省苏州市',2,1,'嘉定区环城路566号','吃苦耐劳','旅游 ','实际',NULL,NULL,NULL,NULL,NULL,NULL,NULL,NULL,NULL,'2011-08-10 06:39:29','2011-08-05 04:56:04'),('13111111111','48',17,3,'2011-08-05 12:56:04','310115198711308877','何洁琼',NULL,NULL,'1987-11-00',2,'14544334503','danieldu1018@gmail.com','9999999999','上海市嘉定区','江苏省苏州市',2,1,'嘉定区环城路566号','吃苦耐劳','读书','实际',NULL,NULL,NULL,NULL,NULL,NULL,NULL,NULL,NULL,'2011-08-10 06:39:29','2011-08-05 04:56:04'),('13111111111','48',31,2,'2011-08-05 12:56:04','310115198711308877','何洁琼',NULL,NULL,'1987-11-00',2,'14544334503','danieldu1018@gmail.com','9999999999','上海市嘉定区','江苏省苏州市',2,1,'嘉定区环城路566号','吃苦耐劳','读书','实际',NULL,NULL,NULL,NULL,NULL,NULL,NULL,NULL,NULL,'2011-08-10 06:39:29','2011-08-05 04:56:04'),('13111111111','49',18,3,'2011-08-05 12:56:04','310115198501161667','姚涓涓',NULL,NULL,'1985-01-00',1,'14544334504','danieldu1018@gmail.com','9999999999','上海市奉贤区','浙江省杭州市',2,1,'川南奉公路3440号','诚实 适应力强','上网 旅游 美容','实际',NULL,NULL,NULL,NULL,NULL,NULL,NULL,NULL,NULL,'2011-08-10 06:39:29','2011-08-05 04:56:04'),('13111111111','49',31,2,'2011-08-05 12:56:04','310115198501161667','姚涓涓',NULL,NULL,'1985-01-00',1,'14544334504','danieldu1018@gmail.com','9999999999','上海市奉贤区','浙江省杭州市',2,1,'川南奉公路3440号','诚实 适应力强','上网 旅游 美容','实际',NULL,NULL,NULL,NULL,NULL,NULL,NULL,NULL,NULL,'2011-08-10 06:39:29','2011-08-05 04:56:04'),('13111111111','5',19,1,'2011-08-05 12:56:04','310115198702115630','李翀',NULL,NULL,'1987-02-00',1,'14544334460','danieldu1018@gmail.com','9999999999','上海市浦东新区','上海市浦东新区',2,355,'上海市浦东大道400号','学习能力强 积极','旅游 ','善解人意',NULL,NULL,NULL,NULL,NULL,NULL,NULL,NULL,NULL,'2011-08-10 06:39:29','2011-08-05 04:56:04'),('13111111111','5',31,3,'2011-08-05 12:56:04','310115198702115630','李翀',NULL,NULL,'1987-02-00',1,'14544334460','danieldu1018@gmail.com','9999999999','上海市浦东新区','上海市浦东新区',2,355,'上海市浦东大道400号','学习能力强 积极','旅游 ','善解人意',NULL,NULL,NULL,NULL,NULL,NULL,NULL,NULL,NULL,'2011-08-10 06:39:29','2011-08-05 04:56:04'),('13111111111','5',37,3,'2011-08-05 12:56:04','310115198702115630','李翀',NULL,NULL,'1987-02-00',1,'14544334460','danieldu1018@gmail.com','9999999999','上海市浦东新区','上海市浦东新区',2,355,'上海市浦东大道400号','学习能力强 积极','旅游 ','善解人意',NULL,NULL,NULL,NULL,NULL,NULL,NULL,NULL,NULL,'2011-08-10 06:39:29','2011-08-05 04:56:04'),('13111111111','50',19,3,'2011-08-05 12:56:04','310115198410132227','姚蓓蓓',NULL,NULL,'1984-10-00',2,'14544334505','danieldu1018@gmail.com','9999999999','上海市黄浦区','浙江省杭州市',2,1,'汉口路79号','善交流 开朗','上网 旅游 美容','善解人意',NULL,NULL,NULL,NULL,NULL,NULL,NULL,NULL,NULL,'2011-08-10 06:39:29','2011-08-05 04:56:04'),('13111111111','50',31,2,'2011-08-05 12:56:04','310115198410132227','姚蓓蓓',NULL,NULL,'1984-10-00',2,'14544334505','danieldu1018@gmail.com','9999999999','上海市黄浦区','浙江省杭州市',2,1,'汉口路79号','善交流 开朗','上网 旅游 美容','善解人意',NULL,NULL,NULL,NULL,NULL,NULL,NULL,NULL,NULL,'2011-08-10 06:39:29','2011-08-05 04:56:04'),('13111111111','51',20,3,'2011-08-05 12:56:04','310115198410115459','姜伟伟',NULL,NULL,'1984-10-00',1,'14544334506','danieldu1018@gmail.com','9999999999','上海市宝山区','山东省招远市',2,1,'上海市宝山区宝山一路55号','精明，开朗','读书','实际',NULL,NULL,NULL,NULL,NULL,NULL,NULL,NULL,NULL,'2011-08-10 06:39:29','2011-08-05 04:56:04'),('13111111111','51',31,2,'2011-08-05 12:56:04','310115198410115459','姜伟伟',NULL,NULL,'1984-10-00',1,'14544334506','danieldu1018@gmail.com','9999999999','上海市宝山区','山东省招远市',2,1,'上海市宝山区宝山一路55号','精明，开朗','读书','实际',NULL,NULL,NULL,NULL,NULL,NULL,NULL,NULL,NULL,'2011-08-10 06:39:29','2011-08-05 04:56:04'),('13111111111','52',21,3,'2011-08-05 12:56:04','310115198710115669','胡怡',NULL,NULL,'1987-10-00',2,'14544334507','danieldu1018@gmail.com','9999999999','北京市海淀区','北京市石景山区',2,1,'北京市海淀区长安街100号','适应力强 吃苦耐劳','唱歌，跳舞','耐力好',NULL,NULL,NULL,NULL,NULL,NULL,NULL,NULL,NULL,'2011-08-10 06:39:29','2011-08-05 04:56:04'),('13111111111','53',22,3,'2011-08-05 12:56:04','310115198501145449','杜沛沛',NULL,NULL,'1985-01-00',1,'14544334508','danieldu1018@gmail.com','9999999999','黑龙江省齐齐哈尔市','黑龙江省齐齐哈尔市',2,1,'黑龙江省齐齐哈尔市民力路566号','善交流 开朗','逛街 唱歌，跳舞','爱好美与艺术',NULL,NULL,NULL,NULL,NULL,NULL,NULL,NULL,NULL,'2011-08-10 06:39:29','2011-08-05 04:56:04'),('13111111111','54',23,3,'2011-08-05 12:56:04','310115198403253459','陈黎昀',NULL,NULL,'1984-03-00',2,'14544334509','danieldu1018@gmail.com','9999999999','云南省昆明市','云南省昆明市',2,1,'上海市中山西路1000号','精明 诚实','运动 上网','充满感性',NULL,NULL,NULL,NULL,NULL,NULL,NULL,NULL,NULL,'2011-08-10 06:39:29','2011-08-05 04:56:04'),('13111111111','55',24,3,'2011-08-05 12:56:04','310115198702115639','陈逸菲',NULL,NULL,'1987-02-00',1,'14544334510','danieldu1018@gmail.com','9999999999','上海市浦东新区','上海市浦东新区',2,1,'上海市浦东大道400号','学习能力强 积极','旅游 ','善解人意',NULL,NULL,NULL,NULL,NULL,NULL,NULL,NULL,NULL,'2011-08-10 06:39:29','2011-08-05 04:56:04'),('13111111111','56',25,3,'2011-08-05 12:56:04','310115198509115559','段秋雨',NULL,NULL,'1985-09-00',2,'14544334511','danieldu1018@gmail.com','9999999999','上海市宝山区','江苏省苏州市',2,1,'宝山区友谊路1号','吃苦耐劳','旅游 ','喜欢小动物',NULL,NULL,NULL,NULL,NULL,NULL,NULL,NULL,NULL,'2011-08-10 06:39:29','2011-08-05 04:56:04'),('13111111111','57',26,3,'2011-08-05 12:56:04','310115198410113339','王君',NULL,NULL,'1984-10-00',1,'14544334512','danieldu1018@gmail.com','9999999999','上海市嘉定区','江苏省苏州市',2,1,'嘉定区环城路566号','吃苦耐劳','旅游 ','实际',NULL,NULL,NULL,NULL,NULL,NULL,NULL,NULL,NULL,'2011-08-10 06:39:29','2011-08-05 04:56:04'),('13111111111','58',27,3,'2011-08-05 12:56:04','310115198711308879','朱彦',NULL,NULL,'1987-11-00',2,'14544334513','danieldu1018@gmail.com','9999999999','上海市嘉定区','江苏省苏州市',2,1,'嘉定区环城路566号','吃苦耐劳','读书','实际',NULL,NULL,NULL,NULL,NULL,NULL,NULL,NULL,NULL,'2011-08-10 06:39:29','2011-08-05 04:56:04'),('13111111111','59',28,3,'2011-08-05 12:56:04','310115198501161669','徐津闻',NULL,NULL,'1985-01-00',1,'14544334514','danieldu1018@gmail.com','9999999999','上海市奉贤区','浙江省杭州市',2,1,'川南奉公路3440号','诚实 适应力强','上网 旅游 美容','实际',NULL,NULL,NULL,NULL,NULL,NULL,NULL,NULL,NULL,'2011-08-10 06:39:29','2011-08-05 04:56:04'),('13111111111','6',20,1,'2011-08-05 12:56:04','310115198509115650','沈玲',NULL,NULL,'1985-09-00',2,'14544334461','danieldu1018@gmail.com','9999999999','上海市宝山区','江苏省苏州市',2,355,'宝山区友谊路1号','吃苦耐劳','旅游 ','喜欢小动物',NULL,NULL,NULL,NULL,NULL,NULL,NULL,NULL,NULL,'2011-08-10 06:39:29','2011-08-05 04:56:04'),('13111111111','6',31,3,'2011-08-05 12:56:04','310115198509115650','沈玲',NULL,NULL,'1985-09-00',2,'14544334461','danieldu1018@gmail.com','9999999999','上海市宝山区','江苏省苏州市',2,355,'宝山区友谊路1号','吃苦耐劳','旅游 ','喜欢小动物',NULL,NULL,NULL,NULL,NULL,NULL,NULL,NULL,NULL,'2011-08-10 06:39:29','2011-08-05 04:56:04'),('13111111111','6',38,3,'2011-08-05 12:56:04','310115198509115650','沈玲',NULL,NULL,'1985-09-00',2,'14544334461','danieldu1018@gmail.com','9999999999','上海市宝山区','江苏省苏州市',2,355,'宝山区友谊路1号','吃苦耐劳','旅游 ','喜欢小动物',NULL,NULL,NULL,NULL,NULL,NULL,NULL,NULL,NULL,'2011-08-10 06:39:29','2011-08-05 04:56:04'),('13111111111','60',29,3,'2011-08-05 12:56:04','310115198410132229','陈佩艺',NULL,NULL,'1984-10-00',2,'14544334515','danieldu1018@gmail.com','9999999999','上海市黄浦区','浙江省杭州市',2,1,'汉口路79号','善交流 开朗','上网 旅游 美容','善解人意',NULL,NULL,NULL,NULL,NULL,NULL,NULL,NULL,NULL,'2011-08-10 06:39:29','2011-08-05 04:56:04'),('13111111111','61',30,3,'2011-08-05 12:56:04','310115198410132224','陈媛',NULL,NULL,'1984-10-00',2,'14544334516','danieldu1018@gmail.com','9999999999','上海市黄浦区','浙江省杭州市',2,1,'汉口路79号','善交流 开朗','上网 旅游 美容','善解人意',NULL,NULL,NULL,NULL,NULL,NULL,NULL,NULL,NULL,'2011-08-10 06:39:29','2011-08-05 04:56:04'),('13111111111','66',241,1,'2011-09-15 17:03:18',NULL,NULL,NULL,NULL,NULL,NULL,'88888888889',NULL,NULL,NULL,NULL,NULL,NULL,NULL,NULL,NULL,NULL,NULL,NULL,NULL,NULL,NULL,NULL,NULL,NULL,NULL,'2011-09-15 09:03:18','2011-09-15 09:03:18'),('13111111111','7',21,1,'2011-08-05 12:56:04','310115198410113330','朱瑾',NULL,NULL,'1984-10-00',1,'14544334462','danieldu1018@gmail.com','9999999999','上海市嘉定区','江苏省苏州市',2,355,'嘉定区环城路566号','吃苦耐劳','旅游 ','实际',NULL,NULL,NULL,NULL,NULL,NULL,NULL,NULL,NULL,'2011-08-10 06:39:29','2011-08-05 04:56:04'),('13111111111','7',31,2,'2011-08-05 12:56:04','310115198410113330','朱瑾',NULL,NULL,'1984-10-00',1,'14544334462','danieldu1018@gmail.com','9999999999','上海市嘉定区','江苏省苏州市',2,355,'嘉定区环城路566号','吃苦耐劳','旅游 ','实际',NULL,NULL,NULL,NULL,NULL,NULL,NULL,NULL,NULL,'2011-08-10 06:39:29','2011-08-05 04:56:04'),('13111111111','7',39,3,'2011-08-05 12:56:04','310115198410113330','朱瑾',NULL,NULL,'1984-10-00',1,'14544334462','danieldu1018@gmail.com','9999999999','上海市嘉定区','江苏省苏州市',2,355,'嘉定区环城路566号','吃苦耐劳','旅游 ','实际',NULL,NULL,NULL,NULL,NULL,NULL,NULL,NULL,NULL,'2011-08-10 06:39:29','2011-08-05 04:56:04'),('13111111111','70',241,1,'2011-09-15 17:03:24',NULL,NULL,NULL,NULL,NULL,NULL,'13800000000',NULL,NULL,NULL,NULL,NULL,NULL,NULL,NULL,NULL,NULL,NULL,NULL,NULL,NULL,NULL,NULL,NULL,NULL,NULL,'2011-09-15 09:03:24','2011-09-15 09:03:24'),('13111111111','8',22,1,'2011-08-05 12:56:04','310115198711308870','邵颖',NULL,NULL,'1987-11-00',2,'14544334463','danieldu1018@gmail.com','9999999999','上海市嘉定区','江苏省苏州市',2,355,'嘉定区环城路566号','吃苦耐劳','读书','实际',NULL,NULL,NULL,NULL,NULL,NULL,NULL,NULL,NULL,'2011-08-10 06:39:29','2011-08-05 04:56:04'),('13111111111','8',31,2,'2011-08-05 12:56:04','310115198711308870','邵颖',NULL,NULL,'1987-11-00',2,'14544334463','danieldu1018@gmail.com','9999999999','上海市嘉定区','江苏省苏州市',2,355,'嘉定区环城路566号','吃苦耐劳','读书','实际',NULL,NULL,NULL,NULL,NULL,NULL,NULL,NULL,NULL,'2011-08-10 06:39:29','2011-08-05 04:56:04'),('13111111111','8',40,1,'2011-09-05 09:53:04','310115198711308870','邵颖',NULL,NULL,'1987-11-00',2,'14544334463','danieldu1018@gmail.com','9999999999','上海市嘉定区','江苏省苏州市',2,355,'嘉定区环城路566号','吃苦耐劳','读书','实际',NULL,NULL,NULL,NULL,NULL,NULL,NULL,NULL,NULL,'2011-09-05 01:52:59','2011-08-05 04:56:04'),('13111111111','9',23,1,'2011-08-05 12:56:04','310115198501161660','刘巍',NULL,NULL,'1985-01-00',1,'14544334464','danieldu1018@gmail.com','9999999999','上海市奉贤区','浙江省杭州市',2,355,'川南奉公路3440号','诚实 适应力强','上网 旅游 美容','实际',NULL,NULL,NULL,NULL,NULL,NULL,NULL,NULL,NULL,'2011-08-10 06:39:29','2011-08-05 04:56:04'),('13111111111','9',31,2,'2011-08-05 12:56:04','310115198501161660','刘巍',NULL,NULL,'1985-01-00',1,'14544334464','danieldu1018@gmail.com','9999999999','上海市奉贤区','浙江省杭州市',2,355,'川南奉公路3440号','诚实 适应力强','上网 旅游 美容','实际',NULL,NULL,NULL,NULL,NULL,NULL,NULL,NULL,NULL,'2011-08-10 06:39:29','2011-08-05 04:56:04'),('13111111111','9',41,3,'2011-08-05 12:56:04','310115198501161660','刘巍',NULL,NULL,'1985-01-00',1,'14544334464','danieldu1018@gmail.com','9999999999','上海市奉贤区','浙江省杭州市',2,355,'川南奉公路3440号','诚实 适应力强','上网 旅游 美容','实际',NULL,NULL,NULL,NULL,NULL,NULL,NULL,NULL,NULL,'2011-08-10 06:39:29','2011-08-05 04:56:04'),('13222222222','57',76,3,'2011-08-05 12:56:04','310115198410113339','王君',NULL,NULL,'1984-10-00',1,'14544334512','danieldu1018@gmail.com','9999999999','上海市嘉定区','江苏省苏州市',2,1,'嘉定区环城路566号','吃苦耐劳','旅游 ','实际',NULL,NULL,NULL,NULL,NULL,NULL,NULL,NULL,NULL,'2011-08-10 06:39:29','2011-08-05 04:56:04'),('13222222222','58',76,3,'2011-08-05 12:56:04','310115198711308879','朱彦',NULL,NULL,'1987-11-00',2,'14544334513','danieldu1018@gmail.com','9999999999','上海市嘉定区','江苏省苏州市',2,1,'嘉定区环城路566号','吃苦耐劳','读书','实际',NULL,NULL,NULL,NULL,NULL,NULL,NULL,NULL,NULL,'2011-08-10 06:39:29','2011-08-05 04:56:04'),('13222222222','59',76,3,'2011-08-05 12:56:04','310115198501161669','徐津闻',NULL,NULL,'1985-01-00',1,'14544334514','danieldu1018@gmail.com','9999999999','上海市奉贤区','浙江省杭州市',2,1,'川南奉公路3440号','诚实 适应力强','上网 旅游 美容','实际',NULL,NULL,NULL,NULL,NULL,NULL,NULL,NULL,NULL,'2011-08-10 06:39:29','2011-08-05 04:56:04'),('13222222222','60',76,3,'2011-08-05 12:56:04','310115198410132229','陈佩艺',NULL,NULL,'1984-10-00',2,'14544334515','danieldu1018@gmail.com','9999999999','上海市黄浦区','浙江省杭州市',2,1,'汉口路79号','善交流 开朗','上网 旅游 美容','善解人意',NULL,NULL,NULL,NULL,NULL,NULL,NULL,NULL,NULL,'2011-08-10 06:39:29','2011-08-05 04:56:04'),('13222222222','61',76,3,'2011-08-05 12:56:04','310115198410132224','陈媛',NULL,NULL,'1984-10-00',2,'14544334516','danieldu1018@gmail.com','9999999999','上海市黄浦区','浙江省杭州市',2,1,'汉口路79号','善交流 开朗','上网 旅游 美容','善解人意',NULL,NULL,NULL,NULL,NULL,NULL,NULL,NULL,NULL,'2011-08-10 06:39:29','2011-08-05 04:56:04');
/*!40000 ALTER TABLE `T_Hunter_Talent_Job` ENABLE KEYS */;
UNLOCK TABLES;

--
-- Table structure for table `T_Hunter_Talent_Job_Edu`
--

DROP TABLE IF EXISTS `T_Hunter_Talent_Job_Edu`;
/*!40101 SET @saved_cs_client     = @@character_set_client */;
/*!40101 SET character_set_client = utf8 */;
CREATE TABLE `T_Hunter_Talent_Job_Edu` (
  `hunter_talent_job_edu_Hunter_account` varchar(20) NOT NULL COMMENT '所属猎头account',
  `hunter_talent_job_edu_Talent_id` varchar(11) NOT NULL COMMENT '人才id',
  `hunter_talent_job_edu_Job_id` int(11) NOT NULL COMMENT '职位id',
  `hunter_talent_job_edu_School` varchar(100) NOT NULL COMMENT '毕业院校',
  `hunter_talent_job_edu_Major` varchar(100) NOT NULL COMMENT '专业',
  `hunter_talent_job_edu_Degree_id` int(11) NOT NULL COMMENT '学历程度id',
  `hunter_talent_job_edu_Start_date` date NOT NULL COMMENT '开始日期',
  `hunter_talent_job_edu_End_date` date DEFAULT NULL COMMENT '结束日期',
  `time_updated` timestamp NOT NULL DEFAULT CURRENT_TIMESTAMP ON UPDATE CURRENT_TIMESTAMP,
  `time_created` timestamp NOT NULL DEFAULT '0000-00-00 00:00:00',
  PRIMARY KEY (`hunter_talent_job_edu_Hunter_account`,`hunter_talent_job_edu_Talent_id`,`hunter_talent_job_edu_Job_id`,`hunter_talent_job_edu_School`,`hunter_talent_job_edu_Major`,`hunter_talent_job_edu_Degree_id`)
) ENGINE=InnoDB DEFAULT CHARSET=utf8;
/*!40101 SET character_set_client = @saved_cs_client */;

--
-- Dumping data for table `T_Hunter_Talent_Job_Edu`
--

LOCK TABLES `T_Hunter_Talent_Job_Edu` WRITE;
/*!40000 ALTER TABLE `T_Hunter_Talent_Job_Edu` DISABLE KEYS */;
INSERT INTO `T_Hunter_Talent_Job_Edu` VALUES ('13111111111','10',24,'杭州美容技术学校','',8,'2000-09-00','2005-06-00','2011-08-05 05:42:31','2011-08-05 05:42:31'),('13111111111','10',31,'杭州美容技术学校','',8,'2000-09-00','2005-06-00','2011-08-05 05:42:31','2011-08-05 05:42:31'),('13111111111','10',42,'杭州美容技术学校','',8,'2000-09-00','2005-06-00','2011-08-05 05:42:31','2011-08-05 05:42:31'),('13111111111','11',25,'上海市南湖职校','',4,'2001-09-00','2004-06-00','2011-08-05 05:42:31','2011-08-05 05:42:31'),('13111111111','11',31,'上海市南湖职校','',4,'2001-09-00','2004-06-00','2011-08-05 05:42:31','2011-08-05 05:42:31'),('13111111111','11',43,'上海市南湖职校','',4,'2001-09-00','2004-06-00','2011-08-05 05:42:31','2011-08-05 05:42:31'),('13111111111','12',26,'北京航空大学','',8,'2000-09-00','2005-06-00','2011-08-05 05:42:31','2011-08-05 05:42:31'),('13111111111','12',32,'北京航空大学','',8,'2000-09-00','2005-06-00','2011-08-05 05:42:31','2011-08-05 05:42:31'),('13111111111','12',44,'北京航空大学','',8,'2000-09-00','2005-06-00','2011-08-05 05:42:31','2011-08-05 05:42:31'),('13111111111','13',27,'黑龙江农业大学','',8,'2000-09-00','2005-06-00','2011-08-05 05:42:31','2011-08-05 05:42:31'),('13111111111','13',33,'黑龙江农业大学','',8,'2000-09-00','2005-06-00','2011-08-05 05:42:31','2011-08-05 05:42:31'),('13111111111','13',45,'黑龙江农业大学','',8,'2000-09-00','2005-06-00','2011-08-05 05:42:31','2011-08-05 05:42:31'),('13111111111','13000000016',1,'1','1',1,'0000-00-00','0000-00-00','2011-09-15 01:15:37','2011-09-15 01:15:37'),('13111111111','13000000016',241,'1','1',1,'0000-00-00',NULL,'2011-09-15 09:05:58','2011-09-15 09:05:58'),('13111111111','14',28,'上海应用科学技术大学','',8,'2001-09-00','2004-06-00','2011-08-05 05:42:31','2011-08-05 05:42:31'),('13111111111','15',29,'上海建桥学院','',8,'2001-09-00','2004-06-00','2011-08-05 05:42:31','2011-08-05 05:42:31'),('13111111111','16',30,'上海民办侨光大学','',8,'2000-09-00','2005-06-00','2011-08-05 05:42:31','2011-08-05 05:42:31'),('13111111111','17',16,'苏州大学','',8,'2000-09-00','2005-06-00','2011-08-05 05:42:31','2011-08-05 05:42:31'),('13111111111','18',17,'苏州大学','',8,'2001-09-00','2004-06-00','2011-08-05 05:42:31','2011-08-05 05:42:31'),('13111111111','19',18,'杭州美容技术学校','',8,'2001-09-00','2004-06-00','2011-08-05 05:42:31','2011-08-05 05:42:31'),('13111111111','2',16,'','',0,'0000-00-00','0000-00-00','2011-08-05 05:42:31','2011-08-05 05:42:31'),('13111111111','2',31,'','',0,'0000-00-00','0000-00-00','2011-08-05 05:42:31','2011-08-05 05:42:31'),('13111111111','2',34,'','',0,'0000-00-00','0000-00-00','2011-08-05 05:42:31','2011-08-05 05:42:31'),('13111111111','20',19,'杭州美容技术学校','',8,'2000-09-00','2005-06-00','2011-08-05 05:42:31','2011-08-05 05:42:31'),('13111111111','21',20,'上海市南湖职校','',4,'2001-09-00','2004-06-00','2011-08-05 05:42:31','2011-08-05 05:42:31'),('13111111111','22',21,'北京航空大学','',8,'2000-09-00','2005-06-00','2011-08-05 05:42:31','2011-08-05 05:42:31'),('13111111111','23',22,'黑龙江农业大学','',8,'2000-09-00','2005-06-00','2011-08-05 05:42:31','2011-08-05 05:42:31'),('13111111111','24',23,'上海应用科学技术大学','',8,'2001-09-00','2004-06-00','2011-08-05 05:42:31','2011-08-05 05:42:31'),('13111111111','25',24,'上海建桥学院','',8,'2001-09-00','2004-06-00','2011-08-05 05:42:31','2011-08-05 05:42:31'),('13111111111','26',25,'上海民办侨光大学','',8,'2000-09-00','2005-06-00','2011-08-05 05:42:31','2011-08-05 05:42:31'),('13111111111','27',26,'苏州大学','',8,'2000-09-00','2005-06-00','2011-08-05 05:42:31','2011-08-05 05:42:31'),('13111111111','28',27,'苏州大学','',8,'2001-09-00','2004-06-00','2011-08-05 05:42:31','2011-08-05 05:42:31'),('13111111111','29',28,'杭州美容技术学校','',8,'2001-09-00','2004-06-00','2011-08-05 05:42:31','2011-08-05 05:42:31'),('13111111111','3',17,'黑龙江农业大学','',8,'2000-09-00','2005-06-00','2011-08-05 05:42:31','2011-08-05 05:42:31'),('13111111111','3',31,'黑龙江农业大学','',8,'2000-09-00','2005-06-00','2011-08-05 05:42:31','2011-08-05 05:42:31'),('13111111111','3',35,'黑龙江农业大学','',8,'2000-09-00','2005-06-00','2011-08-05 05:42:31','2011-08-05 05:42:31'),('13111111111','30',29,'杭州美容技术学校','',8,'2000-09-00','2005-06-00','2011-08-05 05:42:31','2011-08-05 05:42:31'),('13111111111','31',30,'上海市南湖职校','',4,'2001-09-00','2004-06-00','2011-08-05 05:42:31','2011-08-05 05:42:31'),('13111111111','32',16,'北京航空大学','',8,'2000-09-00','2005-06-00','2011-08-05 05:42:31','2011-08-05 05:42:31'),('13111111111','33',17,'黑龙江农业大学','',8,'2000-09-00','2005-06-00','2011-08-05 05:42:31','2011-08-05 05:42:31'),('13111111111','34',18,'上海应用科学技术大学','',8,'2001-09-00','2004-06-00','2011-08-05 05:42:31','2011-08-05 05:42:31'),('13111111111','35',19,'上海建桥学院','',8,'2001-09-00','2004-06-00','2011-08-05 05:42:31','2011-08-05 05:42:31'),('13111111111','36',20,'上海民办侨光大学','',8,'2000-09-00','2005-06-00','2011-08-05 05:42:31','2011-08-05 05:42:31'),('13111111111','37',21,'苏州大学','',8,'2000-09-00','2005-06-00','2011-08-05 05:42:31','2011-08-05 05:42:31'),('13111111111','38',22,'苏州大学','',8,'2001-09-00','2004-06-00','2011-08-05 05:42:31','2011-08-05 05:42:31'),('13111111111','39',23,'杭州美容技术学校','',8,'2001-09-00','2004-06-00','2011-08-05 05:42:31','2011-08-05 05:42:31'),('13111111111','4',18,'上海应用科学技术大学','',8,'2001-09-00','2004-06-00','2011-08-05 05:42:31','2011-08-05 05:42:31'),('13111111111','4',31,'上海应用科学技术大学','',8,'2001-09-00','2004-06-00','2011-08-05 05:42:31','2011-08-05 05:42:31'),('13111111111','4',36,'上海应用科学技术大学','',8,'2001-09-00','2004-06-00','2011-08-05 05:42:31','2011-08-05 05:42:31'),('13111111111','40',24,'杭州美容技术学校','',8,'2000-09-00','2005-06-00','2011-08-05 05:42:31','2011-08-05 05:42:31'),('13111111111','41',25,'上海市南湖职校','',4,'2001-09-00','2004-06-00','2011-08-05 05:42:31','2011-08-05 05:42:31'),('13111111111','42',26,'北京航空大学','',8,'2000-09-00','2005-06-00','2011-08-05 05:42:31','2011-08-05 05:42:31'),('13111111111','43',27,'黑龙江农业大学','',8,'2000-09-00','2005-06-00','2011-08-05 05:42:31','2011-08-05 05:42:31'),('13111111111','44',28,'上海应用科学技术大学','',8,'2001-09-00','2004-06-00','2011-08-05 05:42:31','2011-08-05 05:42:31'),('13111111111','45',29,'上海建桥学院','',8,'2001-09-00','2004-06-00','2011-08-05 05:42:31','2011-08-05 05:42:31'),('13111111111','46',30,'上海民办侨光大学','',8,'2000-09-00','2005-06-00','2011-08-05 05:42:31','2011-08-05 05:42:31'),('13111111111','47',16,'苏州大学','',8,'2000-09-00','2005-06-00','2011-08-05 05:42:31','2011-08-05 05:42:31'),('13111111111','47',31,'苏州大学','',8,'2000-09-00','2005-06-00','2011-08-05 05:42:31','2011-08-05 05:42:31'),('13111111111','48',17,'苏州大学','',8,'2001-09-00','2004-06-00','2011-08-05 05:42:31','2011-08-05 05:42:31'),('13111111111','48',31,'苏州大学','',8,'2001-09-00','2004-06-00','2011-08-05 05:42:31','2011-08-05 05:42:31'),('13111111111','49',18,'杭州美容技术学校','',8,'2001-09-00','2004-06-00','2011-08-05 05:42:31','2011-08-05 05:42:31'),('13111111111','49',31,'杭州美容技术学校','',8,'2001-09-00','2004-06-00','2011-08-05 05:42:31','2011-08-05 05:42:31'),('13111111111','5',19,'上海建桥学院','',8,'2001-09-00','2004-06-00','2011-08-05 05:42:31','2011-08-05 05:42:31'),('13111111111','5',31,'上海建桥学院','',8,'2001-09-00','2004-06-00','2011-08-05 05:42:31','2011-08-05 05:42:31'),('13111111111','5',37,'上海建桥学院','',8,'2001-09-00','2004-06-00','2011-08-05 05:42:31','2011-08-05 05:42:31'),('13111111111','50',19,'杭州美容技术学校','',8,'2000-09-00','2005-06-00','2011-08-05 05:42:31','2011-08-05 05:42:31'),('13111111111','50',31,'杭州美容技术学校','',8,'2000-09-00','2005-06-00','2011-08-05 05:42:31','2011-08-05 05:42:31'),('13111111111','51',20,'上海市南湖职校','',4,'2001-09-00','2004-06-00','2011-08-05 05:42:31','2011-08-05 05:42:31'),('13111111111','51',31,'上海市南湖职校','',4,'2001-09-00','2004-06-00','2011-08-05 05:42:31','2011-08-05 05:42:31'),('13111111111','52',21,'北京航空大学','',8,'2000-09-00','2005-06-00','2011-08-05 05:42:31','2011-08-05 05:42:31'),('13111111111','53',22,'黑龙江农业大学','',8,'2000-09-00','2005-06-00','2011-08-05 05:42:31','2011-08-05 05:42:31'),('13111111111','54',23,'上海应用科学技术大学','',8,'2001-09-00','2004-06-00','2011-08-05 05:42:31','2011-08-05 05:42:31'),('13111111111','55',24,'上海建桥学院','',8,'2001-09-00','2004-06-00','2011-08-05 05:42:31','2011-08-05 05:42:31'),('13111111111','56',25,'上海民办侨光大学','',8,'2000-09-00','2005-06-00','2011-08-05 05:42:31','2011-08-05 05:42:31'),('13111111111','57',26,'苏州大学','',8,'2000-09-00','2005-06-00','2011-08-05 05:42:31','2011-08-05 05:42:31'),('13111111111','58',27,'苏州大学','',8,'2001-09-00','2004-06-00','2011-08-05 05:42:31','2011-08-05 05:42:31'),('13111111111','59',28,'杭州美容技术学校','',8,'2001-09-00','2004-06-00','2011-08-05 05:42:31','2011-08-05 05:42:31'),('13111111111','6',20,'上海民办侨光大学','',8,'2000-09-00','2005-06-00','2011-08-05 05:42:31','2011-08-05 05:42:31'),('13111111111','6',31,'上海民办侨光大学','',8,'2000-09-00','2005-06-00','2011-08-05 05:42:31','2011-08-05 05:42:31'),('13111111111','6',38,'上海民办侨光大学','',8,'2000-09-00','2005-06-00','2011-08-05 05:42:31','2011-08-05 05:42:31'),('13111111111','60',29,'杭州美容技术学校','',8,'2000-09-00','2005-06-00','2011-08-05 05:42:31','2011-08-05 05:42:31'),('13111111111','61',30,'杭州美容技术学校','',8,'2000-09-00','2005-06-00','2011-08-05 05:42:31','2011-08-05 05:42:31'),('13111111111','7',21,'苏州大学','',8,'2000-09-00','2005-06-00','2011-08-05 05:42:31','2011-08-05 05:42:31'),('13111111111','7',31,'苏州大学','',8,'2000-09-00','2005-06-00','2011-08-05 05:42:31','2011-08-05 05:42:31'),('13111111111','7',39,'苏州大学','',8,'2000-09-00','2005-06-00','2011-08-05 05:42:31','2011-08-05 05:42:31'),('13111111111','8',22,'苏州大学','',8,'2001-09-00','2004-06-00','2011-08-05 05:42:31','2011-08-05 05:42:31'),('13111111111','8',31,'苏州大学','',8,'2001-09-00','2004-06-00','2011-08-05 05:42:31','2011-08-05 05:42:31'),('13111111111','8',40,'苏州大学','',8,'2001-09-00','2004-06-00','2011-08-05 05:42:31','2011-08-05 05:42:31'),('13111111111','9',23,'杭州美容技术学校','',8,'2001-09-00','2004-06-00','2011-08-05 05:42:31','2011-08-05 05:42:31'),('13111111111','9',31,'杭州美容技术学校','',8,'2001-09-00','2004-06-00','2011-08-05 05:42:31','2011-08-05 05:42:31'),('13111111111','9',41,'杭州美容技术学校','',8,'2001-09-00','2004-06-00','2011-08-05 05:42:31','2011-08-05 05:42:31'),('13222222222','57',76,'苏州大学','',8,'2000-09-00','2005-06-00','2011-08-05 05:42:31','2011-08-05 05:42:31'),('13222222222','58',76,'苏州大学','',8,'2001-09-00','2004-06-00','2011-08-05 05:42:31','2011-08-05 05:42:31'),('13222222222','59',76,'杭州美容技术学校','',8,'2001-09-00','2004-06-00','2011-08-05 05:42:31','2011-08-05 05:42:31'),('13222222222','60',76,'杭州美容技术学校','',8,'2000-09-00','2005-06-00','2011-08-05 05:42:31','2011-08-05 05:42:31'),('13222222222','61',76,'杭州美容技术学校','',8,'2000-09-00','2005-06-00','2011-08-05 05:42:31','2011-08-05 05:42:31');
/*!40000 ALTER TABLE `T_Hunter_Talent_Job_Edu` ENABLE KEYS */;
UNLOCK TABLES;

--
-- Table structure for table `T_Hunter_Talent_Job_File`
--

DROP TABLE IF EXISTS `T_Hunter_Talent_Job_File`;
/*!40101 SET @saved_cs_client     = @@character_set_client */;
/*!40101 SET character_set_client = utf8 */;
CREATE TABLE `T_Hunter_Talent_Job_File` (
  `hunter_talent_job_file_Talent_Id` varchar(11) NOT NULL COMMENT '所属人才id',
  `hunter_talent_job_file_Hunter_account` varchar(20) NOT NULL COMMENT '所属猎头account',
  `hunter_talent_job_file_Job_Id` int(11) NOT NULL DEFAULT '0' COMMENT '所属职位id',
  `hunter_talent_job_file_File_Id` int(11) NOT NULL DEFAULT '0' COMMENT '人才文件id',
  `time_updated` timestamp NOT NULL DEFAULT CURRENT_TIMESTAMP ON UPDATE CURRENT_TIMESTAMP,
  `time_created` timestamp NOT NULL DEFAULT '0000-00-00 00:00:00',
  PRIMARY KEY (`hunter_talent_job_file_Talent_Id`,`hunter_talent_job_file_Hunter_account`,`hunter_talent_job_file_Job_Id`,`hunter_talent_job_file_File_Id`)
) ENGINE=InnoDB DEFAULT CHARSET=utf8;
/*!40101 SET character_set_client = @saved_cs_client */;

--
-- Dumping data for table `T_Hunter_Talent_Job_File`
--

LOCK TABLES `T_Hunter_Talent_Job_File` WRITE;
/*!40000 ALTER TABLE `T_Hunter_Talent_Job_File` DISABLE KEYS */;
/*!40000 ALTER TABLE `T_Hunter_Talent_Job_File` ENABLE KEYS */;
UNLOCK TABLES;

--
-- Table structure for table `T_Hunter_Talent_Job_Prefer_job`
--

DROP TABLE IF EXISTS `T_Hunter_Talent_Job_Prefer_job`;
/*!40101 SET @saved_cs_client     = @@character_set_client */;
/*!40101 SET character_set_client = utf8 */;
CREATE TABLE `T_Hunter_Talent_Job_Prefer_job` (
  `hunter_talent_job_prefer_job_Hunter_account` varchar(20) NOT NULL COMMENT '猎头account',
  `hunter_talent_job_prefer_job_Talent_id` varchar(11) NOT NULL COMMENT '人才id',
  `hunter_talent_job_Job_id` int(11) NOT NULL COMMENT '职位id',
  `hunter_talent_job_prefer_job_Job_type_id` int(11) NOT NULL COMMENT '工作类型id',
  `hunter_talent_job_prefer_job_Stars` int(11) NOT NULL COMMENT '推荐星数',
  `time_updated` timestamp NOT NULL DEFAULT CURRENT_TIMESTAMP ON UPDATE CURRENT_TIMESTAMP,
  `time_created` timestamp NOT NULL DEFAULT '0000-00-00 00:00:00',
  PRIMARY KEY (`hunter_talent_job_prefer_job_Hunter_account`,`hunter_talent_job_prefer_job_Talent_id`,`hunter_talent_job_prefer_job_Job_type_id`)
) ENGINE=InnoDB DEFAULT CHARSET=utf8;
/*!40101 SET character_set_client = @saved_cs_client */;

--
-- Dumping data for table `T_Hunter_Talent_Job_Prefer_job`
--

LOCK TABLES `T_Hunter_Talent_Job_Prefer_job` WRITE;
/*!40000 ALTER TABLE `T_Hunter_Talent_Job_Prefer_job` DISABLE KEYS */;
INSERT INTO `T_Hunter_Talent_Job_Prefer_job` VALUES ('13111111111','2',1,1,3,'2011-08-31 09:45:39','0000-00-00 00:00:00'),('13111111111','2',1,2,2,'2011-08-31 09:45:45','0000-00-00 00:00:00'),('13111111111','31',1,3,1,'2011-08-31 08:43:39','0000-00-00 00:00:00');
/*!40000 ALTER TABLE `T_Hunter_Talent_Job_Prefer_job` ENABLE KEYS */;
UNLOCK TABLES;

--
-- Table structure for table `T_Hunter_Talent_Job_Submit_status`
--

DROP TABLE IF EXISTS `T_Hunter_Talent_Job_Submit_status`;
/*!40101 SET @saved_cs_client     = @@character_set_client */;
/*!40101 SET character_set_client = utf8 */;
CREATE TABLE `T_Hunter_Talent_Job_Submit_status` (
  `hunter_talent_job_submit_status_Id` int(11) NOT NULL AUTO_INCREMENT COMMENT '猎头推荐人才到职位状态id',
  `hunter_talent_job_submit_status_Des` varchar(20) NOT NULL COMMENT '猎头推荐人才到职位状态(待选择,已选择,已拒绝)',
  `time_updated` timestamp NOT NULL DEFAULT CURRENT_TIMESTAMP ON UPDATE CURRENT_TIMESTAMP,
  `time_created` timestamp NOT NULL DEFAULT '0000-00-00 00:00:00',
  PRIMARY KEY (`hunter_talent_job_submit_status_Id`)
) ENGINE=InnoDB AUTO_INCREMENT=4 DEFAULT CHARSET=utf8;
/*!40101 SET character_set_client = @saved_cs_client */;

--
-- Dumping data for table `T_Hunter_Talent_Job_Submit_status`
--

LOCK TABLES `T_Hunter_Talent_Job_Submit_status` WRITE;
/*!40000 ALTER TABLE `T_Hunter_Talent_Job_Submit_status` DISABLE KEYS */;
INSERT INTO `T_Hunter_Talent_Job_Submit_status` VALUES (1,'待选择','2011-08-04 07:00:11','0000-00-00 00:00:00'),(2,'已选择','2011-08-04 07:00:20','0000-00-00 00:00:00'),(3,'已拒绝','2011-08-04 07:00:28','0000-00-00 00:00:00');
/*!40000 ALTER TABLE `T_Hunter_Talent_Job_Submit_status` ENABLE KEYS */;
UNLOCK TABLES;

--
-- Table structure for table `T_Hunter_Talent_Job_Work_experience`
--

DROP TABLE IF EXISTS `T_Hunter_Talent_Job_Work_experience`;
/*!40101 SET @saved_cs_client     = @@character_set_client */;
/*!40101 SET character_set_client = utf8 */;
CREATE TABLE `T_Hunter_Talent_Job_Work_experience` (
  `hunter_talent_job_work_experience_Talent_id` varchar(11) NOT NULL COMMENT '人才id',
  `hunter_talent_job_work_experience_Hunter_account` varchar(20) NOT NULL COMMENT '所属猎头account',
  `hunter_talent_job_work_experience_Job_id` int(11) NOT NULL DEFAULT '0' COMMENT '所属职位id',
  `hunter_talent_job_work_experience_Company` varchar(100) NOT NULL DEFAULT '' COMMENT '公司名称',
  `hunter_talent_job_work_experience_Start_date` date NOT NULL COMMENT '开始日期',
  `hunter_talent_job_work_experience_End_date` date DEFAULT NULL COMMENT '结束日期',
  `hunter_talent_job_work_experience_Position` varchar(100) NOT NULL COMMENT '职位',
  `hunter_talent_job_work_experience_Salary` int(11) NOT NULL COMMENT '最后工资',
  `hunter_talent_job_work_experience_Job_quit_reason_type` int(11) NOT NULL COMMENT '离职类型',
  `hunter_talent_job_work_experience_Job_quit_reason_Des` varchar(200) DEFAULT NULL COMMENT '离职原因(根据离职原因类型id来确定如何填写,如为“常规”则填写常规离职原因id,如为“其他”则填写离职原因描述字符串)',
  `time_updated` timestamp NOT NULL DEFAULT CURRENT_TIMESTAMP ON UPDATE CURRENT_TIMESTAMP,
  `time_created` timestamp NOT NULL DEFAULT '0000-00-00 00:00:00',
  PRIMARY KEY (`hunter_talent_job_work_experience_Talent_id`,`hunter_talent_job_work_experience_Hunter_account`,`hunter_talent_job_work_experience_Job_id`,`hunter_talent_job_work_experience_Company`,`hunter_talent_job_work_experience_Start_date`)
) ENGINE=InnoDB DEFAULT CHARSET=utf8;
/*!40101 SET character_set_client = @saved_cs_client */;

--
-- Dumping data for table `T_Hunter_Talent_Job_Work_experience`
--

LOCK TABLES `T_Hunter_Talent_Job_Work_experience` WRITE;
/*!40000 ALTER TABLE `T_Hunter_Talent_Job_Work_experience` DISABLE KEYS */;
INSERT INTO `T_Hunter_Talent_Job_Work_experience` VALUES ('10','13111111111',24,'欧莱雅','2005-10-00','2010-02-00','柜员',2000,1,'换个行业','2011-09-07 09:15:41','2011-08-05 06:04:21'),('10','13111111111',31,'欧莱雅','2005-10-00','2010-02-00','柜员',2000,1,'换个行业','2011-09-07 09:15:41','2011-08-05 06:04:21'),('10','13111111111',42,'欧莱雅','2005-10-00','2010-02-00','柜员',2000,1,'换个行业','2011-09-07 09:15:41','2011-08-05 06:04:21'),('11','13111111111',25,'DHC','2005-01-00','2010-11-00','柜员',3000,1,'寻求发展','2011-09-07 09:15:41','2011-08-05 06:04:21'),('11','13111111111',31,'DHC','2005-01-00','2010-11-00','柜员',3000,1,'寻求发展','2011-09-07 09:15:41','2011-08-05 06:04:21'),('11','13111111111',43,'DHC','2005-01-00','2010-11-00','柜员',3000,1,'寻求发展','2011-09-07 09:15:41','2011-08-05 06:04:21'),('12','13111111111',26,'索尼','2005-02-00','2010-10-00','导购',4000,1,'个人原因','2011-09-07 09:15:41','2011-08-05 06:04:21'),('12','13111111111',32,'索尼','2005-02-00','2010-10-00','导购',4000,1,'个人原因','2011-09-07 09:15:41','2011-08-05 06:04:21'),('12','13111111111',44,'索尼','2005-02-00','2010-10-00','导购',4000,1,'个人原因','2011-09-07 09:15:41','2011-08-05 06:04:21'),('13','13111111111',27,'索尼','2005-03-00','2010-09-00','导购',2000,1,'寻求发展','2011-09-07 09:15:41','2011-08-05 06:04:21'),('13','13111111111',33,'索尼','2005-03-00','2010-09-00','导购',2000,1,'寻求发展','2011-09-07 09:15:41','2011-08-05 06:04:21'),('13','13111111111',45,'索尼','2005-03-00','2010-09-00','导购',2000,1,'寻求发展','2011-09-07 09:15:41','2011-08-05 06:04:21'),('13000000015','13111111111',1,'1','2001-01-00',NULL,'1',1,1,'1','2011-09-15 00:50:54','2011-09-15 00:50:54'),('13000000016','13111111111',1,'1','2000-01-00',NULL,'1',1,1,'1','2011-09-15 01:15:37','2011-09-15 01:15:37'),('13000000016','13111111111',241,'1','2000-01-00',NULL,'1',1,1,'1','2011-09-15 09:05:58','2011-09-15 09:05:58'),('14','13111111111',28,'欧莱雅','2005-04-00','2010-08-00','柜员',2000,1,'家庭原因','2011-09-07 09:15:41','2011-08-05 06:04:21'),('15','13111111111',29,'DHC','2005-05-00','2010-07-00','柜长',3000,1,'家庭原因','2011-09-07 09:15:41','2011-08-05 06:04:21'),('16','13111111111',30,'无添加','2005-06-00','2010-06-00','销售代表',5000,1,'无','2011-09-07 09:15:41','2011-08-05 06:04:21'),('17','13111111111',16,'无添加','2005-07-00','2010-05-00','销售代表',5000,1,'工作环境不适合','2011-09-07 09:15:41','2011-08-05 06:04:21'),('18','13111111111',17,'欧莱雅','2005-08-00','2010-04-00','柜长',4000,1,'无','2011-09-07 09:15:41','2011-08-05 06:04:21'),('19','13111111111',18,'欧莱雅','2005-09-00','2010-03-00','彩妆师',5000,1,'寻求发展','2011-09-07 09:15:41','2011-08-05 06:04:21'),('2','13111111111',16,'索尼','2005-02-00','2010-10-00','导购',4000,1,'个人原因','2011-09-07 09:15:41','2011-08-05 06:04:21'),('2','13111111111',31,'索尼','2005-02-00','2010-10-00','导购',4000,1,'个人原因','2011-09-07 09:15:41','2011-08-05 06:04:21'),('2','13111111111',34,'索尼','2005-02-00','2010-10-00','导购',4000,1,'个人原因','2011-09-07 09:15:41','2011-08-05 06:04:21'),('20','13111111111',19,'欧莱雅','2005-10-00','2010-02-00','柜员',2000,1,'换个行业','2011-09-07 09:15:41','2011-08-05 06:04:21'),('21','13111111111',20,'DHC','2005-01-00','2010-11-00','柜员',3000,1,'寻求发展','2011-09-07 09:15:41','2011-08-05 06:04:21'),('22','13111111111',21,'索尼','2005-02-00','2010-10-00','导购',4000,1,'个人原因','2011-09-07 09:15:41','2011-08-05 06:04:21'),('23','13111111111',22,'索尼','2005-03-00','2010-09-00','导购',2000,1,'寻求发展','2011-09-07 09:15:41','2011-08-05 06:04:21'),('24','13111111111',23,'欧莱雅','2005-04-00','2010-08-00','柜员',2000,1,'家庭原因','2011-09-07 09:15:41','2011-08-05 06:04:21'),('25','13111111111',24,'DHC','2005-05-00','2010-07-00','柜长',3000,1,'家庭原因','2011-09-07 09:15:41','2011-08-05 06:04:21'),('26','13111111111',25,'无添加','2005-06-00','2010-06-00','销售代表',5000,1,'无','2011-09-07 09:15:41','2011-08-05 06:04:21'),('27','13111111111',26,'无添加','2005-07-00','2010-05-00','销售代表',5000,1,'工作环境不适合','2011-09-07 09:15:41','2011-08-05 06:04:21'),('28','13111111111',27,'欧莱雅','2005-08-00','2010-04-00','柜长',4000,1,'无','2011-09-07 09:15:41','2011-08-05 06:04:21'),('29','13111111111',28,'欧莱雅','2005-09-00','2010-03-00','彩妆师',5000,1,'寻求发展','2011-09-07 09:15:41','2011-08-05 06:04:21'),('3','13111111111',17,'索尼','2005-03-00','2010-09-00','导购',2000,1,'寻求发展','2011-09-07 09:15:41','2011-08-05 06:04:21'),('3','13111111111',31,'索尼','2005-03-00','2010-09-00','导购',2000,1,'寻求发展','2011-09-07 09:15:41','2011-08-05 06:04:21'),('3','13111111111',35,'索尼','2005-03-00','2010-09-00','导购',2000,1,'寻求发展','2011-09-07 09:15:41','2011-08-05 06:04:21'),('30','13111111111',29,'欧莱雅','2005-10-00','2010-02-00','柜员',2000,1,'换个行业','2011-09-07 09:15:41','2011-08-05 06:04:21'),('31','13111111111',30,'DHC','2005-01-00','2010-11-00','柜员',3000,1,'寻求发展','2011-09-07 09:15:41','2011-08-05 06:04:21'),('32','13111111111',16,'索尼','2005-02-00','2010-10-00','导购',4000,1,'个人原因','2011-09-07 09:15:41','2011-08-05 06:04:21'),('33','13111111111',17,'索尼','2005-03-00','2010-09-00','导购',2000,1,'寻求发展','2011-09-07 09:15:41','2011-08-05 06:04:21'),('34','13111111111',18,'欧莱雅','2005-04-00','2010-08-00','柜员',2000,1,'家庭原因','2011-09-07 09:15:41','2011-08-05 06:04:21'),('35','13111111111',19,'DHC','2005-05-00','2010-07-00','柜长',3000,1,'家庭原因','2011-09-07 09:15:41','2011-08-05 06:04:21'),('36','13111111111',20,'无添加','2005-06-00','2010-06-00','销售代表',5000,1,'无','2011-09-07 09:15:41','2011-08-05 06:04:21'),('37','13111111111',21,'无添加','2005-07-00','2010-05-00','销售代表',5000,1,'工作环境不适合','2011-09-07 09:15:41','2011-08-05 06:04:21'),('38','13111111111',22,'欧莱雅','2005-08-00','2010-04-00','柜长',4000,1,'无','2011-09-07 09:15:41','2011-08-05 06:04:21'),('39','13111111111',23,'欧莱雅','2005-09-00','2010-03-00','彩妆师',5000,1,'寻求发展','2011-09-07 09:15:41','2011-08-05 06:04:21'),('4','13111111111',18,'欧莱雅','2005-04-00','2010-08-00','柜员',2000,1,'家庭原因','2011-09-07 09:15:41','2011-08-05 06:04:21'),('4','13111111111',31,'欧莱雅','2005-04-00','2010-08-00','柜员',2000,1,'家庭原因','2011-09-07 09:15:41','2011-08-05 06:04:21'),('4','13111111111',36,'欧莱雅','2005-04-00','2010-08-00','柜员',2000,1,'家庭原因','2011-09-07 09:15:41','2011-08-05 06:04:21'),('40','13111111111',24,'欧莱雅','2005-10-00','2010-02-00','柜员',2000,1,'换个行业','2011-09-07 09:15:41','2011-08-05 06:04:21'),('41','13111111111',25,'DHC','2005-01-00','2010-11-00','柜员',3000,1,'寻求发展','2011-09-07 09:15:41','2011-08-05 06:04:21'),('42','13111111111',26,'索尼','2005-02-00','2010-10-00','导购',4000,1,'个人原因','2011-09-07 09:15:41','2011-08-05 06:04:21'),('43','13111111111',27,'索尼','2005-03-00','2010-09-00','导购',2000,1,'寻求发展','2011-09-07 09:15:41','2011-08-05 06:04:21'),('44','13111111111',28,'欧莱雅','2005-04-00','2010-08-00','柜员',2000,1,'家庭原因','2011-09-07 09:15:41','2011-08-05 06:04:21'),('45','13111111111',29,'DHC','2005-05-00','2010-07-00','柜长',3000,1,'家庭原因','2011-09-07 09:15:41','2011-08-05 06:04:21'),('46','13111111111',30,'无添加','2005-06-00','2010-06-00','销售代表',5000,1,'无','2011-09-07 09:15:41','2011-08-05 06:04:21'),('47','13111111111',16,'无添加','2005-07-00','2010-05-00','销售代表',5000,1,'工作环境不适合','2011-09-07 09:15:41','2011-08-05 06:04:21'),('47','13111111111',31,'无添加','2005-07-00','2010-05-00','销售代表',5000,1,'工作环境不适合','2011-09-07 09:15:41','2011-08-05 06:04:21'),('48','13111111111',17,'欧莱雅','2005-08-00','2010-04-00','柜长',4000,1,'无','2011-09-07 09:15:41','2011-08-05 06:04:21'),('48','13111111111',31,'欧莱雅','2005-08-00','2010-04-00','柜长',4000,1,'无','2011-09-07 09:15:41','2011-08-05 06:04:21'),('49','13111111111',18,'欧莱雅','2005-09-00','2010-03-00','彩妆师',5000,1,'寻求发展','2011-09-07 09:15:41','2011-08-05 06:04:21'),('49','13111111111',31,'欧莱雅','2005-09-00','2010-03-00','彩妆师',5000,1,'寻求发展','2011-09-07 09:15:41','2011-08-05 06:04:21'),('5','13111111111',19,'DHC','2005-05-00','2010-07-00','柜长',3000,1,'家庭原因','2011-09-07 09:15:41','2011-08-05 06:04:21'),('5','13111111111',31,'DHC','2005-05-00','2010-07-00','柜长',3000,1,'家庭原因','2011-09-07 09:15:41','2011-08-05 06:04:21'),('5','13111111111',37,'DHC','2005-05-00','2010-07-00','柜长',3000,1,'家庭原因','2011-09-07 09:15:41','2011-08-05 06:04:21'),('50','13111111111',19,'欧莱雅','2005-10-00','2010-02-00','柜员',2000,1,'换个行业','2011-09-07 09:15:41','2011-08-05 06:04:21'),('50','13111111111',31,'欧莱雅','2005-10-00','2010-02-00','柜员',2000,1,'换个行业','2011-09-07 09:15:41','2011-08-05 06:04:21'),('51','13111111111',20,'DHC','2005-01-00','2010-11-00','柜员',3000,1,'寻求发展','2011-09-07 09:15:41','2011-08-05 06:04:21'),('51','13111111111',31,'DHC','2005-01-00','2010-11-00','柜员',3000,1,'寻求发展','2011-09-07 09:15:41','2011-08-05 06:04:21'),('52','13111111111',21,'索尼','2005-02-00','2010-10-00','导购',4000,1,'个人原因','2011-09-07 09:15:41','2011-08-05 06:04:21'),('53','13111111111',22,'索尼','2005-03-00','2010-09-00','导购',2000,1,'寻求发展','2011-09-07 09:15:41','2011-08-05 06:04:21'),('54','13111111111',23,'欧莱雅','2005-04-00','2010-08-00','柜员',2000,1,'家庭原因','2011-09-07 09:15:41','2011-08-05 06:04:21'),('55','13111111111',24,'DHC','2005-05-00','2010-07-00','柜长',3000,1,'家庭原因','2011-09-07 09:15:41','2011-08-05 06:04:21'),('56','13111111111',25,'无添加','2005-06-00','2010-06-00','销售代表',5000,1,'无','2011-09-07 09:15:41','2011-08-05 06:04:21'),('57','13111111111',26,'无添加','2005-07-00','2010-05-00','销售代表',5000,1,'工作环境不适合','2011-09-07 09:15:41','2011-08-05 06:04:21'),('57','13222222222',76,'无添加','2005-07-00','2010-05-00','销售代表',5000,1,'工作环境不适合','2011-09-07 09:15:41','2011-08-05 06:04:21'),('58','13111111111',27,'欧莱雅','2005-08-00','2010-04-00','柜长',4000,1,'无','2011-09-07 09:15:41','2011-08-05 06:04:21'),('58','13222222222',76,'欧莱雅','2005-08-00','2010-04-00','柜长',4000,1,'无','2011-09-07 09:15:41','2011-08-05 06:04:21'),('59','13111111111',28,'欧莱雅','2005-09-00','2010-03-00','彩妆师',5000,1,'寻求发展','2011-09-07 09:15:41','2011-08-05 06:04:21'),('59','13222222222',76,'欧莱雅','2005-09-00','2010-03-00','彩妆师',5000,1,'寻求发展','2011-09-07 09:15:41','2011-08-05 06:04:21'),('6','13111111111',20,'无添加','2005-06-00','2010-06-00','销售代表',5000,1,'无','2011-09-07 09:15:41','2011-08-05 06:04:21'),('6','13111111111',31,'无添加','2005-06-00','2010-06-00','销售代表',5000,1,'无','2011-09-07 09:15:41','2011-08-05 06:04:21'),('6','13111111111',38,'无添加','2005-06-00','2010-06-00','销售代表',5000,1,'无','2011-09-07 09:15:41','2011-08-05 06:04:21'),('60','13111111111',29,'欧莱雅','2005-10-00','2010-02-00','柜员',2000,1,'换个行业','2011-09-07 09:15:41','2011-08-05 06:04:21'),('60','13222222222',76,'欧莱雅','2005-10-00','2010-02-00','柜员',2000,1,'换个行业','2011-09-07 09:15:41','2011-08-05 06:04:21'),('61','13111111111',30,'欧莱雅','2005-10-00','2010-02-00','柜员',2000,1,'换个行业','2011-09-07 09:15:41','2011-08-05 06:04:21'),('61','13222222222',76,'欧莱雅','2005-10-00','2010-02-00','柜员',2000,1,'换个行业','2011-09-07 09:15:41','2011-08-05 06:04:21'),('7','13111111111',21,'无添加','2005-07-00','2010-05-00','销售代表',5000,1,'工作环境不适合','2011-09-07 09:15:41','2011-08-05 06:04:21'),('7','13111111111',31,'无添加','2005-07-00','2010-05-00','销售代表',5000,1,'工作环境不适合','2011-09-07 09:15:41','2011-08-05 06:04:21'),('7','13111111111',39,'无添加','2005-07-00','2010-05-00','销售代表',5000,1,'工作环境不适合','2011-09-07 09:15:41','2011-08-05 06:04:21'),('8','13111111111',22,'欧莱雅','2005-08-00','2010-04-00','柜长',4000,1,'无','2011-09-07 09:15:41','2011-08-05 06:04:21'),('8','13111111111',31,'欧莱雅','2005-08-00','2010-04-00','柜长',4000,1,'无','2011-09-07 09:15:41','2011-08-05 06:04:21'),('8','13111111111',40,'欧莱雅','2005-08-00','2010-04-00','柜长',4000,1,'无','2011-09-07 09:15:41','2011-08-05 06:04:21'),('9','13111111111',23,'欧莱雅','2005-09-00','2010-03-00','彩妆师',5000,1,'寻求发展','2011-09-07 09:15:41','2011-08-05 06:04:21'),('9','13111111111',31,'欧莱雅','2005-09-00','2010-03-00','彩妆师',5000,1,'寻求发展','2011-09-07 09:15:41','2011-08-05 06:04:21'),('9','13111111111',41,'欧莱雅','2005-09-00','2010-03-00','彩妆师',5000,1,'寻求发展','2011-09-07 09:15:41','2011-08-05 06:04:21');
/*!40000 ALTER TABLE `T_Hunter_Talent_Job_Work_experience` ENABLE KEYS */;
UNLOCK TABLES;

--
-- Table structure for table `T_Hunter_Talent_Prefer_job`
--

DROP TABLE IF EXISTS `T_Hunter_Talent_Prefer_job`;
/*!40101 SET @saved_cs_client     = @@character_set_client */;
/*!40101 SET character_set_client = utf8 */;
CREATE TABLE `T_Hunter_Talent_Prefer_job` (
  `hunter_talent_prefer_job_Hunter_account` varchar(20) NOT NULL COMMENT '猎头account',
  `hunter_talent_prefer_job_Talent_id` varchar(11) NOT NULL COMMENT '人才id',
  `hunter_talent_prefer_job_Job_type_id` int(11) NOT NULL DEFAULT '0' COMMENT '工作类型id',
  `hunter_talent_prefer_job_Stars` int(11) NOT NULL COMMENT '推荐星数',
  `time_updated` timestamp NOT NULL DEFAULT CURRENT_TIMESTAMP ON UPDATE CURRENT_TIMESTAMP,
  `time_created` timestamp NOT NULL DEFAULT '0000-00-00 00:00:00',
  PRIMARY KEY (`hunter_talent_prefer_job_Hunter_account`,`hunter_talent_prefer_job_Talent_id`,`hunter_talent_prefer_job_Job_type_id`)
) ENGINE=InnoDB DEFAULT CHARSET=utf8;
/*!40101 SET character_set_client = @saved_cs_client */;

--
-- Dumping data for table `T_Hunter_Talent_Prefer_job`
--

LOCK TABLES `T_Hunter_Talent_Prefer_job` WRITE;
/*!40000 ALTER TABLE `T_Hunter_Talent_Prefer_job` DISABLE KEYS */;
INSERT INTO `T_Hunter_Talent_Prefer_job` VALUES ('13111111111','1',1,3,'2011-08-08 02:45:42','0000-00-00 00:00:00'),('13111111111','1',2,2,'2011-08-08 02:45:55','0000-00-00 00:00:00'),('13111111111','31',3,1,'2011-08-10 11:38:24','0000-00-00 00:00:00');
/*!40000 ALTER TABLE `T_Hunter_Talent_Prefer_job` ENABLE KEYS */;
UNLOCK TABLES;

--
-- Table structure for table `T_Hunter_Talent_Work_experience`
--

DROP TABLE IF EXISTS `T_Hunter_Talent_Work_experience`;
/*!40101 SET @saved_cs_client     = @@character_set_client */;
/*!40101 SET character_set_client = utf8 */;
CREATE TABLE `T_Hunter_Talent_Work_experience` (
  `hunter_talent_work_experience_Talent_id` varchar(11) NOT NULL COMMENT '人才id',
  `hunter_talent_work_experience_Hunter_account` varchar(20) NOT NULL COMMENT '所属猎头account',
  `hunter_talent_work_experience_Company` varchar(100) NOT NULL DEFAULT '' COMMENT '公司名称',
  `hunter_talent_work_experience_Start_date` date NOT NULL COMMENT '开始日期',
  `hunter_talent_work_experience_End_date` date DEFAULT NULL COMMENT '结束日期',
  `hunter_talent_work_experience_Position` varchar(100) NOT NULL COMMENT '职位',
  `hunter_talent_work_experience_Salary` int(11) NOT NULL COMMENT '最后工资',
  `hunter_talent_work_experience_Job_quit_reason_type` int(11) NOT NULL COMMENT '离职类型',
  `hunter_talent_work_experience_Job_quit_reason_Des` varchar(200) DEFAULT NULL COMMENT '离职原因(根据离职原因类型id来确定如何填写,如为“常规”则填写常规离职原因id,如为“其他”则填写离职原因描述字符串)',
  `time_updated` timestamp NOT NULL DEFAULT CURRENT_TIMESTAMP ON UPDATE CURRENT_TIMESTAMP,
  `time_created` timestamp NOT NULL DEFAULT '0000-00-00 00:00:00',
  PRIMARY KEY (`hunter_talent_work_experience_Talent_id`,`hunter_talent_work_experience_Hunter_account`,`hunter_talent_work_experience_Company`,`hunter_talent_work_experience_Position`,`hunter_talent_work_experience_Start_date`)
) ENGINE=InnoDB DEFAULT CHARSET=utf8;
/*!40101 SET character_set_client = @saved_cs_client */;

--
-- Dumping data for table `T_Hunter_Talent_Work_experience`
--

LOCK TABLES `T_Hunter_Talent_Work_experience` WRITE;
/*!40000 ALTER TABLE `T_Hunter_Talent_Work_experience` DISABLE KEYS */;
INSERT INTO `T_Hunter_Talent_Work_experience` VALUES ('1','13111111111','d','2011-01-00',NULL,'d',100,2,NULL,'2011-09-09 18:41:23','2011-09-07 14:15:03'),('1','13111111111','t','2001-01-00',NULL,'t',2,3,'																				','2011-09-09 18:41:23','2011-09-07 16:59:55'),('1','13111111111','t','2001-02-00',NULL,'t',1,3,'																				','2011-09-09 18:41:23','2011-09-07 14:09:06'),('1','13111111111','t','2001-03-00',NULL,'t',1,1,'																										t		','2011-09-09 18:41:23','2011-09-07 14:09:29'),('1','13111111111','t','2001-09-00',NULL,'t',2,3,'																								','2011-09-09 18:41:23','2011-09-07 17:03:16'),('10','13111111111','欧莱雅','2005-10-00','2010-02-00','柜员',2000,1,'换个行业','2011-09-07 09:15:16','2011-08-05 05:58:22'),('10','13222222222','欧莱雅','2005-10-00','2010-02-00','柜员',2000,1,'换个行业','2011-09-07 09:15:16','2011-08-05 05:58:22'),('11','13111111111','DHC','2005-01-00','2010-11-00','柜员',3000,1,'寻求发展','2011-09-07 09:15:16','2011-08-05 05:58:22'),('11','13222222222','DHC','2005-01-00','2010-11-00','柜员',3000,1,'寻求发展','2011-09-07 09:15:16','2011-08-05 05:58:22'),('12','13111111111','索尼','2005-02-00','2010-10-00','导购',4000,1,'个人原因','2011-09-07 09:15:16','2011-08-05 05:58:22'),('12','13222222222','索尼','2005-02-00','2010-10-00','导购',4000,1,'个人原因','2011-09-07 09:15:16','2011-08-05 05:58:22'),('13','13111111111','索尼','2005-03-00','2010-09-00','导购',2000,1,'寻求发展','2011-09-07 09:15:16','2011-08-05 05:58:22'),('13','13222222222','索尼','2005-03-00','2010-09-00','导购',2000,1,'寻求发展','2011-09-07 09:15:16','2011-08-05 05:58:22'),('13000000008','13111111111','12','2011-01-00','2012-01-00','12',12,1,'12','2011-09-11 07:11:17','2011-09-11 07:11:17'),('13000000008','13111111111','2','2023-01-00','2024-01-00','2',3,1,'2','2011-09-11 07:10:20','2011-09-09 17:28:07'),('13000000009','13111111111','1','2001-01-00',NULL,'1',1,1,'1','2011-09-09 18:41:23','2011-09-09 08:33:42'),('13000000010','13111111111','1','2001-01-00',NULL,'1',1,1,'1','2011-09-10 16:15:26','2011-09-10 16:15:26'),('13000000011','13111111111','2','2002-01-00','2002-02-00','2',2,3,NULL,'2011-09-11 10:10:40','2011-09-11 10:08:38'),('13000000011','13111111111','8','2008-08-00',NULL,'8',8,1,'8','2011-09-11 10:11:31','2011-09-11 10:11:31'),('13000000013','13111111111','2','2001-10-00',NULL,'2',2,2,NULL,'2011-09-13 07:02:17','2011-09-13 07:02:17'),('13000000015','13111111111','1','2001-01-00',NULL,'1',1,1,'1','2011-09-15 00:50:18','2011-09-15 00:50:18'),('13000000016','13111111111','1','2000-01-00',NULL,'1',1,1,'1','2011-09-15 01:11:21','2011-09-15 01:11:21'),('14','13111111111','欧莱雅','2005-04-00','2010-08-00','柜员',2000,1,'家庭原因','2011-09-07 09:15:16','2011-08-05 05:58:22'),('14','13222222222','欧莱雅','2005-04-00','2010-08-00','柜员',2000,1,'家庭原因','2011-09-07 09:15:16','2011-08-05 05:58:22'),('15','13111111111','DHC','2005-05-00','2010-07-00','柜长',3000,1,'家庭原因','2011-09-07 09:15:16','2011-08-05 05:58:22'),('15','13222222222','DHC','2005-05-00','2010-07-00','柜长',3000,1,'家庭原因','2011-09-07 09:15:16','2011-08-05 05:58:22'),('16','13111111111','无添加','2005-06-00','2010-06-00','销售代表',5000,1,'无','2011-09-07 09:15:16','2011-08-05 05:58:22'),('16','13222222222','无添加','2005-06-00','2010-06-00','销售代表',5000,1,'无','2011-09-07 09:15:16','2011-08-05 05:58:22'),('17','13111111111','无添加','2005-07-00','2010-05-00','销售代表',5000,1,'工作环境不适合','2011-09-07 09:15:16','2011-08-05 05:58:22'),('17','13222222222','无添加','2005-07-00','2010-05-00','销售代表',5000,1,'工作环境不适合','2011-09-07 09:15:16','2011-08-05 05:58:22'),('18','13111111111','欧莱雅','2005-08-00','2010-04-00','柜长',4000,1,'无','2011-09-07 09:15:16','2011-08-05 05:58:22'),('18','13222222222','欧莱雅','2005-08-00','2010-04-00','柜长',4000,1,'无','2011-09-07 09:15:16','2011-08-05 05:58:22'),('18602103868','13111111111','1','2011-01-00',NULL,'1',1,2,NULL,'2011-09-09 18:41:23','2011-09-09 16:21:59'),('18602103868','13111111111','2','2022-01-00',NULL,'1',1,3,NULL,'2011-09-09 18:41:23','2011-09-09 16:22:25'),('18602103868','13111111111','3','2007-01-00',NULL,'3',345,3,NULL,'2011-09-09 18:41:23','2011-09-09 16:23:02'),('19','13111111111','欧莱雅','2005-09-00','2010-03-00','彩妆师',5000,1,'寻求发展','2011-09-07 09:15:16','2011-08-05 05:58:22'),('19','13222222222','欧莱雅','2005-09-00','2010-03-00','彩妆师',5000,1,'寻求发展','2011-09-07 09:15:16','2011-08-05 05:58:22'),('2','13111111111','索尼','2005-02-00','2010-10-00','导购',4000,1,'个人原因','2011-09-07 09:15:16','2011-08-05 05:58:22'),('2','13222222222','索尼','2005-02-00','2010-10-00','导购',4000,1,'个人原因','2011-09-07 09:15:16','2011-08-05 05:58:22'),('20','13111111111','欧莱雅','2005-10-00','2010-02-00','柜员',2000,1,'换个行业','2011-09-07 09:15:16','2011-08-05 05:58:22'),('20','13222222222','欧莱雅','2005-10-00','2010-02-00','柜员',2000,1,'换个行业','2011-09-07 09:15:16','2011-08-05 05:58:22'),('21','13111111111','DHC','2005-01-00','2010-11-00','柜员',3000,1,'寻求发展','2011-09-07 09:15:16','2011-08-05 05:58:22'),('21','13222222222','DHC','2005-01-00','2010-11-00','柜员',3000,1,'寻求发展','2011-09-07 09:15:16','2011-08-05 05:58:22'),('2147483647','1','tt','2020-01-00','2020-01-00','tt',1,2,NULL,'2011-09-09 18:41:23','2011-09-07 13:15:37'),('2147483647','13111111111','1','2011-01-00',NULL,'1',1,1,'1','2011-09-09 18:41:23','2011-09-09 06:32:47'),('2147483647','13111111111','2','2011-01-00',NULL,'1',1,1,'1','2011-09-09 18:41:23','2011-09-09 06:34:24'),('2147483647','2','tt','2020-01-00','2020-01-00','tt',1,2,NULL,'2011-09-09 18:41:23','2011-09-07 13:16:06'),('22','13111111111','索尼','2005-02-00','2010-10-00','导购',4000,1,'个人原因','2011-09-07 09:15:16','2011-08-05 05:58:22'),('22','13222222222','索尼','2005-02-00','2010-10-00','导购',4000,1,'个人原因','2011-09-07 09:15:16','2011-08-05 05:58:22'),('23','13111111111','索尼','2005-03-00','2010-09-00','导购',2000,1,'寻求发展','2011-09-07 09:15:16','2011-08-05 05:58:22'),('23','13222222222','索尼','2005-03-00','2010-09-00','导购',2000,1,'寻求发展','2011-09-07 09:15:16','2011-08-05 05:58:22'),('24','13111111111','欧莱雅','2005-04-00','2010-08-00','柜员',2000,1,'家庭原因','2011-09-07 09:15:16','2011-08-05 05:58:22'),('24','13222222222','欧莱雅','2005-04-00','2010-08-00','柜员',2000,1,'家庭原因','2011-09-07 09:15:16','2011-08-05 05:58:22'),('25','13111111111','DHC','2005-05-00','2010-07-00','柜长',3000,1,'家庭原因','2011-09-07 09:15:16','2011-08-05 05:58:22'),('25','13222222222','DHC','2005-05-00','2010-07-00','柜长',3000,1,'家庭原因','2011-09-07 09:15:16','2011-08-05 05:58:22'),('26','13111111111','无添加','2005-06-00','2010-06-00','销售代表',5000,1,'无','2011-09-07 09:15:16','2011-08-05 05:58:22'),('26','13222222222','无添加','2005-06-00','2010-06-00','销售代表',5000,1,'无','2011-09-07 09:15:16','2011-08-05 05:58:22'),('27','13111111111','无添加','2005-07-00','2010-05-00','销售代表',5000,1,'工作环境不适合','2011-09-07 09:15:16','2011-08-05 05:58:22'),('27','13222222222','无添加','2005-07-00','2010-05-00','销售代表',5000,1,'工作环境不适合','2011-09-07 09:15:16','2011-08-05 05:58:22'),('28','13111111111','欧莱雅','2005-08-00','2010-04-00','柜长',4000,1,'无','2011-09-07 09:15:16','2011-08-05 05:58:22'),('28','13222222222','欧莱雅','2005-08-00','2010-04-00','柜长',4000,1,'无','2011-09-07 09:15:16','2011-08-05 05:58:22'),('29','13111111111','欧莱雅','2005-09-00','2010-03-00','彩妆师',5000,1,'寻求发展','2011-09-07 09:15:16','2011-08-05 05:58:22'),('29','13222222222','欧莱雅','2005-09-00','2010-03-00','彩妆师',5000,1,'寻求发展','2011-09-07 09:15:16','2011-08-05 05:58:22'),('3','13111111111','索尼','2005-03-00','2010-09-00','导购',2000,1,'寻求发展','2011-09-07 09:15:16','2011-08-05 05:58:22'),('3','13222222222','索尼','2005-03-00','2010-09-00','导购',2000,1,'寻求发展','2011-09-07 09:15:16','2011-08-05 05:58:22'),('30','13111111111','欧莱雅','2005-10-00','2010-02-00','柜员',2000,1,'换个行业','2011-09-07 09:15:16','2011-08-05 05:58:22'),('30','13222222222','欧莱雅','2005-10-00','2010-02-00','柜员',2000,1,'换个行业','2011-09-07 09:15:16','2011-08-05 05:58:22'),('31','13111111111','DHC','2005-01-00','2010-11-00','柜员',3000,1,'寻求发展','2011-09-07 09:15:16','2011-08-05 05:58:22'),('31','13222222222','DHC','2005-01-00','2010-11-00','柜员',3000,1,'寻求发展','2011-09-07 09:15:16','2011-08-05 05:58:22'),('32','13111111111','索尼','2005-02-00','2010-10-00','导购',4000,1,'个人原因','2011-09-07 09:15:16','2011-08-05 05:58:22'),('32','13222222222','索尼','2005-02-00','2010-10-00','导购',4000,1,'个人原因','2011-09-07 09:15:16','2011-08-05 05:58:22'),('33','13111111111','索尼','2005-03-00','2010-09-00','导购',2000,1,'寻求发展','2011-09-07 09:15:16','2011-08-05 05:58:22'),('33','13222222222','索尼','2005-03-00','2010-09-00','导购',2000,1,'寻求发展','2011-09-07 09:15:16','2011-08-05 05:58:22'),('34','13111111111','欧莱雅','2005-04-00','2010-08-00','柜员',2000,1,'家庭原因','2011-09-07 09:15:16','2011-08-05 05:58:22'),('34','13222222222','欧莱雅','2005-04-00','2010-08-00','柜员',2000,1,'家庭原因','2011-09-07 09:15:16','2011-08-05 05:58:22'),('35','13111111111','DHC','2005-05-00','2010-07-00','柜长',3000,1,'家庭原因','2011-09-07 09:15:16','2011-08-05 05:58:22'),('35','13222222222','DHC','2005-05-00','2010-07-00','柜长',3000,1,'家庭原因','2011-09-07 09:15:16','2011-08-05 05:58:22'),('36','13111111111','无添加','2005-06-00','2010-06-00','销售代表',5000,1,'无','2011-09-07 09:15:16','2011-08-05 05:58:22'),('36','13222222222','无添加','2005-06-00','2010-06-00','销售代表',5000,1,'无','2011-09-07 09:15:16','2011-08-05 05:58:22'),('37','13111111111','无添加','2005-07-00','2010-05-00','销售代表',5000,1,'工作环境不适合','2011-09-07 09:15:16','2011-08-05 05:58:22'),('37','13222222222','无添加','2005-07-00','2010-05-00','销售代表',5000,1,'工作环境不适合','2011-09-07 09:15:16','2011-08-05 05:58:22'),('38','13111111111','欧莱雅','2005-08-00','2010-04-00','柜长',4000,1,'无','2011-09-07 09:15:16','2011-08-05 05:58:22'),('38','13222222222','欧莱雅','2005-08-00','2010-04-00','柜长',4000,1,'无','2011-09-07 09:15:16','2011-08-05 05:58:22'),('39','13111111111','欧莱雅','2005-09-00','2010-03-00','彩妆师',5000,1,'寻求发展','2011-09-07 09:15:16','2011-08-05 05:58:22'),('39','13222222222','欧莱雅','2005-09-00','2010-03-00','彩妆师',5000,1,'寻求发展','2011-09-07 09:15:16','2011-08-05 05:58:22'),('4','13111111111','欧莱雅','2005-04-00','2010-08-00','柜员',2000,1,'家庭原因','2011-09-07 09:15:16','2011-08-05 05:58:22'),('4','13222222222','欧莱雅','2005-04-00','2010-08-00','柜员',2000,1,'家庭原因','2011-09-07 09:15:16','2011-08-05 05:58:22'),('40','13111111111','欧莱雅','2005-10-00','2010-02-00','柜员',2000,1,'换个行业','2011-09-07 09:15:16','2011-08-05 05:58:22'),('40','13222222222','欧莱雅','2005-10-00','2010-02-00','柜员',2000,1,'换个行业','2011-09-07 09:15:16','2011-08-05 05:58:22'),('41','13111111111','DHC','2005-01-00','2010-11-00','柜员',3000,1,'寻求发展','2011-09-07 09:15:16','2011-08-05 05:58:22'),('41','13222222222','DHC','2005-01-00','2010-11-00','柜员',3000,1,'寻求发展','2011-09-07 09:15:16','2011-08-05 05:58:22'),('42','13111111111','索尼','2005-02-00','2010-10-00','导购',4000,1,'个人原因','2011-09-07 09:15:16','2011-08-05 05:58:22'),('42','13222222222','索尼','2005-02-00','2010-10-00','导购',4000,1,'个人原因','2011-09-07 09:15:16','2011-08-05 05:58:22'),('43','13111111111','索尼','2005-03-00','2010-09-00','导购',2000,1,'寻求发展','2011-09-07 09:15:16','2011-08-05 05:58:22'),('43','13222222222','索尼','2005-03-00','2010-09-00','导购',2000,1,'寻求发展','2011-09-07 09:15:16','2011-08-05 05:58:22'),('44','13111111111','欧莱雅','2005-04-00','2010-08-00','柜员',2000,1,'家庭原因','2011-09-07 09:15:16','2011-08-05 05:58:22'),('44','13222222222','欧莱雅','2005-04-00','2010-08-00','柜员',2000,1,'家庭原因','2011-09-07 09:15:16','2011-08-05 05:58:22'),('45','13111111111','DHC','2005-05-00','2010-07-00','柜长',3000,1,'家庭原因','2011-09-07 09:15:16','2011-08-05 05:58:22'),('45','13222222222','DHC','2005-05-00','2010-07-00','柜长',3000,1,'家庭原因','2011-09-07 09:15:16','2011-08-05 05:58:22'),('46','13111111111','无添加','2005-06-00','2010-06-00','销售代表',5000,1,'无','2011-09-07 09:15:16','2011-08-05 05:58:22'),('46','13222222222','无添加','2005-06-00','2010-06-00','销售代表',5000,1,'无','2011-09-07 09:15:16','2011-08-05 05:58:22'),('47','13111111111','无添加','2005-07-00','2010-05-00','销售代表',5000,1,'工作环境不适合','2011-09-07 09:15:16','2011-08-05 05:58:22'),('47','13222222222','无添加','2005-07-00','2010-05-00','销售代表',5000,1,'工作环境不适合','2011-09-07 09:15:16','2011-08-05 05:58:22'),('48','13111111111','欧莱雅','2005-08-00','2010-04-00','柜长',4000,1,'无','2011-09-07 09:15:16','2011-08-05 05:58:22'),('48','13222222222','欧莱雅','2005-08-00','2010-04-00','柜长',4000,1,'无','2011-09-07 09:15:16','2011-08-05 05:58:22'),('49','13111111111','欧莱雅','2005-09-00','2010-03-00','彩妆师',5000,1,'寻求发展','2011-09-07 09:15:16','2011-08-05 05:58:22'),('49','13222222222','欧莱雅','2005-09-00','2010-03-00','彩妆师',5000,1,'寻求发展','2011-09-07 09:15:16','2011-08-05 05:58:22'),('5','13111111111','DHC','2005-05-00','2010-07-00','柜长',3000,1,'家庭原因','2011-09-07 09:15:16','2011-08-05 05:58:22'),('5','13222222222','DHC','2005-05-00','2010-07-00','柜长',3000,1,'家庭原因','2011-09-07 09:15:16','2011-08-05 05:58:22'),('50','13111111111','欧莱雅','2005-10-00','2010-02-00','柜员',2000,1,'换个行业','2011-09-07 09:15:16','2011-08-05 05:58:22'),('50','13222222222','欧莱雅','2005-10-00','2010-02-00','柜员',2000,1,'换个行业','2011-09-07 09:15:16','2011-08-05 05:58:22'),('51','13111111111','DHC','2005-01-00','2010-11-00','柜员',3000,1,'寻求发展','2011-09-07 09:15:16','2011-08-05 05:58:22'),('51','13222222222','DHC','2005-01-00','2010-11-00','柜员',3000,1,'寻求发展','2011-09-07 09:15:16','2011-08-05 05:58:22'),('52','13111111111','索尼','2005-02-00','2010-10-00','导购',4000,1,'个人原因','2011-09-07 09:15:16','2011-08-05 05:58:22'),('52','13222222222','索尼','2005-02-00','2010-10-00','导购',4000,1,'个人原因','2011-09-07 09:15:16','2011-08-05 05:58:22'),('53','13111111111','索尼','2005-03-00','2010-09-00','导购',2000,1,'寻求发展','2011-09-07 09:15:16','2011-08-05 05:58:22'),('53','13222222222','索尼','2005-03-00','2010-09-00','导购',2000,1,'寻求发展','2011-09-07 09:15:16','2011-08-05 05:58:22'),('54','13111111111','欧莱雅','2005-04-00','2010-08-00','柜员',2000,1,'家庭原因','2011-09-07 09:15:16','2011-08-05 05:58:22'),('54','13222222222','欧莱雅','2005-04-00','2010-08-00','柜员',2000,1,'家庭原因','2011-09-07 09:15:16','2011-08-05 05:58:22'),('55','13111111111','DHC','2005-05-00','2010-07-00','柜长',3000,1,'家庭原因','2011-09-07 09:15:16','2011-08-05 05:58:22'),('55','13222222222','DHC','2005-05-00','2010-07-00','柜长',3000,1,'家庭原因','2011-09-07 09:15:16','2011-08-05 05:58:22'),('56','13111111111','无添加','2005-06-00','2010-06-00','销售代表',5000,1,'无','2011-09-07 09:15:16','2011-08-05 05:58:22'),('56','13222222222','无添加','2005-06-00','2010-06-00','销售代表',5000,1,'无','2011-09-07 09:15:16','2011-08-05 05:58:22'),('57','13111111111','无添加','2005-07-00','2010-05-00','销售代表',5000,1,'工作环境不适合','2011-09-07 09:15:16','2011-08-05 05:58:22'),('57','13222222222','无添加','2005-07-00','2010-05-00','销售代表',5000,1,'工作环境不适合','2011-09-07 09:15:16','2011-08-05 05:58:22'),('58','13111111111','欧莱雅','2005-08-00','2010-04-00','柜长',4000,1,'无','2011-09-07 09:15:16','2011-08-05 05:58:22'),('58','13222222222','欧莱雅','2005-08-00','2010-04-00','柜长',4000,1,'无','2011-09-07 09:15:16','2011-08-05 05:58:22'),('59','13111111111','欧莱雅','2005-09-00','2010-03-00','彩妆师',5000,1,'寻求发展','2011-09-07 09:15:16','2011-08-05 05:58:22'),('59','13222222222','欧莱雅','2005-09-00','2010-03-00','彩妆师',5000,1,'寻求发展','2011-09-07 09:15:16','2011-08-05 05:58:22'),('6','13111111111','无添加','2005-06-00','2010-06-00','销售代表',5000,1,'无','2011-09-07 09:15:16','2011-08-05 05:58:22'),('6','13222222222','无添加','2005-06-00','2010-06-00','销售代表',5000,1,'无','2011-09-07 09:15:16','2011-08-05 05:58:22'),('60','13111111111','欧莱雅','2005-10-00','2010-02-00','柜员',2000,1,'换个行业','2011-09-07 09:15:16','2011-08-05 05:58:22'),('60','13222222222','欧莱雅','2005-10-00','2010-02-00','柜员',2000,1,'换个行业','2011-09-07 09:15:16','2011-08-05 05:58:22'),('61','13111111111','欧莱雅','2005-10-00','2010-02-00','柜员',2000,1,'换个行业','2011-09-07 09:15:16','2011-08-05 05:58:22'),('61','13222222222','欧莱雅','2005-10-00','2010-02-00','柜员',2000,1,'换个行业','2011-09-07 09:15:16','2011-08-05 05:58:22'),('7','13111111111','无添加','2005-07-00','2010-05-00','销售代表',5000,1,'工作环境不适合','2011-09-07 09:15:16','2011-08-05 05:58:22'),('7','13222222222','无添加','2005-07-00','2010-05-00','销售代表',5000,1,'工作环境不适合','2011-09-07 09:15:16','2011-08-05 05:58:22'),('8','13111111111','欧莱雅','2005-08-00','2010-04-00','柜长',4000,1,'无','2011-09-07 09:15:16','2011-08-05 05:58:22'),('8','13222222222','欧莱雅','2005-08-00','2010-04-00','柜长',4000,1,'无','2011-09-07 09:15:16','2011-08-05 05:58:22'),('9','13111111111','欧莱雅','2005-09-00','2010-03-00','彩妆师',5000,1,'寻求发展','2011-09-07 09:15:16','2011-08-05 05:58:22'),('9','13222222222','欧莱雅','2005-09-00','2010-03-00','彩妆师',5000,1,'寻求发展','2011-09-07 09:15:16','2011-08-05 05:58:22');
/*!40000 ALTER TABLE `T_Hunter_Talent_Work_experience` ENABLE KEYS */;
UNLOCK TABLES;

--
-- Table structure for table `T_Industry`
--

DROP TABLE IF EXISTS `T_Industry`;
/*!40101 SET @saved_cs_client     = @@character_set_client */;
/*!40101 SET character_set_client = utf8 */;
CREATE TABLE `T_Industry` (
  `industry_Id` int(11) NOT NULL AUTO_INCREMENT COMMENT '行业id',
  `indestry_Name` varchar(50) NOT NULL COMMENT '行业',
  `time_updated` timestamp NOT NULL DEFAULT CURRENT_TIMESTAMP ON UPDATE CURRENT_TIMESTAMP,
  `time_created` timestamp NOT NULL DEFAULT '0000-00-00 00:00:00',
  PRIMARY KEY (`industry_Id`)
) ENGINE=InnoDB AUTO_INCREMENT=16 DEFAULT CHARSET=utf8;
/*!40101 SET character_set_client = @saved_cs_client */;

--
-- Dumping data for table `T_Industry`
--

LOCK TABLES `T_Industry` WRITE;
/*!40000 ALTER TABLE `T_Industry` DISABLE KEYS */;
INSERT INTO `T_Industry` VALUES (1,'家居/家纺','2011-08-04 01:38:29','2011-08-04 01:34:09'),(2,'电器(手机/家用电器/电脑/电子)','2011-08-04 01:38:32','2011-08-04 01:34:09'),(3,'化妆品/美容美体','2011-08-04 01:38:34','2011-08-04 01:34:09'),(4,'珠宝','2011-08-04 01:38:36','2011-08-04 01:34:09'),(5,'钟表','2011-08-04 01:38:38','2011-08-04 01:34:09'),(6,'饰品/礼品','2011-08-04 01:38:40','2011-08-04 01:34:09'),(7,'日用品/食品/饮料/酒类','2011-08-04 01:38:42','2011-08-04 01:34:09'),(8,'玩具','2011-08-04 01:38:43','2011-08-04 01:34:09'),(9,'药品/保健品','2011-08-04 01:38:45','2011-08-04 01:34:09'),(10,'商场/超市','2011-08-04 01:38:47','2011-08-04 01:34:09'),(11,'服装(男装/女装/童装/鞋帽)','2011-08-04 01:38:49','2011-08-04 01:34:09'),(12,'图书音像','2011-08-04 01:38:51','2011-08-04 01:34:09'),(13,'家具/建材','2011-08-04 01:38:53','2011-08-04 01:34:09'),(14,'办公用品','2011-08-04 01:38:55','2011-08-04 01:34:09'),(15,'其他行业','2011-08-04 01:38:58','2011-08-04 01:34:09');
/*!40000 ALTER TABLE `T_Industry` ENABLE KEYS */;
UNLOCK TABLES;

--
-- Table structure for table `T_Job`
--

DROP TABLE IF EXISTS `T_Job`;
/*!40101 SET @saved_cs_client     = @@character_set_client */;
/*!40101 SET character_set_client = utf8 */;
CREATE TABLE `T_Job` (
  `job_Id` int(11) NOT NULL AUTO_INCREMENT COMMENT '职位id',
  `job_Title` varchar(40) NOT NULL COMMENT '职位名称',
  `job_Simple_des` varchar(200) DEFAULT NULL COMMENT '职位简述',
  `job_Detail_des` mediumtext COMMENT '职位详述',
  `job_Enterprise_user_account` varchar(20) NOT NULL COMMENT '创建此职位的用人单位用户id',
  `job_Type_id` int(11) NOT NULL COMMENT '职位类型id',
  `job_Status_id` int(11) NOT NULL COMMENT '职位状态id',
  `job_Recruit_num` int(11) DEFAULT NULL COMMENT '招聘人数',
  `job_Year_low` int(11) DEFAULT NULL COMMENT '工作至少年限',
  `job_Year_high` int(11) DEFAULT NULL COMMENT '工作至多年限',
  `job_Salary_type_id` int(11) NOT NULL COMMENT '基本工资类型id',
  `job_Salary_less` int(11) DEFAULT NULL COMMENT '基本工资值a(如基本工资类型为“面议”则此项必须为空,若基本工资类型为“固定数额”则此项为数字,若基本工资类型为“范围”则此项为下限数字)',
  `job_Salary_high` int(11) DEFAULT NULL COMMENT '基本工资值b(只有再基本工资类型为“范围”时需要填写，此项为上限数字，如基本工资类型为“面议”则此项必须为空)',
  `job_Commission_type_id` int(11) NOT NULL COMMENT '职位佣金提成方式id',
  `job_Commission` decimal(8,2) NOT NULL COMMENT '职位佣金提成额(根据职位佣金提成方式id确定，如为额度，则填写数字，如为比例则填写百分比换算成小数如0.30代表30%)',
  `job_Start_date` date DEFAULT NULL COMMENT '有效期开始日期',
  `job_End_date` date DEFAULT NULL COMMENT '有效期结束日期',
  `time_updated` timestamp NOT NULL DEFAULT CURRENT_TIMESTAMP ON UPDATE CURRENT_TIMESTAMP,
  `time_created` timestamp NOT NULL DEFAULT '0000-00-00 00:00:00',
  PRIMARY KEY (`job_Id`)
) ENGINE=InnoDB AUTO_INCREMENT=242 DEFAULT CHARSET=utf8;
/*!40101 SET character_set_client = @saved_cs_client */;

--
-- Dumping data for table `T_Job`
--

LOCK TABLES `T_Job` WRITE;
/*!40000 ALTER TABLE `T_Job` DISABLE KEYS */;
INSERT INTO `T_Job` VALUES (3,'美容顾问招聘太平洋站前店','化妆品品牌美容顾问招聘','为顾客提供美容方面的介绍，推荐','testEnterpriseUser',7,1,1,3,5,1,1000,NULL,1,50.00,'2010-11-01','2012-01-30','2011-08-05 09:44:50','2011-08-03 09:27:13'),(4,'美容向导招聘太平洋站前店','化妆品品牌美容向导招聘','为顾客提供美容产品的推荐，导购','testEnterpriseUser',7,1,1,3,5,1,1000,NULL,1,50.00,'2010-11-01','2012-01-30','2011-08-05 09:44:50','2011-08-03 09:27:13'),(5,'美容顾问招聘市百一店','化妆品品牌美容顾问招聘','为顾客提供美容方面的介绍，推荐','testEnterpriseUser',7,1,1,3,5,1,1000,NULL,1,50.00,'2010-11-01','2012-01-30','2011-08-05 09:44:50','2011-08-03 09:27:13'),(6,'美容向导招聘市百一店','化妆品品牌美容向导招聘','为顾客提供美容产品的推荐，导购','testEnterpriseUser',7,1,1,3,5,1,1000,NULL,1,50.00,'2010-11-01','2012-01-30','2011-08-05 09:44:50','2011-08-03 09:27:13'),(7,'美容顾问招聘第一八佰伴','化妆品品牌美容顾问招聘','为顾客提供美容方面的介绍，推荐','testEnterpriseUser',7,1,1,3,5,1,1000,NULL,1,50.00,'2010-11-01','2012-01-30','2011-08-05 09:44:50','2011-08-03 09:27:13'),(8,'美容向导招聘第一八佰伴','化妆品品牌美容向导招聘','为顾客提供美容产品的推荐，导购','testEnterpriseUser',7,1,1,3,5,1,1000,NULL,1,50.00,'2010-11-01','2012-01-30','2011-08-05 09:44:50','2011-08-03 09:27:13'),(9,'美容顾问招聘虹桥友谊','化妆品品牌美容顾问招聘','为顾客提供美容方面的介绍，推荐','testEnterpriseUser',7,1,1,3,5,1,1000,NULL,1,50.00,'2010-11-01','2012-01-30','2011-08-05 09:44:50','2011-08-03 09:27:13'),(10,'美容向导招聘虹桥友谊','化妆品品牌美容向导招聘','为顾客提供美容产品的推荐，导购','testEnterpriseUser',7,1,1,3,5,1,1000,NULL,1,50.00,'2010-11-01','2012-01-30','2011-08-05 09:44:50','2011-08-03 09:27:13'),(11,'美容顾问招聘苏州美罗城','化妆品品牌美容顾问招聘','为顾客提供美容方面的介绍，推荐','testEnterpriseUser',7,1,1,3,5,1,1000,NULL,1,50.00,'2010-11-01','2012-01-30','2011-08-05 09:44:50','2011-08-03 09:27:13'),(12,'美容向导招聘苏州美罗城','化妆品品牌美容向导招聘','为顾客提供美容产品的推荐，导购','testEnterpriseUser',7,1,1,3,5,1,1000,NULL,1,50.00,'2010-11-01','2012-01-30','2011-08-05 09:44:50','2011-08-03 09:27:13'),(13,'美容顾问招聘杭州银泰','化妆品品牌美容顾问招聘','为顾客提供美容方面的介绍，推荐','testEnterpriseUser',7,1,1,3,5,1,1000,NULL,1,50.00,'2010-11-01','2012-01-30','2011-08-05 09:44:50','2011-08-03 09:27:13'),(14,'美容向导招聘杭州银泰','化妆品品牌美容向导招聘','为顾客提供美容产品的推荐，导购','testEnterpriseUser',7,1,1,3,5,1,1000,NULL,1,50.00,'2010-11-01','2012-01-30','2011-08-05 09:44:50','2011-08-03 09:27:13'),(15,'美容顾问招聘南京大洋','化妆品品牌美容顾问招聘','为顾客提供美容方面的介绍，推荐','testEnterpriseUser',7,1,1,3,5,1,1000,NULL,1,50.00,'2010-11-01','2012-01-30','2011-08-05 09:44:50','2011-08-03 09:27:13'),(16,'美容向导招聘南京大洋','化妆品品牌美容向导招聘','为顾客提供美容产品的推荐，导购','13333333333',7,1,1,3,5,1,1000,NULL,1,50.00,'2010-11-01','2012-01-30','2011-08-11 06:35:34','2011-08-03 09:27:13'),(17,'美容顾问招聘无锡百盛','化妆品品牌美容顾问招聘','为顾客提供美容方面的介绍，推荐','testEnterpriseUser',7,1,1,3,5,1,1000,NULL,1,50.00,'2010-11-01','2012-01-30','2011-08-05 09:44:50','2011-08-03 09:27:13'),(18,'美容向导招聘无锡百盛','化妆品品牌美容向导招聘','为顾客提供美容产品的推荐，导购','testEnterpriseUser',7,1,1,3,5,1,1000,NULL,1,50.00,'2010-11-01','2012-01-30','2011-08-05 09:44:50','2011-08-03 09:27:13'),(19,'美容顾问招聘常州购物中心','化妆品品牌美容顾问招聘','为顾客提供美容方面的介绍，推荐','testEnterpriseUser',7,1,1,3,5,1,1000,NULL,1,50.00,'2010-11-01','2012-01-30','2011-08-05 09:44:50','2011-08-03 09:27:13'),(20,'美容向导招聘常州购物中心','化妆品品牌美容向导招聘','为顾客提供美容产品的推荐，导购','testEnterpriseUser',7,1,1,3,5,1,1000,NULL,1,50.00,'2010-11-01','2012-01-30','2011-08-05 09:44:50','2011-08-03 09:27:13'),(21,'美容顾问招聘温州时代广场','化妆品品牌美容顾问招聘','为顾客提供美容方面的介绍，推荐','testEnterpriseUser',7,1,1,3,5,1,1000,NULL,1,50.00,'2010-11-01','2012-01-30','2011-08-05 09:44:50','2011-08-03 09:27:13'),(22,'美容向导招聘温州时代广场','化妆品品牌美容向导招聘','为顾客提供美容产品的推荐，导购','testEnterpriseUser',7,1,1,3,5,1,1000,NULL,1,50.00,'2010-11-01','2012-01-30','2011-08-05 09:44:50','2011-08-03 09:27:13'),(23,'美容顾问招聘上海新世界','化妆品品牌美容顾问招聘','为顾客提供美容方面的介绍，推荐','testEnterpriseUser',7,1,1,3,5,1,1000,NULL,1,50.00,'2010-11-01','2012-01-30','2011-08-05 09:44:50','2011-08-03 09:27:13'),(24,'美容向导招聘上海新世界','化妆品品牌美容向导招聘','为顾客提供美容产品的推荐，导购','testEnterpriseUser',7,1,1,3,5,1,1000,NULL,1,50.00,'2010-11-01','2012-01-30','2011-08-05 09:44:50','2011-08-03 09:27:13'),(25,'美容顾问招聘徐州金鹰','化妆品品牌美容顾问招聘','为顾客提供美容方面的介绍，推荐','testEnterpriseUser',7,1,1,3,5,1,1000,NULL,1,50.00,'2010-11-01','2012-01-30','2011-08-05 09:44:50','2011-08-03 09:27:13'),(26,'美容向导招聘徐州金鹰','化妆品品牌美容向导招聘','为顾客提供美容产品的推荐，导购','testEnterpriseUser',7,1,1,3,5,1,1000,NULL,1,50.00,'2010-11-01','2012-01-30','2011-08-05 09:44:50','2011-08-03 09:27:13'),(27,'美容顾问招聘扬州金鹰','化妆品品牌美容顾问招聘','为顾客提供美容方面的介绍，推荐','testEnterpriseUser',7,1,1,3,5,1,1000,NULL,1,50.00,'2010-11-01','2012-01-30','2011-08-05 09:44:50','2011-08-03 09:27:13'),(28,'美容向导招聘扬州金鹰','化妆品品牌美容向导招聘','为顾客提供美容产品的推荐，导购','testEnterpriseUser',7,1,1,3,5,1,1000,NULL,1,50.00,'2010-11-01','2012-01-30','2011-08-05 09:44:50','2011-08-03 09:27:13'),(29,'美容顾问招聘杭州解百','化妆品品牌美容顾问招聘','为顾客提供美容方面的介绍，推荐','testEnterpriseUser',7,1,1,3,5,1,1000,NULL,1,50.00,'2010-11-01','2012-01-30','2011-08-05 09:44:50','2011-08-03 09:27:13'),(30,'美容向导招聘杭州解百','化妆品品牌美容向导招聘','为顾客提供美容产品的推荐，导购','testEnterpriseUser',7,1,1,3,5,1,1000,NULL,1,50.00,'2010-11-01','2012-01-30','2011-08-05 09:44:50','2011-08-03 09:27:13'),(31,'美容顾问招聘深圳茂业','化妆品品牌美容顾问招聘','为顾客提供美容方面的介绍，推荐','testEnterpriseUser',7,1,1,3,5,1,1000,NULL,1,50.00,'2010-11-01','2012-01-30','2011-08-05 09:44:50','2011-08-03 09:27:13'),(32,'美容向导招聘深圳茂业','化妆品品牌美容向导招聘','为顾客提供美容产品的推荐，导购','testEnterpriseUser',7,1,1,3,5,1,1000,NULL,1,50.00,'2010-11-01','2012-01-30','2011-08-05 09:44:50','2011-08-03 09:27:13'),(33,'美容顾问招聘成都太平洋1','化妆品品牌美容顾问招聘','为顾客提供美容方面的介绍，推荐','testEnterpriseUser',7,1,1,3,5,1,1000,NULL,1,50.00,'2010-11-01','2012-01-30','2011-08-05 09:44:50','2011-08-03 09:27:13'),(34,'美容向导招聘成都太平洋1','化妆品品牌美容向导招聘','为顾客提供美容产品的推荐，导购','testEnterpriseUser',7,1,1,3,5,1,1000,NULL,1,50.00,'2010-11-01','2012-01-30','2011-08-05 09:44:50','2011-08-03 09:27:13'),(35,'美容顾问招聘成都王府井','化妆品品牌美容顾问招聘','为顾客提供美容方面的介绍，推荐','testEnterpriseUser',7,1,1,3,5,1,1000,NULL,1,50.00,'2010-11-01','2012-01-30','2011-08-05 09:44:50','2011-08-03 09:27:13'),(36,'美容向导招聘成都王府井','化妆品品牌美容向导招聘','为顾客提供美容产品的推荐，导购','testEnterpriseUser',7,1,1,3,5,1,1000,NULL,1,50.00,'2010-11-01','2012-01-30','2011-08-05 09:44:50','2011-08-03 09:27:13'),(37,'美容顾问招聘成都百盛','化妆品品牌美容顾问招聘','为顾客提供美容方面的介绍，推荐','testEnterpriseUser',7,1,1,3,5,1,1000,NULL,1,50.00,'2010-11-01','2012-01-30','2011-08-05 09:44:50','2011-08-03 09:27:13'),(38,'美容向导招聘成都百盛','化妆品品牌美容向导招聘','为顾客提供美容产品的推荐，导购','testEnterpriseUser',7,1,1,3,5,1,1000,NULL,1,50.00,'2010-11-01','2012-01-30','2011-08-05 09:44:50','2011-08-03 09:27:13'),(39,'美容顾问招聘重庆太平洋','化妆品品牌美容顾问招聘','为顾客提供美容方面的介绍，推荐','testEnterpriseUser',7,1,1,3,5,1,1000,NULL,1,50.00,'2010-11-01','2012-01-30','2011-08-05 09:44:50','2011-08-03 09:27:13'),(40,'美容向导招聘重庆太平洋','化妆品品牌美容向导招聘','为顾客提供美容产品的推荐，导购','testEnterpriseUser',7,1,1,3,5,1,1000,NULL,1,50.00,'2010-11-01','2012-01-30','2011-08-05 09:44:50','2011-08-03 09:27:13'),(41,'美容顾问招聘武汉广场','化妆品品牌美容顾问招聘','为顾客提供美容方面的介绍，推荐','testEnterpriseUser',7,1,1,3,5,1,1000,NULL,1,50.00,'2010-11-01','2012-01-30','2011-08-05 09:44:50','2011-08-03 09:27:13'),(42,'美容向导招聘武汉广场','化妆品品牌美容向导招聘','为顾客提供美容产品的推荐，导购','testEnterpriseUser',7,1,1,3,5,1,1000,NULL,1,50.00,'2010-11-01','2012-01-30','2011-08-05 09:44:50','2011-08-03 09:27:13'),(43,'美容顾问招聘武汉群光','化妆品品牌美容顾问招聘','为顾客提供美容方面的介绍，推荐','testEnterpriseUser',7,1,1,3,5,1,1000,NULL,1,50.00,'2010-11-01','2012-01-30','2011-08-05 09:44:50','2011-08-03 09:27:13'),(44,'美容向导招聘武汉群光','化妆品品牌美容向导招聘','为顾客提供美容产品的推荐，导购','testEnterpriseUser',7,1,1,3,5,1,1000,NULL,1,50.00,'2010-11-01','2012-01-30','2011-08-05 09:44:50','2011-08-03 09:27:13'),(45,'美容顾问招聘西安金鹰','化妆品品牌美容顾问招聘','为顾客提供美容方面的介绍，推荐','testEnterpriseUser',7,1,1,3,5,1,1000,NULL,1,50.00,'2010-11-01','2012-01-30','2011-08-05 09:44:50','2011-08-03 09:27:13'),(46,'美容向导招聘西安金鹰','化妆品品牌美容向导招聘','为顾客提供美容产品的推荐，导购','testEnterpriseUser',7,1,1,3,5,1,1000,NULL,1,50.00,'2010-11-01','2012-01-30','2011-08-05 09:44:50','2011-08-03 09:27:13'),(47,'美容顾问招聘昆明汇都','化妆品品牌美容顾问招聘','为顾客提供美容方面的介绍，推荐','testEnterpriseUser',7,1,1,3,5,1,1000,NULL,1,50.00,'2010-11-01','2012-01-30','2011-08-05 09:44:50','2011-08-03 09:27:13'),(48,'美容向导招聘昆明汇都','化妆品品牌美容向导招聘','为顾客提供美容产品的推荐，导购','testEnterpriseUser',7,1,1,3,5,1,1000,NULL,1,50.00,'2010-11-01','2012-01-30','2011-08-05 09:44:50','2011-08-03 09:27:13'),(49,'美容顾问招聘长沙平和堂','化妆品品牌美容顾问招聘','为顾客提供美容方面的介绍，推荐','testEnterpriseUser',7,1,1,3,5,1,1000,NULL,1,50.00,'2010-11-01','2012-01-30','2011-08-05 09:44:50','2011-08-03 09:27:13'),(50,'美容向导招聘长沙平和堂','化妆品品牌美容向导招聘','为顾客提供美容产品的推荐，导购','testEnterpriseUser',7,1,1,3,5,1,1000,NULL,1,50.00,'2010-11-01','2012-01-30','2011-08-05 09:44:50','2011-08-03 09:27:13'),(51,'美容顾问招聘广州友谊正佳','化妆品品牌美容顾问招聘','为顾客提供美容方面的介绍，推荐','testEnterpriseUser',7,1,1,3,5,1,1000,NULL,1,50.00,'2010-11-01','2012-01-30','2011-08-05 09:44:50','2011-08-03 09:27:13'),(52,'美容向导招聘广州友谊正佳','化妆品品牌美容向导招聘','为顾客提供美容产品的推荐，导购','testEnterpriseUser',7,1,1,3,5,1,1000,NULL,1,50.00,'2010-11-01','2012-01-30','2011-08-05 09:44:50','2011-08-03 09:27:13'),(53,'美容顾问招聘广州中怡','化妆品品牌美容顾问招聘','为顾客提供美容方面的介绍，推荐','testEnterpriseUser',7,1,1,3,5,1,1000,NULL,1,50.00,'2010-11-01','2012-01-30','2011-08-05 09:44:50','2011-08-03 09:27:13'),(54,'美容向导招聘广州中怡','化妆品品牌美容向导招聘','为顾客提供美容产品的推荐，导购','testEnterpriseUser',7,1,1,3,5,1,1000,NULL,1,50.00,'2010-11-01','2012-01-30','2011-08-05 09:44:50','2011-08-03 09:27:13'),(55,'美容顾问招聘福州大洋','化妆品品牌美容顾问招聘','为顾客提供美容方面的介绍，推荐','testEnterpriseUser',7,1,1,3,5,1,1000,NULL,1,50.00,'2010-11-01','2012-01-30','2011-08-05 09:44:50','2011-08-03 09:27:13'),(56,'美容向导招聘福州大洋','化妆品品牌美容向导招聘','为顾客提供美容产品的推荐，导购','testEnterpriseUser',7,1,1,3,5,1,1000,NULL,1,50.00,'2010-11-01','2012-01-30','2011-08-05 09:44:50','2011-08-03 09:27:13'),(57,'美容顾问招聘贵阳星力','化妆品品牌美容顾问招聘','为顾客提供美容方面的介绍，推荐','testEnterpriseUser',7,1,1,3,5,1,1000,NULL,1,50.00,'2010-11-01','2012-01-30','2011-08-05 09:44:50','2011-08-03 09:27:13'),(58,'美容向导招聘贵阳星力','化妆品品牌美容向导招聘','为顾客提供美容产品的推荐，导购','testEnterpriseUser',7,1,1,3,5,1,1000,NULL,1,50.00,'2010-11-01','2012-01-30','2011-08-05 09:44:50','2011-08-03 09:27:13'),(59,'美容顾问招聘新疆金花','化妆品品牌美容顾问招聘','为顾客提供美容方面的介绍，推荐','testEnterpriseUser',7,1,1,3,5,1,1000,NULL,1,50.00,'2010-11-01','2012-01-30','2011-08-05 09:44:50','2011-08-03 09:27:13'),(60,'美容向导招聘新疆金花','化妆品品牌美容向导招聘','为顾客提供美容产品的推荐，导购','testEnterpriseUser',7,1,1,3,5,1,1000,NULL,1,50.00,'2010-11-01','2012-01-30','2011-08-05 09:44:50','2011-08-03 09:27:13'),(61,'美容顾问招聘天山百货','化妆品品牌美容顾问招聘','为顾客提供美容方面的介绍，推荐','testEnterpriseUser',7,1,1,3,5,1,1000,NULL,1,50.00,'2010-11-01','2012-01-30','2011-08-05 09:44:50','2011-08-03 09:27:13'),(62,'美容向导招聘天山百货','化妆品品牌美容向导招聘','为顾客提供美容产品的推荐，导购','testEnterpriseUser',7,1,1,3,5,1,1000,NULL,1,50.00,'2010-11-01','2012-01-30','2011-08-05 09:44:50','2011-08-03 09:27:13'),(63,'美容顾问招聘北京百盛','化妆品品牌美容顾问招聘','为顾客提供美容方面的介绍，推荐','testEnterpriseUser',7,1,1,3,5,1,1000,NULL,1,50.00,'2010-11-01','2012-01-30','2011-08-05 09:44:50','2011-08-03 09:27:13'),(64,'美容向导招聘北京百盛','化妆品品牌美容向导招聘','为顾客提供美容产品的推荐，导购','testEnterpriseUser',7,1,1,3,5,1,1000,NULL,1,50.00,'2010-11-01','2012-01-30','2011-08-05 09:44:50','2011-08-03 09:27:13'),(65,'美容顾问招聘北京燕莎','化妆品品牌美容顾问招聘','为顾客提供美容方面的介绍，推荐','testEnterpriseUser',7,1,1,3,5,1,1000,NULL,1,50.00,'2010-11-01','2012-01-30','2011-08-05 09:44:50','2011-08-03 09:27:13'),(66,'美容向导招聘北京燕莎','化妆品品牌美容向导招聘','为顾客提供美容产品的推荐，导购','testEnterpriseUser',7,1,1,3,5,1,1000,NULL,1,50.00,'2010-11-01','2012-01-30','2011-08-05 09:44:50','2011-08-03 09:27:13'),(67,'美容顾问招聘北京双安','化妆品品牌美容顾问招聘','为顾客提供美容方面的介绍，推荐','testEnterpriseUser',7,1,1,3,5,1,1000,NULL,1,50.00,'2010-11-01','2012-01-30','2011-08-05 09:44:50','2011-08-03 09:27:13'),(68,'美容向导招聘北京双安','化妆品品牌美容向导招聘','为顾客提供美容产品的推荐，导购','testEnterpriseUser',7,1,1,3,5,1,1000,NULL,1,50.00,'2010-11-01','2012-01-30','2011-08-05 09:44:50','2011-08-03 09:27:13'),(69,'美容顾问招聘北京中友','化妆品品牌美容顾问招聘','为顾客提供美容方面的介绍，推荐','testEnterpriseUser',7,1,1,3,5,1,1000,NULL,1,50.00,'2010-11-01','2012-01-30','2011-08-05 09:44:50','2011-08-03 09:27:13'),(70,'美容向导招聘北京中友','化妆品品牌美容向导招聘','为顾客提供美容产品的推荐，导购','testEnterpriseUser',7,1,1,3,5,1,1000,NULL,1,50.00,'2010-11-01','2012-01-30','2011-08-05 09:44:50','2011-08-03 09:27:13'),(71,'美容顾问招聘北京新光三月','化妆品品牌美容顾问招聘','为顾客提供美容方面的介绍，推荐','testEnterpriseUser',7,1,1,3,5,1,1000,NULL,1,50.00,'2010-11-01','2012-01-30','2011-08-05 09:44:50','2011-08-03 09:27:13'),(72,'美容向导招聘北京新光三月','化妆品品牌美容向导招聘','为顾客提供美容产品的推荐，导购','testEnterpriseUser',7,1,1,3,5,1,1000,NULL,1,50.00,'2010-11-01','2012-01-30','2011-08-05 09:44:50','2011-08-03 09:27:13'),(73,'美容顾问招聘北京连卡佛','化妆品品牌美容顾问招聘','为顾客提供美容方面的介绍，推荐','testEnterpriseUser',7,1,1,3,5,1,1000,NULL,1,50.00,'2010-11-01','2012-01-30','2011-08-05 09:44:50','2011-08-03 09:27:13'),(74,'美容向导招聘北京连卡佛','化妆品品牌美容向导招聘','为顾客提供美容产品的推荐，导购','testEnterpriseUser',7,1,1,3,5,1,1000,NULL,1,50.00,'2010-11-01','2012-01-30','2011-08-05 09:44:50','2011-08-03 09:27:13'),(75,'美容顾问招聘天津友谊','化妆品品牌美容顾问招聘','为顾客提供美容方面的介绍，推荐','testEnterpriseUser',7,1,1,3,5,1,1000,NULL,1,50.00,'2010-11-01','2012-01-30','2011-08-05 09:44:50','2011-08-03 09:27:13'),(76,'美容向导招聘天津友谊','化妆品品牌美容向导招聘','为顾客提供美容产品的推荐，导购','testEnterpriseUser',7,1,1,3,5,1,1000,NULL,1,50.00,'2010-11-01','2012-01-30','2011-08-05 09:44:50','2011-08-03 09:27:13'),(77,'美容顾问招聘大连太平洋','化妆品品牌美容顾问招聘','为顾客提供美容方面的介绍，推荐','testEnterpriseUser',7,1,1,3,5,1,1000,NULL,1,50.00,'2010-11-01','2012-01-30','2011-08-05 09:44:50','2011-08-03 09:27:13'),(78,'美容向导招聘大连太平洋','化妆品品牌美容向导招聘','为顾客提供美容产品的推荐，导购','testEnterpriseUser',7,1,1,3,5,1,1000,NULL,1,50.00,'2010-11-01','2012-01-30','2011-08-05 09:44:50','2011-08-03 09:27:13'),(79,'美容顾问招聘沈阳中兴','化妆品品牌美容顾问招聘','为顾客提供美容方面的介绍，推荐','testEnterpriseUser',7,1,1,3,5,1,1000,NULL,1,50.00,'2010-11-01','2012-01-30','2011-08-05 09:44:50','2011-08-03 09:27:13'),(80,'美容向导招聘沈阳中兴','化妆品品牌美容向导招聘','为顾客提供美容产品的推荐，导购','testEnterpriseUser',7,1,1,3,5,1,1000,NULL,1,50.00,'2010-11-01','2012-01-30','2011-08-05 09:44:50','2011-08-03 09:27:13'),(81,'美容顾问招聘沈阳伊势丹','化妆品品牌美容顾问招聘','为顾客提供美容方面的介绍，推荐','testEnterpriseUser',7,1,1,3,5,1,1000,NULL,1,50.00,'2010-11-01','2012-01-30','2011-08-05 09:44:50','2011-08-03 09:27:13'),(82,'美容向导招聘沈阳伊势丹','化妆品品牌美容向导招聘','为顾客提供美容产品的推荐，导购','testEnterpriseUser',7,1,1,3,5,1,1000,NULL,1,50.00,'2010-11-01','2012-01-30','2011-08-05 09:44:50','2011-08-03 09:27:13'),(83,'美容顾问招聘哈尔滨远大','化妆品品牌美容顾问招聘','为顾客提供美容方面的介绍，推荐','testEnterpriseUser',7,1,1,3,5,1,1000,NULL,1,50.00,'2010-11-01','2012-01-30','2011-08-05 09:44:50','2011-08-03 09:27:13'),(84,'美容向导招聘哈尔滨远大','化妆品品牌美容向导招聘','为顾客提供美容产品的推荐，导购','testEnterpriseUser',7,1,1,3,5,1,1000,NULL,1,50.00,'2010-11-01','2012-01-30','2011-08-05 09:44:50','2011-08-03 09:27:13'),(85,'美容顾问招聘济南贵和','化妆品品牌美容顾问招聘','为顾客提供美容方面的介绍，推荐','testEnterpriseUser',7,1,1,3,5,1,1000,NULL,1,50.00,'2010-11-01','2012-01-30','2011-08-05 09:44:50','2011-08-03 09:27:13'),(86,'美容向导招聘济南贵和','化妆品品牌美容向导招聘','为顾客提供美容产品的推荐，导购','testEnterpriseUser',7,1,1,3,5,1,1000,NULL,1,50.00,'2010-11-01','2012-01-30','2011-08-05 09:44:50','2011-08-03 09:27:13'),(87,'美容顾问招聘青岛百盛','化妆品品牌美容顾问招聘','为顾客提供美容方面的介绍，推荐','testEnterpriseUser',7,1,1,3,5,1,1000,NULL,1,50.00,'2010-11-01','2012-01-30','2011-08-05 09:44:50','2011-08-03 09:27:13'),(88,'美容向导招聘青岛百盛','化妆品品牌美容向导招聘','为顾客提供美容产品的推荐，导购','testEnterpriseUser',7,1,1,3,5,1,1000,NULL,1,50.00,'2010-11-01','2012-01-30','2011-08-05 09:44:50','2011-08-03 09:27:13'),(89,'美容顾问招聘石家庄北国','化妆品品牌美容顾问招聘','为顾客提供美容方面的介绍，推荐','testEnterpriseUser',7,1,1,3,5,1,1000,NULL,1,50.00,'2010-11-01','2012-01-30','2011-08-05 09:44:50','2011-08-03 09:27:13'),(90,'美容向导招聘石家庄北国','化妆品品牌美容向导招聘','为顾客提供美容产品的推荐，导购','testEnterpriseUser',7,1,1,3,5,1,1000,NULL,1,50.00,'2010-11-01','2012-01-30','2011-08-05 09:44:50','2011-08-03 09:27:13'),(91,'美容顾问招聘北京君太','化妆品品牌美容顾问招聘','为顾客提供美容方面的介绍，推荐','testEnterpriseUser',7,1,1,3,5,1,1000,NULL,1,50.00,'2010-11-01','2012-01-30','2011-08-05 09:44:50','2011-08-03 09:27:13'),(92,'美容向导招聘北京君太','化妆品品牌美容向导招聘','为顾客提供美容产品的推荐，导购','testEnterpriseUser',7,1,1,3,5,1,1000,NULL,1,50.00,'2010-11-01','2012-01-30','2011-08-05 09:44:50','2011-08-03 09:27:13'),(93,'美容顾问招聘烟台振华','化妆品品牌美容顾问招聘','为顾客提供美容方面的介绍，推荐','testEnterpriseUser',7,1,1,3,5,1,1000,NULL,1,50.00,'2010-11-01','2012-01-30','2011-08-05 09:44:50','2011-08-03 09:27:13'),(94,'美容向导招聘烟台振华','化妆品品牌美容向导招聘','为顾客提供美容产品的推荐，导购','testEnterpriseUser',7,1,1,3,5,1,1000,NULL,1,50.00,'2010-11-01','2012-01-30','2011-08-05 09:44:50','2011-08-03 09:27:13'),(95,'美容顾问招聘鞍山百盛','化妆品品牌美容顾问招聘','为顾客提供美容方面的介绍，推荐','testEnterpriseUser',7,1,1,3,5,1,1000,NULL,1,50.00,'2010-11-01','2012-01-30','2011-08-05 09:44:50','2011-08-03 09:27:13'),(96,'美容向导招聘鞍山百盛','化妆品品牌美容向导招聘','为顾客提供美容产品的推荐，导购','testEnterpriseUser',7,1,1,3,5,1,1000,NULL,1,50.00,'2010-11-01','2012-01-30','2011-08-05 09:44:50','2011-08-03 09:27:13'),(97,'美容顾问招聘沈阳新玛特','化妆品品牌美容顾问招聘','为顾客提供美容方面的介绍，推荐','testEnterpriseUser',7,1,1,3,5,1,1000,NULL,1,50.00,'2010-11-01','2012-01-30','2011-08-05 09:44:50','2011-08-03 09:27:13'),(98,'美容向导招聘沈阳新玛特','化妆品品牌美容向导招聘','为顾客提供美容产品的推荐，导购','testEnterpriseUser',7,1,1,3,5,1,1000,NULL,1,50.00,'2010-11-01','2012-01-30','2011-08-05 09:44:50','2011-08-03 09:27:13'),(99,'美容顾问招聘太平洋淮海店','化妆品品牌美容顾问招聘','为顾客提供美容方面的介绍，推荐','testEnterpriseUser',7,1,1,3,5,1,1000,NULL,1,50.00,'2010-11-01','2012-01-30','2011-08-05 09:44:50','2011-08-03 09:27:13'),(100,'美容向导招聘太平洋淮海店','化妆品品牌美容向导招聘','为顾客提供美容产品的推荐，导购','testEnterpriseUser',7,1,1,3,5,1,1000,NULL,1,50.00,'2010-11-01','2012-01-30','2011-08-05 09:44:50','2011-08-03 09:27:13'),(101,'美容顾问招聘梅龙镇伊势丹','化妆品品牌美容顾问招聘','为顾客提供美容方面的介绍，推荐','testEnterpriseUser',7,1,1,3,5,1,1000,NULL,1,50.00,'2010-11-01','2012-01-30','2011-08-05 09:44:50','2011-08-03 09:27:13'),(102,'美容向导招聘梅龙镇伊势丹','化妆品品牌美容向导招聘','为顾客提供美容产品的推荐，导购','testEnterpriseUser',7,1,1,3,5,1,1000,NULL,1,50.00,'2010-11-01','2012-01-30','2011-08-05 09:44:50','2011-08-03 09:27:13'),(103,'美容顾问招聘上海百盛','化妆品品牌美容顾问招聘','为顾客提供美容方面的介绍，推荐','testEnterpriseUser',7,1,1,3,5,1,1000,NULL,1,50.00,'2010-11-01','2012-01-30','2011-08-05 09:44:50','2011-08-03 09:27:13'),(104,'美容向导招聘上海百盛','化妆品品牌美容向导招聘','为顾客提供美容产品的推荐，导购','testEnterpriseUser',7,1,1,3,5,1,1000,NULL,1,50.00,'2010-11-01','2012-01-30','2011-08-05 09:44:50','2011-08-03 09:27:13'),(105,'美容顾问招聘九百城市','化妆品品牌美容顾问招聘','为顾客提供美容方面的介绍，推荐','testEnterpriseUser',7,1,1,3,5,1,1000,NULL,1,50.00,'2010-11-01','2012-01-30','2011-08-05 09:44:50','2011-08-03 09:27:13'),(106,'美容向导招聘九百城市','化妆品品牌美容向导招聘','为顾客提供美容产品的推荐，导购','testEnterpriseUser',7,1,1,3,5,1,1000,NULL,1,50.00,'2010-11-01','2012-01-30','2011-08-05 09:44:50','2011-08-03 09:27:13'),(107,'美容顾问招聘上海东方商厦','化妆品品牌美容顾问招聘','为顾客提供美容方面的介绍，推荐','testEnterpriseUser',7,1,1,3,5,1,1000,NULL,1,50.00,'2010-11-01','2012-01-30','2011-08-05 09:44:50','2011-08-03 09:27:13'),(108,'美容向导招聘上海东方商厦','化妆品品牌美容向导招聘','为顾客提供美容产品的推荐，导购','testEnterpriseUser',7,1,1,3,5,1,1000,NULL,1,50.00,'2010-11-01','2012-01-30','2011-08-05 09:44:50','2011-08-03 09:27:13'),(109,'美容顾问招聘杭州大厦','化妆品品牌美容顾问招聘','为顾客提供美容方面的介绍，推荐','testEnterpriseUser',7,1,1,3,5,1,1000,NULL,1,50.00,'2010-11-01','2012-01-30','2011-08-05 09:44:50','2011-08-03 09:27:13'),(110,'美容向导招聘杭州大厦','化妆品品牌美容向导招聘','为顾客提供美容产品的推荐，导购','testEnterpriseUser',7,1,1,3,5,1,1000,NULL,1,50.00,'2010-11-01','2012-01-30','2011-08-05 09:44:50','2011-08-03 09:27:13'),(111,'美容顾问招聘南京金鹰','化妆品品牌美容顾问招聘','为顾客提供美容方面的介绍，推荐','testEnterpriseUser',7,1,1,3,5,1,1000,NULL,1,50.00,'2010-11-01','2012-01-30','2011-08-05 09:44:50','2011-08-03 09:27:13'),(112,'美容向导招聘南京金鹰','化妆品品牌美容向导招聘','为顾客提供美容产品的推荐，导购','testEnterpriseUser',7,1,1,3,5,1,1000,NULL,1,50.00,'2010-11-01','2012-01-30','2011-08-05 09:44:50','2011-08-03 09:27:13'),(113,'美容顾问招聘宁波银泰','化妆品品牌美容顾问招聘','为顾客提供美容方面的介绍，推荐','testEnterpriseUser',7,1,1,3,5,1,1000,NULL,1,50.00,'2010-11-01','2012-01-30','2011-08-05 09:44:50','2011-08-03 09:27:13'),(114,'美容向导招聘宁波银泰','化妆品品牌美容向导招聘','为顾客提供美容产品的推荐，导购','testEnterpriseUser',7,1,1,3,5,1,1000,NULL,1,50.00,'2010-11-01','2012-01-30','2011-08-05 09:44:50','2011-08-03 09:27:13'),(115,'美容顾问招聘常州泰富','化妆品品牌美容顾问招聘','为顾客提供美容方面的介绍，推荐','testEnterpriseUser',7,1,1,3,5,1,1000,NULL,1,50.00,'2010-11-01','2012-01-30','2011-08-05 09:44:50','2011-08-03 09:27:13'),(116,'美容向导招聘常州泰富','化妆品品牌美容向导招聘','为顾客提供美容产品的推荐，导购','testEnterpriseUser',7,1,1,3,5,1,1000,NULL,1,50.00,'2010-11-01','2012-01-30','2011-08-05 09:44:50','2011-08-03 09:27:13'),(117,'美容顾问招聘温州开太','化妆品品牌美容顾问招聘','为顾客提供美容方面的介绍，推荐','testEnterpriseUser',7,1,1,3,5,1,1000,NULL,1,50.00,'2010-11-01','2012-01-30','2011-08-05 09:44:50','2011-08-03 09:27:13'),(118,'美容向导招聘温州开太','化妆品品牌美容向导招聘','为顾客提供美容产品的推荐，导购','testEnterpriseUser',7,1,1,3,5,1,1000,NULL,1,50.00,'2010-11-01','2012-01-30','2011-08-05 09:44:50','2011-08-03 09:27:13'),(119,'美容顾问招聘合肥金鹰','化妆品品牌美容顾问招聘','为顾客提供美容方面的介绍，推荐','testEnterpriseUser',7,1,1,NULL,NULL,4,1000,NULL,1,50.00,'2010-11-01','0000-00-00','2011-08-10 05:46:11','2011-08-03 09:27:13'),(120,'美容向导招聘合肥金鹰','化妆品品牌美容向导招聘','为顾客提供美容产品的推荐，导购.','testEnterpriseUser',7,1,1,NULL,5,3,1000,NULL,1,50.00,NULL,'2012-01-30','2011-08-10 05:42:42','2011-08-03 09:27:13'),(179,'11',NULL,'','testEnterpriseUser',10,1,0,0,NULL,1,0,NULL,1,12.00,'0000-00-00','0000-00-00','2011-09-03 16:18:53','2011-09-03 16:18:53'),(180,'12',NULL,NULL,'testEnterpriseUser',1,1,NULL,NULL,NULL,1,NULL,NULL,1,12.00,NULL,NULL,'2011-09-03 16:32:53','2011-09-03 16:32:53'),(181,'12',NULL,NULL,'testEnterpriseUser',7,1,NULL,NULL,NULL,1,NULL,NULL,2,0.15,NULL,NULL,'2011-09-03 16:33:10','2011-09-03 16:33:10'),(182,'12',NULL,NULL,'testEnterpriseUser',7,1,NULL,NULL,NULL,1,NULL,NULL,2,0.15,NULL,NULL,'2011-09-03 16:33:12','2011-09-03 16:33:12'),(183,'123',NULL,NULL,'testEnterpriseUser',1,1,12,12,NULL,1,NULL,NULL,1,12.00,NULL,NULL,'2011-09-04 05:36:52','2011-09-04 05:36:52'),(184,'tt123',NULL,NULL,'testEnterpriseUser',8,1,12,NULL,NULL,1,NULL,NULL,2,1.00,NULL,NULL,'2011-09-04 05:39:58','2011-09-04 05:39:58'),(185,'12',NULL,NULL,'testEnterpriseUser',1,1,NULL,NULL,NULL,1,NULL,NULL,1,12.00,NULL,NULL,'2011-09-04 05:43:53','2011-09-04 05:43:53'),(186,'tt123',NULL,'1','testEnterpriseUser',1,1,1,1,NULL,1,1,NULL,1,1.00,'2011-01-01','2012-10-10','2011-09-04 05:54:21','2011-09-04 05:54:21'),(187,'testtest',NULL,NULL,'testEnterpriseUser',1,1,NULL,NULL,NULL,1,NULL,NULL,1,12.00,NULL,NULL,'2011-09-04 05:59:28','2011-09-04 05:59:28'),(188,'testtest2',NULL,'1','testEnterpriseUser',8,1,1,1,NULL,1,1,NULL,2,0.12,'2011-01-01','2012-01-01','2011-09-04 06:00:28','2011-09-04 06:00:28'),(189,'12',NULL,'12','testEnterpriseUser',1,1,NULL,NULL,NULL,1,NULL,NULL,1,12.00,NULL,NULL,'2011-09-04 06:01:20','2011-09-04 06:01:20'),(190,'testtest3','1','1','testEnterpriseUser',7,1,1,NULL,NULL,1,1,NULL,2,0.12,'2011-01-01','2012-01-01','2011-09-04 06:04:53','2011-09-04 06:04:53'),(191,'1','1','1','1',1,1,1,1,1,1,1,1,1,1.00,'2001-01-01','2011-01-01','2011-09-04 06:50:15','2011-09-04 06:05:53'),(192,'23',NULL,NULL,'testEnterpriseUser',1,1,NULL,NULL,NULL,1,NULL,NULL,1,1.00,NULL,NULL,'2011-09-04 06:19:46','2011-09-04 06:19:46'),(193,'tt123','1','1','testEnterpriseUser',2,1,1,1,NULL,1,1,NULL,2,0.12,'2001-01-01','2001-01-02','2011-09-04 08:38:05','2011-09-04 08:38:05'),(194,'tt123','1','2				','testEnterpriseUser',2,1,1,1,NULL,1,1,NULL,2,0.13,NULL,NULL,'2011-09-04 08:38:39','2011-09-04 08:38:39'),(195,'tt123','2','2		','testEnterpriseUser',2,1,2,2,NULL,1,2,NULL,2,0.13,NULL,NULL,'2011-09-04 08:39:20','2011-09-04 08:39:20'),(196,'tt123','1','				1				','testEnterpriseUser',2,1,1,1,NULL,1,1,NULL,2,0.12,NULL,NULL,'2011-09-04 08:49:42','2011-09-04 08:49:42'),(197,'ttt','2','3		','testEnterpriseUser',2,1,2,2,NULL,1,2,NULL,2,0.14,NULL,NULL,'2011-09-04 09:04:17','2011-09-04 09:00:52'),(198,'tttt3','3','3		','testEnterpriseUser',3,1,3,3,NULL,1,3,NULL,1,13.00,NULL,NULL,'2011-09-04 09:07:58','2011-09-04 09:05:35'),(199,'tttt55','5','				5				','testEnterpriseUser',4,1,5,5,NULL,1,5,NULL,1,14.00,NULL,NULL,'2011-09-04 09:14:28','2011-09-04 09:10:08'),(200,'p1','2','				2				','testEnterpriseUser',2,1,2,2,NULL,1,2,NULL,2,2.00,NULL,NULL,'2011-09-04 09:18:28','2011-09-04 09:16:29'),(201,'p123','2','		2		','testEnterpriseUser',2,1,2,2,NULL,1,2,NULL,2,2.00,NULL,NULL,'2011-09-04 10:00:09','2011-09-04 09:55:12'),(202,'123456','4','4','testEnterpriseUser',4,1,4,4,NULL,1,4,NULL,1,14.00,'2004-01-01','2004-01-01','2011-09-04 10:06:33','2011-09-04 10:05:59'),(203,'ceshi12345','1','123','testEnterpriseUser',4,1,1,1,NULL,1,1,NULL,2,0.13,NULL,NULL,'2011-09-04 10:13:15','2011-09-04 10:13:15'),(204,'123',NULL,NULL,'testEnterpriseUser',1,1,NULL,NULL,NULL,1,NULL,NULL,1,12.00,NULL,NULL,'2011-09-04 10:14:14','2011-09-04 10:14:14'),(205,'123',NULL,NULL,'testEnterpriseUser',1,1,NULL,NULL,NULL,1,NULL,NULL,1,12.00,'2011-01-01','2012-02-03','2011-09-04 10:15:00','2011-09-04 10:15:00'),(206,'1234',NULL,NULL,'testEnterpriseUser',1,1,NULL,NULL,NULL,1,NULL,NULL,1,12.00,'2011-01-01','2012-02-03','2011-09-04 10:22:24','2011-09-04 10:19:01'),(207,'1234567',NULL,NULL,'testEnterpriseUser',1,1,NULL,NULL,NULL,1,NULL,NULL,1,123.00,NULL,NULL,'2011-09-04 10:23:04','2011-09-04 10:22:49'),(208,'abcd',NULL,NULL,'testEnterpriseUser',1,1,NULL,NULL,NULL,1,NULL,NULL,1,132.00,NULL,NULL,'2011-09-04 12:21:08','2011-09-04 10:56:20'),(241,'ppsong','1','1','testEnterpriseUser',2,1,1,1,NULL,1,1,NULL,1,1.00,'2001-01-01','2003-01-01','2011-09-11 10:16:34','2011-09-11 10:13:59');
/*!40000 ALTER TABLE `T_Job` ENABLE KEYS */;
UNLOCK TABLES;

--
-- Table structure for table `T_Job_Degree`
--

DROP TABLE IF EXISTS `T_Job_Degree`;
/*!40101 SET @saved_cs_client     = @@character_set_client */;
/*!40101 SET character_set_client = utf8 */;
CREATE TABLE `T_Job_Degree` (
  `job_degree_Job_id` int(11) NOT NULL COMMENT '职位id',
  `job_degree_Degree_id` int(11) NOT NULL COMMENT '学历id',
  `time_updated` timestamp NOT NULL DEFAULT CURRENT_TIMESTAMP ON UPDATE CURRENT_TIMESTAMP,
  `time_created` timestamp NOT NULL DEFAULT '0000-00-00 00:00:00',
  PRIMARY KEY (`job_degree_Job_id`,`job_degree_Degree_id`)
) ENGINE=InnoDB DEFAULT CHARSET=utf8;
/*!40101 SET character_set_client = @saved_cs_client */;

--
-- Dumping data for table `T_Job_Degree`
--

LOCK TABLES `T_Job_Degree` WRITE;
/*!40000 ALTER TABLE `T_Job_Degree` DISABLE KEYS */;
INSERT INTO `T_Job_Degree` VALUES (1,3,'2011-09-05 06:30:40','2011-08-04 01:07:23'),(2,4,'2011-09-05 00:33:40','2011-09-05 00:33:40'),(3,4,'2011-08-04 01:07:23','2011-08-04 01:07:23'),(4,4,'2011-08-04 01:07:23','2011-08-04 01:07:23'),(5,4,'2011-08-04 01:07:23','2011-08-04 01:07:23'),(6,4,'2011-08-04 01:07:23','2011-08-04 01:07:23'),(7,4,'2011-08-04 01:07:23','2011-08-04 01:07:23'),(8,4,'2011-08-04 01:07:23','2011-08-04 01:07:23'),(9,4,'2011-08-04 01:07:23','2011-08-04 01:07:23'),(10,4,'2011-08-04 01:07:23','2011-08-04 01:07:23'),(11,4,'2011-08-04 01:07:23','2011-08-04 01:07:23'),(12,4,'2011-08-04 01:07:23','2011-08-04 01:07:23'),(13,4,'2011-08-04 01:07:23','2011-08-04 01:07:23'),(14,4,'2011-08-04 01:07:23','2011-08-04 01:07:23'),(15,4,'2011-08-04 01:07:23','2011-08-04 01:07:23'),(16,4,'2011-08-04 01:07:23','2011-08-04 01:07:23'),(17,4,'2011-08-04 01:07:23','2011-08-04 01:07:23'),(18,4,'2011-08-04 01:07:23','2011-08-04 01:07:23'),(19,4,'2011-08-04 01:07:23','2011-08-04 01:07:23'),(20,4,'2011-08-04 01:07:23','2011-08-04 01:07:23'),(21,4,'2011-08-04 01:07:23','2011-08-04 01:07:23'),(22,4,'2011-08-04 01:07:23','2011-08-04 01:07:23'),(23,4,'2011-08-04 01:07:23','2011-08-04 01:07:23'),(24,4,'2011-08-04 01:07:23','2011-08-04 01:07:23'),(25,4,'2011-08-04 01:07:23','2011-08-04 01:07:23'),(26,4,'2011-08-04 01:07:23','2011-08-04 01:07:23'),(27,4,'2011-08-04 01:07:23','2011-08-04 01:07:23'),(28,4,'2011-08-04 01:07:23','2011-08-04 01:07:23'),(29,4,'2011-08-04 01:07:23','2011-08-04 01:07:23'),(30,4,'2011-08-04 01:07:23','2011-08-04 01:07:23'),(31,4,'2011-08-04 01:07:23','2011-08-04 01:07:23'),(32,4,'2011-08-04 01:07:23','2011-08-04 01:07:23'),(33,4,'2011-08-04 01:07:23','2011-08-04 01:07:23'),(34,4,'2011-08-04 01:07:23','2011-08-04 01:07:23'),(35,4,'2011-08-04 01:07:23','2011-08-04 01:07:23'),(36,4,'2011-08-04 01:07:23','2011-08-04 01:07:23'),(37,4,'2011-08-04 01:07:23','2011-08-04 01:07:23'),(38,4,'2011-08-04 01:07:23','2011-08-04 01:07:23'),(39,4,'2011-08-04 01:07:23','2011-08-04 01:07:23'),(40,4,'2011-08-04 01:07:23','2011-08-04 01:07:23'),(41,4,'2011-08-04 01:07:23','2011-08-04 01:07:23'),(42,4,'2011-08-04 01:07:23','2011-08-04 01:07:23'),(43,4,'2011-08-04 01:07:23','2011-08-04 01:07:23'),(44,4,'2011-08-04 01:07:23','2011-08-04 01:07:23'),(45,4,'2011-08-04 01:07:23','2011-08-04 01:07:23'),(46,4,'2011-08-04 01:07:23','2011-08-04 01:07:23'),(47,4,'2011-08-04 01:07:23','2011-08-04 01:07:23'),(48,4,'2011-08-04 01:07:23','2011-08-04 01:07:23'),(49,4,'2011-08-04 01:07:23','2011-08-04 01:07:23'),(50,4,'2011-08-04 01:07:23','2011-08-04 01:07:23'),(51,4,'2011-08-04 01:07:23','2011-08-04 01:07:23'),(52,4,'2011-08-04 01:07:23','2011-08-04 01:07:23'),(53,4,'2011-08-04 01:07:23','2011-08-04 01:07:23'),(54,4,'2011-08-04 01:07:23','2011-08-04 01:07:23'),(55,4,'2011-08-04 01:07:23','2011-08-04 01:07:23'),(56,4,'2011-08-04 01:07:23','2011-08-04 01:07:23'),(57,4,'2011-08-04 01:07:23','2011-08-04 01:07:23'),(58,4,'2011-08-04 01:07:23','2011-08-04 01:07:23'),(59,4,'2011-08-04 01:07:23','2011-08-04 01:07:23'),(60,4,'2011-08-04 01:07:23','2011-08-04 01:07:23'),(61,4,'2011-08-04 01:07:23','2011-08-04 01:07:23'),(62,4,'2011-08-04 01:07:23','2011-08-04 01:07:23'),(63,4,'2011-08-04 01:07:23','2011-08-04 01:07:23'),(64,4,'2011-08-04 01:07:23','2011-08-04 01:07:23'),(65,4,'2011-08-04 01:07:23','2011-08-04 01:07:23'),(66,4,'2011-08-04 01:07:23','2011-08-04 01:07:23'),(67,4,'2011-08-04 01:07:23','2011-08-04 01:07:23'),(68,4,'2011-08-04 01:07:23','2011-08-04 01:07:23'),(69,4,'2011-08-04 01:07:23','2011-08-04 01:07:23'),(70,4,'2011-08-04 01:07:23','2011-08-04 01:07:23'),(71,4,'2011-08-04 01:07:23','2011-08-04 01:07:23'),(72,4,'2011-08-04 01:07:23','2011-08-04 01:07:23'),(73,4,'2011-08-04 01:07:23','2011-08-04 01:07:23'),(74,4,'2011-08-04 01:07:23','2011-08-04 01:07:23'),(75,4,'2011-08-04 01:07:23','2011-08-04 01:07:23'),(76,4,'2011-08-04 01:07:23','2011-08-04 01:07:23'),(77,4,'2011-08-04 01:07:23','2011-08-04 01:07:23'),(78,4,'2011-08-04 01:07:23','2011-08-04 01:07:23'),(79,4,'2011-08-04 01:07:23','2011-08-04 01:07:23'),(80,4,'2011-08-04 01:07:23','2011-08-04 01:07:23'),(81,4,'2011-08-04 01:07:23','2011-08-04 01:07:23'),(82,4,'2011-08-04 01:07:23','2011-08-04 01:07:23'),(83,4,'2011-08-04 01:07:23','2011-08-04 01:07:23'),(84,4,'2011-08-04 01:07:23','2011-08-04 01:07:23'),(85,4,'2011-08-04 01:07:23','2011-08-04 01:07:23'),(86,4,'2011-08-04 01:07:23','2011-08-04 01:07:23'),(87,4,'2011-08-04 01:07:23','2011-08-04 01:07:23'),(88,4,'2011-08-04 01:07:23','2011-08-04 01:07:23'),(89,4,'2011-08-04 01:07:23','2011-08-04 01:07:23'),(90,4,'2011-08-04 01:07:23','2011-08-04 01:07:23'),(91,4,'2011-08-04 01:07:23','2011-08-04 01:07:23'),(92,4,'2011-08-04 01:07:23','2011-08-04 01:07:23'),(93,4,'2011-08-04 01:07:23','2011-08-04 01:07:23'),(94,4,'2011-08-04 01:07:23','2011-08-04 01:07:23'),(95,4,'2011-08-04 01:07:23','2011-08-04 01:07:23'),(96,4,'2011-08-04 01:07:23','2011-08-04 01:07:23'),(97,4,'2011-08-04 01:07:23','2011-08-04 01:07:23'),(98,4,'2011-08-04 01:07:23','2011-08-04 01:07:23'),(99,4,'2011-08-04 01:07:23','2011-08-04 01:07:23'),(100,4,'2011-08-04 01:07:23','2011-08-04 01:07:23'),(101,4,'2011-08-04 01:07:23','2011-08-04 01:07:23'),(102,4,'2011-08-04 01:07:23','2011-08-04 01:07:23'),(103,4,'2011-08-04 01:07:23','2011-08-04 01:07:23'),(104,4,'2011-08-04 01:07:23','2011-08-04 01:07:23'),(105,4,'2011-08-04 01:07:23','2011-08-04 01:07:23'),(106,4,'2011-08-04 01:07:23','2011-08-04 01:07:23'),(107,4,'2011-08-04 01:07:23','2011-08-04 01:07:23'),(108,4,'2011-08-04 01:07:23','2011-08-04 01:07:23'),(109,4,'2011-08-04 01:07:23','2011-08-04 01:07:23'),(110,4,'2011-08-04 01:07:23','2011-08-04 01:07:23'),(111,4,'2011-08-04 01:07:23','2011-08-04 01:07:23'),(112,4,'2011-08-04 01:07:23','2011-08-04 01:07:23'),(113,4,'2011-08-04 01:07:23','2011-08-04 01:07:23'),(114,4,'2011-08-04 01:07:23','2011-08-04 01:07:23'),(115,4,'2011-08-04 01:07:23','2011-08-04 01:07:23'),(116,4,'2011-08-04 01:07:23','2011-08-04 01:07:23'),(117,4,'2011-08-04 01:07:23','2011-08-04 01:07:23'),(118,4,'2011-08-04 01:07:23','2011-08-04 01:07:23'),(119,4,'2011-08-04 01:07:23','2011-08-04 01:07:23'),(120,4,'2011-08-04 01:07:23','2011-08-04 01:07:23'),(160,1,'2011-09-03 13:30:02','2011-09-03 13:30:02'),(161,1,'2011-09-03 13:32:38','2011-09-03 13:32:38'),(162,1,'2011-09-03 15:20:16','2011-09-03 15:20:16'),(163,1,'2011-09-03 15:21:15','2011-09-03 15:21:15'),(164,1,'2011-09-03 15:21:44','2011-09-03 15:21:44'),(173,1,'2011-09-03 16:12:37','2011-09-03 16:12:37'),(174,1,'2011-09-03 16:12:50','2011-09-03 16:12:50'),(175,1,'2011-09-03 16:14:04','2011-09-03 16:14:04'),(176,6,'2011-09-03 16:14:34','2011-09-03 16:14:34'),(177,2,'2011-09-03 16:16:13','2011-09-03 16:16:13'),(178,2,'2011-09-03 16:18:36','2011-09-03 16:18:36'),(179,2,'2011-09-03 16:18:53','2011-09-03 16:18:53'),(180,1,'2011-09-03 16:32:53','2011-09-03 16:32:53'),(181,1,'2011-09-03 16:33:10','2011-09-03 16:33:10'),(182,1,'2011-09-03 16:33:12','2011-09-03 16:33:12'),(183,1,'2011-09-04 05:36:52','2011-09-04 05:36:52'),(184,1,'2011-09-04 05:39:58','2011-09-04 05:39:58'),(185,1,'2011-09-04 05:43:53','2011-09-04 05:43:53'),(186,1,'2011-09-04 05:54:21','2011-09-04 05:54:21'),(187,1,'2011-09-04 05:59:28','2011-09-04 05:59:28'),(188,2,'2011-09-04 06:00:28','2011-09-04 06:00:28'),(189,1,'2011-09-04 06:01:20','2011-09-04 06:01:20'),(190,3,'2011-09-04 06:04:53','2011-09-04 06:04:53'),(191,4,'2011-09-04 06:05:53','2011-09-04 06:05:53'),(192,1,'2011-09-04 06:19:46','2011-09-04 06:19:46'),(193,2,'2011-09-04 08:38:05','2011-09-04 08:38:05'),(194,2,'2011-09-04 08:38:39','2011-09-04 08:38:39'),(195,2,'2011-09-04 08:39:20','2011-09-04 08:39:20'),(196,2,'2011-09-04 08:49:42','2011-09-04 08:49:42'),(201,4,'2011-09-04 10:00:09','2011-09-04 10:00:09'),(202,5,'2011-09-04 10:06:33','2011-09-04 10:06:33'),(203,5,'2011-09-04 10:13:15','2011-09-04 10:13:15'),(204,1,'2011-09-04 10:14:14','2011-09-04 10:14:14'),(205,1,'2011-09-04 10:15:00','2011-09-04 10:15:00'),(206,1,'2011-09-04 10:22:24','2011-09-04 10:22:24'),(207,1,'2011-09-04 10:23:04','2011-09-04 10:23:04'),(210,7,'2011-09-05 00:16:59','2011-09-05 00:16:59'),(211,2,'2011-09-04 13:59:35','2011-09-04 13:59:35'),(212,1,'2011-09-05 00:51:03','2011-09-05 00:51:03'),(213,1,'2011-09-05 00:52:23','2011-09-05 00:52:23'),(214,1,'2011-09-05 00:53:17','2011-09-05 00:53:17'),(215,2,'2011-09-05 00:56:50','2011-09-05 00:56:50'),(216,4,'2011-09-05 00:57:50','2011-09-05 00:57:50'),(217,1,'2011-09-05 01:01:39','2011-09-05 01:01:39'),(218,4,'2011-09-05 01:03:43','2011-09-05 01:03:43'),(219,4,'2011-09-05 01:10:13','2011-09-05 01:10:13'),(220,4,'2011-09-05 01:11:00','2011-09-05 01:11:00'),(221,1,'2011-09-05 01:46:06','2011-09-05 01:11:06'),(222,4,'2011-09-05 01:11:09','2011-09-05 01:11:09'),(227,4,'2011-09-05 01:12:40','2011-09-05 01:12:40'),(228,1,'2011-09-05 01:57:17','2011-09-05 01:57:17'),(229,1,'2011-09-05 02:02:17','2011-09-05 02:02:17'),(230,1,'2011-09-05 02:32:48','2011-09-05 02:32:48'),(231,1,'2011-09-05 02:36:33','2011-09-05 02:36:33'),(232,3,'2011-09-05 02:38:32','2011-09-05 02:38:32'),(233,5,'2011-09-05 05:30:54','2011-09-05 05:30:54'),(234,0,'2011-09-05 06:00:26','2011-09-05 06:00:26'),(235,0,'2011-09-05 06:04:07','2011-09-05 06:04:07'),(236,0,'2011-09-05 06:08:37','2011-09-05 06:08:37'),(237,0,'2011-09-05 06:09:38','2011-09-05 06:09:38'),(238,2,'2011-09-05 06:22:33','2011-09-05 06:22:33'),(239,1,'2011-09-05 06:51:01','2011-09-05 06:51:01'),(240,1,'2011-09-06 08:59:12','2011-09-06 08:59:12'),(241,1,'2011-09-11 10:16:34','2011-09-11 10:16:34');
/*!40000 ALTER TABLE `T_Job_Degree` ENABLE KEYS */;
UNLOCK TABLES;

--
-- Table structure for table `T_Job_Location`
--

DROP TABLE IF EXISTS `T_Job_Location`;
/*!40101 SET @saved_cs_client     = @@character_set_client */;
/*!40101 SET character_set_client = utf8 */;
CREATE TABLE `T_Job_Location` (
  `job_location_Job_id` int(11) NOT NULL COMMENT '职位id',
  `job_location_Location_type_id` int(11) NOT NULL COMMENT '区域类型id',
  `job_location_Location_id` int(11) NOT NULL COMMENT '区域id',
  `job_location_Salary_type` int(11) DEFAULT NULL COMMENT '工资类型',
  `job_location_Salary_less` int(11) DEFAULT NULL COMMENT '工资下限',
  `job_location_Salary_high` int(11) DEFAULT NULL COMMENT '工资上限',
  `time_updated` timestamp NOT NULL DEFAULT CURRENT_TIMESTAMP ON UPDATE CURRENT_TIMESTAMP,
  `time_created` timestamp NOT NULL DEFAULT '0000-00-00 00:00:00',
  PRIMARY KEY (`job_location_Job_id`,`job_location_Location_type_id`,`job_location_Location_id`)
) ENGINE=InnoDB DEFAULT CHARSET=utf8;
/*!40101 SET character_set_client = @saved_cs_client */;

--
-- Dumping data for table `T_Job_Location`
--

LOCK TABLES `T_Job_Location` WRITE;
/*!40000 ALTER TABLE `T_Job_Location` DISABLE KEYS */;
INSERT INTO `T_Job_Location` VALUES (1,2,1,NULL,NULL,NULL,'2011-08-09 09:09:34','0000-00-00 00:00:00'),(1,2,355,NULL,NULL,NULL,'2011-08-09 08:14:03','2011-08-09 08:14:03'),(2,2,355,NULL,NULL,NULL,'2011-09-05 00:33:40','2011-09-05 00:33:40'),(3,2,355,NULL,NULL,NULL,'2011-08-09 08:14:03','2011-08-09 08:14:03'),(4,2,355,NULL,NULL,NULL,'2011-08-09 08:14:03','2011-08-09 08:14:03'),(5,2,355,NULL,NULL,NULL,'2011-08-09 08:14:03','2011-08-09 08:14:03'),(6,2,355,NULL,NULL,NULL,'2011-08-09 08:14:03','2011-08-09 08:14:03'),(7,2,355,NULL,NULL,NULL,'2011-08-09 08:14:03','2011-08-09 08:14:03'),(8,2,355,NULL,NULL,NULL,'2011-08-09 08:14:03','2011-08-09 08:14:03'),(9,2,355,NULL,NULL,NULL,'2011-08-09 08:14:03','2011-08-09 08:14:03'),(10,2,355,NULL,NULL,NULL,'2011-08-09 08:14:03','2011-08-09 08:14:03'),(11,2,355,NULL,NULL,NULL,'2011-08-09 08:14:03','2011-08-09 08:14:03'),(12,2,355,NULL,NULL,NULL,'2011-08-09 08:14:03','2011-08-09 08:14:03'),(13,2,355,NULL,NULL,NULL,'2011-08-09 08:14:03','2011-08-09 08:14:03'),(14,2,355,NULL,NULL,NULL,'2011-08-09 08:14:03','2011-08-09 08:14:03'),(15,2,355,NULL,NULL,NULL,'2011-08-09 08:14:03','2011-08-09 08:14:03'),(16,2,355,NULL,NULL,NULL,'2011-08-09 08:14:03','2011-08-09 08:14:03'),(17,2,355,NULL,NULL,NULL,'2011-08-09 08:14:03','2011-08-09 08:14:03'),(18,2,355,NULL,NULL,NULL,'2011-08-09 08:14:03','2011-08-09 08:14:03'),(19,2,355,NULL,NULL,NULL,'2011-08-09 08:14:03','2011-08-09 08:14:03'),(20,2,355,NULL,NULL,NULL,'2011-08-09 08:14:03','2011-08-09 08:14:03'),(21,2,355,NULL,NULL,NULL,'2011-08-09 08:14:03','2011-08-09 08:14:03'),(22,2,355,NULL,NULL,NULL,'2011-08-09 08:14:03','2011-08-09 08:14:03'),(23,2,355,NULL,NULL,NULL,'2011-08-09 08:14:03','2011-08-09 08:14:03'),(24,2,355,NULL,NULL,NULL,'2011-08-09 08:14:03','2011-08-09 08:14:03'),(25,2,355,NULL,NULL,NULL,'2011-08-09 08:14:03','2011-08-09 08:14:03'),(26,2,355,NULL,NULL,NULL,'2011-08-09 08:14:03','2011-08-09 08:14:03'),(27,2,355,NULL,NULL,NULL,'2011-08-09 08:14:03','2011-08-09 08:14:03'),(28,2,355,NULL,NULL,NULL,'2011-08-09 08:14:03','2011-08-09 08:14:03'),(29,2,355,NULL,NULL,NULL,'2011-08-09 08:14:03','2011-08-09 08:14:03'),(30,2,355,NULL,NULL,NULL,'2011-08-09 08:14:03','2011-08-09 08:14:03'),(31,2,355,NULL,NULL,NULL,'2011-08-09 08:14:03','2011-08-09 08:14:03'),(32,2,355,NULL,NULL,NULL,'2011-08-09 08:14:03','2011-08-09 08:14:03'),(33,2,355,NULL,NULL,NULL,'2011-08-09 08:14:03','2011-08-09 08:14:03'),(34,2,355,NULL,NULL,NULL,'2011-08-09 08:14:03','2011-08-09 08:14:03'),(35,2,355,NULL,NULL,NULL,'2011-08-09 08:14:03','2011-08-09 08:14:03'),(36,2,355,NULL,NULL,NULL,'2011-08-09 08:14:03','2011-08-09 08:14:03'),(37,2,355,NULL,NULL,NULL,'2011-08-09 08:14:03','2011-08-09 08:14:03'),(38,2,355,NULL,NULL,NULL,'2011-08-09 08:14:03','2011-08-09 08:14:03'),(39,2,355,NULL,NULL,NULL,'2011-08-09 08:14:03','2011-08-09 08:14:03'),(40,2,355,NULL,NULL,NULL,'2011-08-09 08:14:03','2011-08-09 08:14:03'),(41,2,355,NULL,NULL,NULL,'2011-08-09 08:14:03','2011-08-09 08:14:03'),(42,2,355,NULL,NULL,NULL,'2011-08-09 08:14:03','2011-08-09 08:14:03'),(43,2,355,NULL,NULL,NULL,'2011-08-09 08:14:03','2011-08-09 08:14:03'),(44,2,355,NULL,NULL,NULL,'2011-08-09 08:14:03','2011-08-09 08:14:03'),(45,2,355,NULL,NULL,NULL,'2011-08-09 08:14:03','2011-08-09 08:14:03'),(46,2,355,NULL,NULL,NULL,'2011-08-09 08:14:03','2011-08-09 08:14:03'),(47,2,355,NULL,NULL,NULL,'2011-08-09 08:14:03','2011-08-09 08:14:03'),(48,2,355,NULL,NULL,NULL,'2011-08-09 08:14:03','2011-08-09 08:14:03'),(49,2,355,NULL,NULL,NULL,'2011-08-09 08:14:03','2011-08-09 08:14:03'),(50,2,355,NULL,NULL,NULL,'2011-08-09 08:14:03','2011-08-09 08:14:03'),(51,2,355,NULL,NULL,NULL,'2011-08-09 08:14:03','2011-08-09 08:14:03'),(52,2,355,NULL,NULL,NULL,'2011-08-09 08:14:03','2011-08-09 08:14:03'),(53,2,355,NULL,NULL,NULL,'2011-08-09 08:14:03','2011-08-09 08:14:03'),(54,2,355,NULL,NULL,NULL,'2011-08-09 08:14:03','2011-08-09 08:14:03'),(55,2,355,NULL,NULL,NULL,'2011-08-09 08:14:03','2011-08-09 08:14:03'),(56,2,355,NULL,NULL,NULL,'2011-08-09 08:14:03','2011-08-09 08:14:03'),(57,2,355,NULL,NULL,NULL,'2011-08-09 08:14:03','2011-08-09 08:14:03'),(58,2,355,NULL,NULL,NULL,'2011-08-09 08:14:03','2011-08-09 08:14:03'),(59,2,1,NULL,NULL,NULL,'2011-08-09 08:16:10','2011-08-09 08:16:10'),(60,2,1,NULL,NULL,NULL,'2011-08-09 08:16:10','2011-08-09 08:16:10'),(61,2,1,NULL,NULL,NULL,'2011-08-09 08:16:10','2011-08-09 08:16:10'),(62,2,1,NULL,NULL,NULL,'2011-08-09 08:16:10','2011-08-09 08:16:10'),(63,2,1,NULL,NULL,NULL,'2011-08-09 08:16:10','2011-08-09 08:16:10'),(64,2,1,NULL,NULL,NULL,'2011-08-09 08:16:10','2011-08-09 08:16:10'),(65,2,1,NULL,NULL,NULL,'2011-08-09 08:16:10','2011-08-09 08:16:10'),(66,2,1,NULL,NULL,NULL,'2011-08-09 08:16:10','2011-08-09 08:16:10'),(67,2,1,NULL,NULL,NULL,'2011-08-09 08:16:10','2011-08-09 08:16:10'),(68,2,1,NULL,NULL,NULL,'2011-08-09 08:16:10','2011-08-09 08:16:10'),(69,2,1,NULL,NULL,NULL,'2011-08-09 08:16:10','2011-08-09 08:16:10'),(70,2,1,NULL,NULL,NULL,'2011-08-09 08:16:10','2011-08-09 08:16:10'),(71,2,1,NULL,NULL,NULL,'2011-08-09 08:16:10','2011-08-09 08:16:10'),(72,2,1,NULL,NULL,NULL,'2011-08-09 08:16:10','2011-08-09 08:16:10'),(73,2,1,NULL,NULL,NULL,'2011-08-09 08:16:10','2011-08-09 08:16:10'),(74,2,1,NULL,NULL,NULL,'2011-08-09 08:16:10','2011-08-09 08:16:10'),(75,2,1,NULL,NULL,NULL,'2011-08-09 08:16:10','2011-08-09 08:16:10'),(76,2,1,NULL,NULL,NULL,'2011-08-09 08:16:10','2011-08-09 08:16:10'),(77,2,1,NULL,NULL,NULL,'2011-08-09 08:16:10','2011-08-09 08:16:10'),(78,2,1,NULL,NULL,NULL,'2011-08-09 08:16:10','2011-08-09 08:16:10'),(79,2,1,NULL,NULL,NULL,'2011-08-09 08:16:10','2011-08-09 08:16:10'),(80,2,1,NULL,NULL,NULL,'2011-08-09 08:16:10','2011-08-09 08:16:10'),(81,2,1,NULL,NULL,NULL,'2011-08-09 08:16:10','2011-08-09 08:16:10'),(82,2,1,NULL,NULL,NULL,'2011-08-09 08:16:10','2011-08-09 08:16:10'),(83,2,1,NULL,NULL,NULL,'2011-08-09 08:16:10','2011-08-09 08:16:10'),(84,2,1,NULL,NULL,NULL,'2011-08-09 08:16:10','2011-08-09 08:16:10'),(85,2,1,NULL,NULL,NULL,'2011-08-09 08:16:10','2011-08-09 08:16:10'),(86,2,1,NULL,NULL,NULL,'2011-08-09 08:16:10','2011-08-09 08:16:10'),(87,2,1,NULL,NULL,NULL,'2011-08-09 08:16:10','2011-08-09 08:16:10'),(88,2,1,NULL,NULL,NULL,'2011-08-09 08:16:10','2011-08-09 08:16:10'),(89,2,1,NULL,NULL,NULL,'2011-08-09 08:16:10','2011-08-09 08:16:10'),(90,2,1,NULL,NULL,NULL,'2011-08-09 08:16:10','2011-08-09 08:16:10'),(91,2,1,NULL,NULL,NULL,'2011-08-09 08:16:10','2011-08-09 08:16:10'),(92,2,1,NULL,NULL,NULL,'2011-08-09 08:16:10','2011-08-09 08:16:10'),(93,2,1,NULL,NULL,NULL,'2011-08-09 08:16:10','2011-08-09 08:16:10'),(94,2,1,NULL,NULL,NULL,'2011-08-09 08:16:10','2011-08-09 08:16:10'),(95,2,1,NULL,NULL,NULL,'2011-08-09 08:16:10','2011-08-09 08:16:10'),(96,2,1,NULL,NULL,NULL,'2011-08-09 08:16:10','2011-08-09 08:16:10'),(97,2,1,NULL,NULL,NULL,'2011-08-09 08:16:10','2011-08-09 08:16:10'),(98,2,1,NULL,NULL,NULL,'2011-08-09 08:16:10','2011-08-09 08:16:10'),(99,2,1,NULL,NULL,NULL,'2011-08-09 08:16:10','2011-08-09 08:16:10'),(100,2,1,NULL,NULL,NULL,'2011-08-09 08:16:10','2011-08-09 08:16:10'),(101,2,1,NULL,NULL,NULL,'2011-08-09 08:16:10','2011-08-09 08:16:10'),(102,2,1,NULL,NULL,NULL,'2011-08-09 08:16:10','2011-08-09 08:16:10'),(103,2,1,NULL,NULL,NULL,'2011-08-09 08:16:10','2011-08-09 08:16:10'),(104,2,1,NULL,NULL,NULL,'2011-08-09 08:16:10','2011-08-09 08:16:10'),(105,2,1,NULL,NULL,NULL,'2011-08-09 08:16:10','2011-08-09 08:16:10'),(106,2,1,NULL,NULL,NULL,'2011-08-09 08:16:10','2011-08-09 08:16:10'),(107,2,1,NULL,NULL,NULL,'2011-08-09 08:16:10','2011-08-09 08:16:10'),(108,2,1,NULL,NULL,NULL,'2011-08-09 08:16:10','2011-08-09 08:16:10'),(109,2,1,NULL,NULL,NULL,'2011-08-09 08:16:10','2011-08-09 08:16:10'),(110,2,1,NULL,NULL,NULL,'2011-08-09 08:16:10','2011-08-09 08:16:10'),(111,2,1,NULL,NULL,NULL,'2011-08-09 08:16:10','2011-08-09 08:16:10'),(112,2,1,NULL,NULL,NULL,'2011-08-09 08:16:10','2011-08-09 08:16:10'),(113,2,1,NULL,NULL,NULL,'2011-08-09 08:16:10','2011-08-09 08:16:10'),(114,2,1,NULL,NULL,NULL,'2011-08-09 08:16:10','2011-08-09 08:16:10'),(115,2,1,NULL,NULL,NULL,'2011-08-09 08:16:10','2011-08-09 08:16:10'),(116,2,1,NULL,NULL,NULL,'2011-08-09 08:16:10','2011-08-09 08:16:10'),(117,2,1,NULL,NULL,NULL,'2011-08-09 08:16:10','2011-08-09 08:16:10'),(118,2,1,NULL,NULL,NULL,'2011-08-09 08:16:10','2011-08-09 08:16:10'),(119,2,1,NULL,NULL,NULL,'2011-08-09 08:16:10','2011-08-09 08:16:10'),(119,2,355,NULL,NULL,NULL,'2011-08-11 07:20:37','0000-00-00 00:00:00'),(120,2,1,NULL,NULL,NULL,'2011-08-09 08:16:10','2011-08-09 08:16:10'),(172,2,1,NULL,NULL,NULL,'2011-09-03 16:11:33','2011-09-03 16:11:33'),(173,2,21,NULL,NULL,NULL,'2011-09-03 16:12:37','2011-09-03 16:12:37'),(174,2,21,NULL,NULL,NULL,'2011-09-03 16:12:50','2011-09-03 16:12:50'),(175,2,21,NULL,NULL,NULL,'2011-09-03 16:14:04','2011-09-03 16:14:04'),(176,2,25,NULL,NULL,NULL,'2011-09-03 16:14:34','2011-09-03 16:14:34'),(177,2,25,NULL,NULL,NULL,'2011-09-03 16:16:13','2011-09-03 16:16:13'),(178,2,25,NULL,NULL,NULL,'2011-09-03 16:18:36','2011-09-03 16:18:36'),(179,2,25,NULL,NULL,NULL,'2011-09-03 16:18:53','2011-09-03 16:18:53'),(180,2,1,NULL,NULL,NULL,'2011-09-03 16:32:53','2011-09-03 16:32:53'),(181,2,1,NULL,NULL,NULL,'2011-09-03 16:33:10','2011-09-03 16:33:10'),(182,2,1,NULL,NULL,NULL,'2011-09-03 16:33:12','2011-09-03 16:33:12'),(183,2,1,NULL,NULL,NULL,'2011-09-04 05:36:52','2011-09-04 05:36:52'),(184,2,23,NULL,NULL,NULL,'2011-09-04 05:39:58','2011-09-04 05:39:58'),(185,2,1,NULL,NULL,NULL,'2011-09-04 05:43:53','2011-09-04 05:43:53'),(186,2,1,NULL,NULL,NULL,'2011-09-04 05:54:21','2011-09-04 05:54:21'),(187,2,1,NULL,NULL,NULL,'2011-09-04 05:59:28','2011-09-04 05:59:28'),(188,2,21,NULL,NULL,NULL,'2011-09-04 06:00:28','2011-09-04 06:00:28'),(189,2,1,NULL,NULL,NULL,'2011-09-04 06:01:20','2011-09-04 06:01:20'),(190,2,24,NULL,NULL,NULL,'2011-09-04 06:04:53','2011-09-04 06:04:53'),(191,2,24,NULL,NULL,NULL,'2011-09-04 06:05:53','2011-09-04 06:05:53'),(192,2,1,NULL,NULL,NULL,'2011-09-04 06:19:46','2011-09-04 06:19:46'),(193,2,19,NULL,NULL,NULL,'2011-09-04 08:38:05','2011-09-04 08:38:05'),(194,2,19,NULL,NULL,NULL,'2011-09-04 08:38:39','2011-09-04 08:38:39'),(195,2,19,NULL,NULL,NULL,'2011-09-04 08:39:20','2011-09-04 08:39:20'),(196,2,19,NULL,NULL,NULL,'2011-09-04 08:49:42','2011-09-04 08:49:42'),(201,2,20,NULL,NULL,NULL,'2011-09-04 10:00:09','2011-09-04 10:00:09'),(202,2,21,NULL,NULL,NULL,'2011-09-04 10:06:33','2011-09-04 10:06:33'),(203,2,21,NULL,NULL,NULL,'2011-09-04 10:13:15','2011-09-04 10:13:15'),(204,2,1,NULL,NULL,NULL,'2011-09-04 10:14:14','2011-09-04 10:14:14'),(205,2,1,NULL,NULL,NULL,'2011-09-04 10:15:00','2011-09-04 10:15:00'),(206,2,20,NULL,NULL,NULL,'2011-09-04 10:22:24','2011-09-04 10:22:24'),(207,2,1,NULL,NULL,NULL,'2011-09-04 10:23:04','2011-09-04 10:23:04'),(210,2,27,NULL,NULL,NULL,'2011-09-05 00:16:59','2011-09-05 00:16:59'),(211,2,19,NULL,NULL,NULL,'2011-09-04 13:59:35','2011-09-04 13:59:35'),(212,2,1,NULL,NULL,NULL,'2011-09-05 00:51:03','2011-09-05 00:51:03'),(213,2,1,NULL,NULL,NULL,'2011-09-05 00:52:23','2011-09-05 00:52:23'),(214,2,1,NULL,NULL,NULL,'2011-09-05 00:53:17','2011-09-05 00:53:17'),(215,2,19,NULL,NULL,NULL,'2011-09-05 00:56:50','2011-09-05 00:56:50'),(216,2,21,NULL,NULL,NULL,'2011-09-05 00:57:50','2011-09-05 00:57:50'),(217,2,1,NULL,NULL,NULL,'2011-09-05 01:01:39','2011-09-05 01:01:39'),(218,2,21,NULL,NULL,NULL,'2011-09-05 01:03:43','2011-09-05 01:03:43'),(219,2,21,NULL,NULL,NULL,'2011-09-05 01:10:13','2011-09-05 01:10:13'),(220,2,21,NULL,NULL,NULL,'2011-09-05 01:11:00','2011-09-05 01:11:00'),(221,2,21,NULL,NULL,NULL,'2011-09-05 01:11:06','2011-09-05 01:11:06'),(222,2,22,NULL,NULL,NULL,'2011-09-05 01:45:33','2011-09-05 01:11:09'),(227,2,21,NULL,NULL,NULL,'2011-09-05 01:12:40','2011-09-05 01:12:40'),(228,2,1,NULL,NULL,NULL,'2011-09-05 01:57:17','2011-09-05 01:57:17'),(229,2,19,NULL,NULL,NULL,'2011-09-05 02:02:17','2011-09-05 02:02:17'),(230,2,1,NULL,NULL,NULL,'2011-09-05 02:32:48','2011-09-05 02:32:48'),(231,2,19,NULL,NULL,NULL,'2011-09-05 02:36:33','2011-09-05 02:36:33'),(232,2,20,NULL,NULL,NULL,'2011-09-05 02:38:32','2011-09-05 02:38:32'),(233,2,19,NULL,NULL,NULL,'2011-09-05 05:30:54','2011-09-05 05:30:54'),(234,2,0,NULL,NULL,NULL,'2011-09-05 06:00:26','2011-09-05 06:00:26'),(235,2,0,NULL,NULL,NULL,'2011-09-05 06:04:07','2011-09-05 06:04:07'),(236,2,0,NULL,NULL,NULL,'2011-09-05 06:08:37','2011-09-05 06:08:37'),(237,2,0,NULL,NULL,NULL,'2011-09-05 06:09:38','2011-09-05 06:09:38'),(238,2,19,NULL,NULL,NULL,'2011-09-05 06:22:33','2011-09-05 06:22:33'),(239,2,1,NULL,NULL,NULL,'2011-09-05 06:51:01','2011-09-05 06:51:01'),(240,2,1,NULL,NULL,NULL,'2011-09-06 08:59:12','2011-09-06 08:59:12'),(241,2,1,NULL,NULL,NULL,'2011-09-11 10:16:34','2011-09-11 10:16:34');
/*!40000 ALTER TABLE `T_Job_Location` ENABLE KEYS */;
UNLOCK TABLES;

--
-- Table structure for table `T_Job_Welfare_type`
--

DROP TABLE IF EXISTS `T_Job_Welfare_type`;
/*!40101 SET @saved_cs_client     = @@character_set_client */;
/*!40101 SET character_set_client = utf8 */;
CREATE TABLE `T_Job_Welfare_type` (
  `job_welfare_type_Job_id` int(11) NOT NULL DEFAULT '0' COMMENT '工作id',
  `job_welfare_type_Welfare_type_id` int(11) NOT NULL DEFAULT '0' COMMENT '福利类型id',
  `time_updated` timestamp NOT NULL DEFAULT CURRENT_TIMESTAMP ON UPDATE CURRENT_TIMESTAMP,
  `time_created` timestamp NOT NULL DEFAULT '0000-00-00 00:00:00',
  PRIMARY KEY (`job_welfare_type_Job_id`,`job_welfare_type_Welfare_type_id`)
) ENGINE=InnoDB DEFAULT CHARSET=utf8;
/*!40101 SET character_set_client = @saved_cs_client */;

--
-- Dumping data for table `T_Job_Welfare_type`
--

LOCK TABLES `T_Job_Welfare_type` WRITE;
/*!40000 ALTER TABLE `T_Job_Welfare_type` DISABLE KEYS */;
INSERT INTO `T_Job_Welfare_type` VALUES (1,1,'2011-08-04 01:19:27','2011-08-04 01:19:27'),(2,1,'2011-08-04 01:19:27','2011-08-04 01:19:27'),(3,1,'2011-08-04 01:19:27','2011-08-04 01:19:27'),(4,1,'2011-08-04 01:19:27','2011-08-04 01:19:27'),(5,1,'2011-08-04 01:19:27','2011-08-04 01:19:27'),(6,1,'2011-08-04 01:19:27','2011-08-04 01:19:27'),(7,1,'2011-08-04 01:19:27','2011-08-04 01:19:27'),(8,1,'2011-08-04 01:19:27','2011-08-04 01:19:27'),(9,1,'2011-08-04 01:19:27','2011-08-04 01:19:27'),(10,1,'2011-08-04 01:19:27','2011-08-04 01:19:27'),(11,1,'2011-08-04 01:19:27','2011-08-04 01:19:27'),(12,1,'2011-08-04 01:19:27','2011-08-04 01:19:27'),(13,1,'2011-08-04 01:19:27','2011-08-04 01:19:27'),(14,1,'2011-08-04 01:19:27','2011-08-04 01:19:27'),(15,1,'2011-08-04 01:19:27','2011-08-04 01:19:27'),(16,1,'2011-08-04 01:19:27','2011-08-04 01:19:27'),(17,1,'2011-08-04 01:19:27','2011-08-04 01:19:27'),(18,1,'2011-08-04 01:19:27','2011-08-04 01:19:27'),(19,1,'2011-08-04 01:19:27','2011-08-04 01:19:27'),(20,1,'2011-08-04 01:19:27','2011-08-04 01:19:27'),(21,1,'2011-08-04 01:19:27','2011-08-04 01:19:27'),(22,1,'2011-08-04 01:19:27','2011-08-04 01:19:27'),(23,1,'2011-08-04 01:19:27','2011-08-04 01:19:27'),(24,1,'2011-08-04 01:19:27','2011-08-04 01:19:27'),(25,1,'2011-08-04 01:19:27','2011-08-04 01:19:27'),(26,1,'2011-08-04 01:19:27','2011-08-04 01:19:27'),(27,1,'2011-08-04 01:19:27','2011-08-04 01:19:27'),(28,1,'2011-08-04 01:19:27','2011-08-04 01:19:27'),(29,1,'2011-08-04 01:19:27','2011-08-04 01:19:27'),(30,1,'2011-08-04 01:19:27','2011-08-04 01:19:27'),(31,1,'2011-08-04 01:19:27','2011-08-04 01:19:27'),(32,1,'2011-08-04 01:19:27','2011-08-04 01:19:27'),(33,1,'2011-08-04 01:19:27','2011-08-04 01:19:27'),(34,1,'2011-08-04 01:19:27','2011-08-04 01:19:27'),(35,1,'2011-08-04 01:19:27','2011-08-04 01:19:27'),(36,1,'2011-08-04 01:19:27','2011-08-04 01:19:27'),(37,1,'2011-08-04 01:19:27','2011-08-04 01:19:27'),(38,1,'2011-08-04 01:19:27','2011-08-04 01:19:27'),(39,1,'2011-08-04 01:19:27','2011-08-04 01:19:27'),(40,1,'2011-08-04 01:19:27','2011-08-04 01:19:27'),(41,1,'2011-08-04 01:19:27','2011-08-04 01:19:27'),(42,1,'2011-08-04 01:19:27','2011-08-04 01:19:27'),(43,1,'2011-08-04 01:19:27','2011-08-04 01:19:27'),(44,1,'2011-08-04 01:19:27','2011-08-04 01:19:27'),(45,1,'2011-08-04 01:19:27','2011-08-04 01:19:27'),(46,1,'2011-08-04 01:19:27','2011-08-04 01:19:27'),(47,1,'2011-08-04 01:19:27','2011-08-04 01:19:27'),(48,1,'2011-08-04 01:19:27','2011-08-04 01:19:27'),(49,1,'2011-08-04 01:19:27','2011-08-04 01:19:27'),(50,1,'2011-08-04 01:19:27','2011-08-04 01:19:27'),(51,1,'2011-08-04 01:19:27','2011-08-04 01:19:27'),(52,1,'2011-08-04 01:19:27','2011-08-04 01:19:27'),(53,1,'2011-08-04 01:19:27','2011-08-04 01:19:27'),(54,1,'2011-08-04 01:19:27','2011-08-04 01:19:27'),(55,1,'2011-08-04 01:19:27','2011-08-04 01:19:27'),(56,1,'2011-08-04 01:19:27','2011-08-04 01:19:27'),(57,1,'2011-08-04 01:19:27','2011-08-04 01:19:27'),(58,1,'2011-08-04 01:19:27','2011-08-04 01:19:27'),(59,1,'2011-08-04 01:19:27','2011-08-04 01:19:27'),(60,1,'2011-08-04 01:19:27','2011-08-04 01:19:27'),(61,1,'2011-08-04 01:19:27','2011-08-04 01:19:27'),(62,1,'2011-08-04 01:19:27','2011-08-04 01:19:27'),(63,1,'2011-08-04 01:19:27','2011-08-04 01:19:27'),(64,1,'2011-08-04 01:19:27','2011-08-04 01:19:27'),(65,1,'2011-08-04 01:19:27','2011-08-04 01:19:27'),(66,1,'2011-08-04 01:19:27','2011-08-04 01:19:27'),(67,1,'2011-08-04 01:19:27','2011-08-04 01:19:27'),(68,1,'2011-08-04 01:19:27','2011-08-04 01:19:27'),(69,1,'2011-08-04 01:19:27','2011-08-04 01:19:27'),(70,1,'2011-08-04 01:19:27','2011-08-04 01:19:27'),(71,1,'2011-08-04 01:19:27','2011-08-04 01:19:27'),(72,1,'2011-08-04 01:19:27','2011-08-04 01:19:27'),(73,1,'2011-08-04 01:19:27','2011-08-04 01:19:27'),(74,1,'2011-08-04 01:19:27','2011-08-04 01:19:27'),(75,1,'2011-08-04 01:19:27','2011-08-04 01:19:27'),(76,1,'2011-08-04 01:19:27','2011-08-04 01:19:27'),(77,1,'2011-08-04 01:19:27','2011-08-04 01:19:27'),(78,1,'2011-08-04 01:19:27','2011-08-04 01:19:27'),(79,1,'2011-08-04 01:19:27','2011-08-04 01:19:27'),(80,1,'2011-08-04 01:19:27','2011-08-04 01:19:27'),(81,1,'2011-08-04 01:19:27','2011-08-04 01:19:27'),(82,1,'2011-08-04 01:19:27','2011-08-04 01:19:27'),(83,1,'2011-08-04 01:19:27','2011-08-04 01:19:27'),(84,1,'2011-08-04 01:19:27','2011-08-04 01:19:27'),(85,1,'2011-08-04 01:19:27','2011-08-04 01:19:27'),(86,1,'2011-08-04 01:19:27','2011-08-04 01:19:27'),(87,1,'2011-08-04 01:19:27','2011-08-04 01:19:27'),(88,1,'2011-08-04 01:19:27','2011-08-04 01:19:27'),(89,1,'2011-08-04 01:19:27','2011-08-04 01:19:27'),(90,1,'2011-08-04 01:19:27','2011-08-04 01:19:27'),(91,1,'2011-08-04 01:19:27','2011-08-04 01:19:27'),(92,1,'2011-08-04 01:19:27','2011-08-04 01:19:27'),(93,1,'2011-08-04 01:19:27','2011-08-04 01:19:27'),(94,1,'2011-08-04 01:19:27','2011-08-04 01:19:27'),(95,1,'2011-08-04 01:19:27','2011-08-04 01:19:27'),(96,1,'2011-08-04 01:19:27','2011-08-04 01:19:27'),(97,1,'2011-08-04 01:19:27','2011-08-04 01:19:27'),(98,1,'2011-08-04 01:19:27','2011-08-04 01:19:27'),(99,1,'2011-08-04 01:19:27','2011-08-04 01:19:27'),(100,1,'2011-08-04 01:19:27','2011-08-04 01:19:27'),(101,1,'2011-08-04 01:19:27','2011-08-04 01:19:27'),(102,1,'2011-08-04 01:19:27','2011-08-04 01:19:27'),(103,1,'2011-08-04 01:19:27','2011-08-04 01:19:27'),(104,1,'2011-08-04 01:19:27','2011-08-04 01:19:27'),(105,1,'2011-08-04 01:19:27','2011-08-04 01:19:27'),(106,1,'2011-08-04 01:19:27','2011-08-04 01:19:27'),(107,1,'2011-08-04 01:19:27','2011-08-04 01:19:27'),(108,1,'2011-08-04 01:19:27','2011-08-04 01:19:27'),(109,1,'2011-08-04 01:19:27','2011-08-04 01:19:27'),(110,1,'2011-08-04 01:19:27','2011-08-04 01:19:27'),(111,1,'2011-08-04 01:19:27','2011-08-04 01:19:27'),(112,1,'2011-08-04 01:19:27','2011-08-04 01:19:27'),(113,1,'2011-08-04 01:19:27','2011-08-04 01:19:27'),(114,1,'2011-08-04 01:19:27','2011-08-04 01:19:27'),(115,1,'2011-08-04 01:19:27','2011-08-04 01:19:27'),(116,1,'2011-08-04 01:19:27','2011-08-04 01:19:27'),(117,1,'2011-08-04 01:19:27','2011-08-04 01:19:27'),(118,1,'2011-08-04 01:19:27','2011-08-04 01:19:27'),(119,1,'2011-08-04 01:19:27','2011-08-04 01:19:27'),(120,1,'2011-08-04 01:19:27','2011-08-04 01:19:27');
/*!40000 ALTER TABLE `T_Job_Welfare_type` ENABLE KEYS */;
UNLOCK TABLES;

--
-- Table structure for table `T_Job_quit_normal_reason`
--

DROP TABLE IF EXISTS `T_Job_quit_normal_reason`;
/*!40101 SET @saved_cs_client     = @@character_set_client */;
/*!40101 SET character_set_client = utf8 */;
CREATE TABLE `T_Job_quit_normal_reason` (
  `job_quit_normal_reason_Id` int(11) NOT NULL AUTO_INCREMENT COMMENT '常规离职原因id',
  `job_quit_normal_reason_Des` varchar(200) NOT NULL COMMENT '常规离职原因',
  `time_updated` timestamp NOT NULL DEFAULT CURRENT_TIMESTAMP ON UPDATE CURRENT_TIMESTAMP,
  `time_created` timestamp NOT NULL DEFAULT '0000-00-00 00:00:00',
  PRIMARY KEY (`job_quit_normal_reason_Id`)
) ENGINE=InnoDB AUTO_INCREMENT=4 DEFAULT CHARSET=utf8;
/*!40101 SET character_set_client = @saved_cs_client */;

--
-- Dumping data for table `T_Job_quit_normal_reason`
--

LOCK TABLES `T_Job_quit_normal_reason` WRITE;
/*!40000 ALTER TABLE `T_Job_quit_normal_reason` DISABLE KEYS */;
INSERT INTO `T_Job_quit_normal_reason` VALUES (1,'其他','2011-09-07 09:11:32','0000-00-00 00:00:00'),(2,'工作压力太大','2011-08-05 06:31:39','0000-00-00 00:00:00'),(3,'薪水太低','2011-09-07 09:13:04','0000-00-00 00:00:00');
/*!40000 ALTER TABLE `T_Job_quit_normal_reason` ENABLE KEYS */;
UNLOCK TABLES;

--
-- Table structure for table `T_Job_status`
--

DROP TABLE IF EXISTS `T_Job_status`;
/*!40101 SET @saved_cs_client     = @@character_set_client */;
/*!40101 SET character_set_client = utf8 */;
CREATE TABLE `T_Job_status` (
  `job_status_Id` int(11) NOT NULL AUTO_INCREMENT COMMENT '职位状态id',
  `job_status_name` varchar(20) NOT NULL COMMENT '职位状态名称(激活，关闭)',
  `time_updated` timestamp NOT NULL DEFAULT CURRENT_TIMESTAMP ON UPDATE CURRENT_TIMESTAMP,
  `time_created` timestamp NOT NULL DEFAULT '0000-00-00 00:00:00',
  PRIMARY KEY (`job_status_Id`)
) ENGINE=InnoDB AUTO_INCREMENT=3 DEFAULT CHARSET=utf8;
/*!40101 SET character_set_client = @saved_cs_client */;

--
-- Dumping data for table `T_Job_status`
--

LOCK TABLES `T_Job_status` WRITE;
/*!40000 ALTER TABLE `T_Job_status` DISABLE KEYS */;
INSERT INTO `T_Job_status` VALUES (1,'激活','2011-08-05 06:37:18','0000-00-00 00:00:00'),(2,'关闭','2011-08-05 06:37:26','0000-00-00 00:00:00');
/*!40000 ALTER TABLE `T_Job_status` ENABLE KEYS */;
UNLOCK TABLES;

--
-- Table structure for table `T_Job_type`
--

DROP TABLE IF EXISTS `T_Job_type`;
/*!40101 SET @saved_cs_client     = @@character_set_client */;
/*!40101 SET character_set_client = utf8 */;
CREATE TABLE `T_Job_type` (
  `job_type_Id` int(11) NOT NULL AUTO_INCREMENT COMMENT '职位类型id',
  `job_type_Des` varchar(200) NOT NULL COMMENT '职位类型',
  `time_updated` timestamp NOT NULL DEFAULT CURRENT_TIMESTAMP ON UPDATE CURRENT_TIMESTAMP,
  `time_created` timestamp NOT NULL DEFAULT '0000-00-00 00:00:00',
  PRIMARY KEY (`job_type_Id`)
) ENGINE=InnoDB AUTO_INCREMENT=11 DEFAULT CHARSET=utf8;
/*!40101 SET character_set_client = @saved_cs_client */;

--
-- Dumping data for table `T_Job_type`
--

LOCK TABLES `T_Job_type` WRITE;
/*!40000 ALTER TABLE `T_Job_type` DISABLE KEYS */;
INSERT INTO `T_Job_type` VALUES (1,'营业员/导购促销员','2011-08-04 01:45:34','2011-08-04 01:42:36'),(2,'收银员/核算员','2011-08-04 01:45:36','2011-08-04 01:42:36'),(3,'促销主管/助理经理','2011-08-04 01:45:38','2011-08-04 01:42:36'),(4,'店长/柜长/组长/领班/店经理','2011-08-04 01:45:39','2011-08-04 01:42:36'),(5,'督导/区域经理','2011-08-04 01:45:41','2011-08-04 01:42:36'),(6,'陈列/设计/买手','2011-08-04 01:45:42','2011-08-04 01:42:36'),(7,'美容顾问/美容师','2011-08-04 01:45:44','2011-08-04 01:42:36'),(8,'楼管/保安','2011-08-04 01:45:46','2011-08-04 01:42:36'),(9,'周末节假日兼职','2011-08-04 01:45:47','2011-08-04 01:42:36'),(10,'其他职位','2011-08-04 01:45:49','2011-08-04 01:42:36');
/*!40000 ALTER TABLE `T_Job_type` ENABLE KEYS */;
UNLOCK TABLES;

--
-- Table structure for table `T_Location_type`
--

DROP TABLE IF EXISTS `T_Location_type`;
/*!40101 SET @saved_cs_client     = @@character_set_client */;
/*!40101 SET character_set_client = utf8 */;
CREATE TABLE `T_Location_type` (
  `location_type_Id` int(11) NOT NULL AUTO_INCREMENT COMMENT '位置类型id',
  `location_type_Name` varchar(20) NOT NULL COMMENT '位置类型名称',
  `time_updated` timestamp NOT NULL DEFAULT CURRENT_TIMESTAMP ON UPDATE CURRENT_TIMESTAMP,
  `time_created` timestamp NOT NULL DEFAULT '0000-00-00 00:00:00',
  PRIMARY KEY (`location_type_Id`)
) ENGINE=InnoDB AUTO_INCREMENT=4 DEFAULT CHARSET=utf8;
/*!40101 SET character_set_client = @saved_cs_client */;

--
-- Dumping data for table `T_Location_type`
--

LOCK TABLES `T_Location_type` WRITE;
/*!40000 ALTER TABLE `T_Location_type` DISABLE KEYS */;
INSERT INTO `T_Location_type` VALUES (1,'省/直辖市','2011-08-08 06:27:33','0000-00-00 00:00:00'),(2,'城市','2011-08-08 06:27:40','0000-00-00 00:00:00'),(3,'区','2011-08-09 08:42:12','0000-00-00 00:00:00');
/*!40000 ALTER TABLE `T_Location_type` ENABLE KEYS */;
UNLOCK TABLES;

--
-- Table structure for table `T_Province`
--

DROP TABLE IF EXISTS `T_Province`;
/*!40101 SET @saved_cs_client     = @@character_set_client */;
/*!40101 SET character_set_client = utf8 */;
CREATE TABLE `T_Province` (
  `province_Id` int(11) NOT NULL AUTO_INCREMENT COMMENT '省id',
  `province_Name` varchar(10) NOT NULL COMMENT '省名称',
  `time_updated` timestamp NOT NULL DEFAULT CURRENT_TIMESTAMP ON UPDATE CURRENT_TIMESTAMP,
  `time_created` timestamp NOT NULL DEFAULT '0000-00-00 00:00:00',
  PRIMARY KEY (`province_Id`)
) ENGINE=InnoDB AUTO_INCREMENT=35 DEFAULT CHARSET=utf8;
/*!40101 SET character_set_client = @saved_cs_client */;

--
-- Dumping data for table `T_Province`
--

LOCK TABLES `T_Province` WRITE;
/*!40000 ALTER TABLE `T_Province` DISABLE KEYS */;
INSERT INTO `T_Province` VALUES (1,'北京','2011-08-03 10:35:49','2011-08-03 10:35:49'),(2,'天津','2011-08-03 10:35:49','2011-08-03 10:35:49'),(3,'河北','2011-08-03 10:35:49','2011-08-03 10:35:49'),(4,'山西','2011-08-03 10:35:49','2011-08-03 10:35:49'),(5,'内蒙古','2011-08-03 10:35:49','2011-08-03 10:35:49'),(6,'辽宁','2011-08-03 10:35:49','2011-08-03 10:35:49'),(7,'吉林','2011-08-03 10:35:49','2011-08-03 10:35:49'),(8,'黑龙江','2011-08-03 10:35:49','2011-08-03 10:35:49'),(9,'上海','2011-08-03 10:35:49','2011-08-03 10:35:49'),(10,'江苏','2011-08-03 10:35:49','2011-08-03 10:35:49'),(11,'浙江','2011-08-03 10:35:49','2011-08-03 10:35:49'),(12,'安徽','2011-08-03 10:35:49','2011-08-03 10:35:49'),(13,'福建','2011-08-03 10:35:49','2011-08-03 10:35:49'),(14,'江西','2011-08-03 10:35:49','2011-08-03 10:35:49'),(15,'山东','2011-08-03 10:35:49','2011-08-03 10:35:49'),(16,'河南','2011-08-03 10:35:49','2011-08-03 10:35:49'),(17,'湖北','2011-08-03 10:35:49','2011-08-03 10:35:49'),(18,'湖南','2011-08-03 10:35:49','2011-08-03 10:35:49'),(19,'广东','2011-08-03 10:35:49','2011-08-03 10:35:49'),(20,'广西','2011-08-03 10:35:49','2011-08-03 10:35:49'),(21,'海南','2011-08-03 10:35:49','2011-08-03 10:35:49'),(22,'重庆','2011-08-03 10:35:49','2011-08-03 10:35:49'),(23,'四川','2011-08-03 10:35:49','2011-08-03 10:35:49'),(24,'贵州','2011-08-03 10:35:49','2011-08-03 10:35:49'),(25,'云南','2011-08-03 10:35:49','2011-08-03 10:35:49'),(26,'西藏','2011-08-03 10:35:49','2011-08-03 10:35:49'),(27,'陕西','2011-08-03 10:35:49','2011-08-03 10:35:49'),(28,'甘肃','2011-08-03 10:35:49','2011-08-03 10:35:49'),(29,'青海','2011-08-03 10:35:49','2011-08-03 10:35:49'),(30,'宁夏','2011-08-03 10:35:49','2011-08-03 10:35:49'),(31,'新疆','2011-08-03 10:35:49','2011-08-03 10:35:49'),(32,'香港','2011-08-03 10:35:49','2011-08-03 10:35:49'),(33,'澳门','2011-08-03 10:35:49','2011-08-03 10:35:49'),(34,'台湾','2011-08-03 10:35:49','2011-08-03 10:35:49');
/*!40000 ALTER TABLE `T_Province` ENABLE KEYS */;
UNLOCK TABLES;

--
-- Table structure for table `T_Salary_type`
--

DROP TABLE IF EXISTS `T_Salary_type`;
/*!40101 SET @saved_cs_client     = @@character_set_client */;
/*!40101 SET character_set_client = utf8 */;
CREATE TABLE `T_Salary_type` (
  `salary_type_Id` int(11) NOT NULL AUTO_INCREMENT COMMENT '工资类型id',
  `salary_type_Name` varchar(20) NOT NULL COMMENT '工资类型(面议,固定数额,范围)',
  `time_updated` timestamp NOT NULL DEFAULT CURRENT_TIMESTAMP ON UPDATE CURRENT_TIMESTAMP,
  `time_created` timestamp NOT NULL DEFAULT '0000-00-00 00:00:00',
  PRIMARY KEY (`salary_type_Id`)
) ENGINE=InnoDB AUTO_INCREMENT=5 DEFAULT CHARSET=utf8;
/*!40101 SET character_set_client = @saved_cs_client */;

--
-- Dumping data for table `T_Salary_type`
--

LOCK TABLES `T_Salary_type` WRITE;
/*!40000 ALTER TABLE `T_Salary_type` DISABLE KEYS */;
INSERT INTO `T_Salary_type` VALUES (1,'固定数额','2011-08-05 06:40:26','0000-00-00 00:00:00'),(2,'范围','2011-08-05 06:40:32','0000-00-00 00:00:00'),(3,'面议','2011-08-05 06:40:36','0000-00-00 00:00:00'),(4,'和地区相关','2011-08-09 08:04:24','0000-00-00 00:00:00');
/*!40000 ALTER TABLE `T_Salary_type` ENABLE KEYS */;
UNLOCK TABLES;

--
-- Table structure for table `T_Sex`
--

DROP TABLE IF EXISTS `T_Sex`;
/*!40101 SET @saved_cs_client     = @@character_set_client */;
/*!40101 SET character_set_client = utf8 */;
CREATE TABLE `T_Sex` (
  `sex_Id` int(11) NOT NULL AUTO_INCREMENT COMMENT '性别Id',
  `sex_Name` varchar(4) NOT NULL COMMENT '性别',
  `time_updated` timestamp NOT NULL DEFAULT CURRENT_TIMESTAMP ON UPDATE CURRENT_TIMESTAMP,
  `time_created` timestamp NOT NULL DEFAULT '0000-00-00 00:00:00',
  PRIMARY KEY (`sex_Id`)
) ENGINE=InnoDB AUTO_INCREMENT=3 DEFAULT CHARSET=utf8;
/*!40101 SET character_set_client = @saved_cs_client */;

--
-- Dumping data for table `T_Sex`
--

LOCK TABLES `T_Sex` WRITE;
/*!40000 ALTER TABLE `T_Sex` DISABLE KEYS */;
INSERT INTO `T_Sex` VALUES (1,'男','2011-08-05 06:41:16','0000-00-00 00:00:00'),(2,'女','2011-08-05 06:41:21','0000-00-00 00:00:00');
/*!40000 ALTER TABLE `T_Sex` ENABLE KEYS */;
UNLOCK TABLES;

--
-- Table structure for table `T_Talent`
--

DROP TABLE IF EXISTS `T_Talent`;
/*!40101 SET @saved_cs_client     = @@character_set_client */;
/*!40101 SET character_set_client = utf8 */;
CREATE TABLE `T_Talent` (
  `talent_Id` varchar(11) NOT NULL COMMENT '人才id(使用手机号唯一标识)',
  `talent_Auth_status` tinyint(1) NOT NULL DEFAULT '0' COMMENT '手机认证状态',
  `talent_Id_card` varchar(18) DEFAULT NULL COMMENT '身份证号码',
  `talent_Name` varchar(10) DEFAULT NULL COMMENT '姓名',
  `talent_Height` int(11) DEFAULT NULL COMMENT '身高',
  `talent_Weight` int(11) DEFAULT NULL COMMENT '体重',
  `talent_Born_year` varchar(20) DEFAULT NULL COMMENT '出生年份',
  `talent_Sex_id` int(11) DEFAULT NULL COMMENT '性别',
  `talent_Mobile` varchar(11) DEFAULT NULL COMMENT '手机',
  `talent_Mail` varchar(50) DEFAULT NULL COMMENT '邮件',
  `talent_QQ` varchar(20) DEFAULT NULL COMMENT 'qq号',
  `talent_Hukou` varchar(200) DEFAULT NULL,
  `talent_Born_place` varchar(100) DEFAULT NULL COMMENT '出生地',
  `talent_Location_type_id` int(11) DEFAULT NULL COMMENT '区域类型id(省或直辖市,城市)',
  `talent_Live_id` int(11) DEFAULT NULL COMMENT '居住地id(由区域类型id指定基础表,找到居住地id)',
  `talent_Live_street` varchar(100) DEFAULT NULL COMMENT '居住地街道地址',
  `talent_Self_comment` varchar(500) DEFAULT NULL COMMENT '自我评价',
  `talent_Hobby` varchar(500) DEFAULT NULL COMMENT '兴趣',
  `talent_Feature` varchar(500) DEFAULT NULL COMMENT '个人特点',
  `talent_Video_url` varchar(255) DEFAULT NULL COMMENT '视频链接',
  `time_updated` timestamp NOT NULL DEFAULT CURRENT_TIMESTAMP ON UPDATE CURRENT_TIMESTAMP,
  `time_created` timestamp NOT NULL DEFAULT '0000-00-00 00:00:00',
  PRIMARY KEY (`talent_Id`)
) ENGINE=InnoDB DEFAULT CHARSET=utf8;
/*!40101 SET character_set_client = @saved_cs_client */;

--
-- Dumping data for table `T_Talent`
--

LOCK TABLES `T_Talent` WRITE;
/*!40000 ALTER TABLE `T_Talent` DISABLE KEYS */;
INSERT INTO `T_Talent` VALUES ('1',2,'310115198410115450','陈志刚',NULL,NULL,'1984-10-00',1,'14544334450','danieldu1018@gmail.com','9999999998','上海市宝山区','山东省招远市',3,2773,'上海市宝山区宝山一路55号','精明，开朗','读书','实际',NULL,'2011-09-08 13:06:32','2011-08-05 03:26:25'),('10',0,'310115198410132220','朱静',NULL,NULL,'1984-10-00',2,'14544334465','danieldu1018@gmail.com','9999999999','上海市黄浦区','浙江省杭州市',2,355,'汉口路79号','善交流 开朗','上网 旅游 美容','善解人意',NULL,'2011-08-10 06:39:07','2011-08-05 03:26:25'),('11',0,'31011519841011545x','杨洁',NULL,NULL,'1984-10-00',1,'14544334466','danieldu1018@gmail.com','9999999999','上海市宝山区','山东省招远市',2,355,'上海市宝山区宝山一路55号','精明，开朗','读书','实际',NULL,'2011-08-10 06:39:07','2011-08-05 03:26:25'),('12',0,'31011519871011756x','祝贺娇',NULL,NULL,'1987-10-00',2,'14544334467','danieldu1018@gmail.com','9999999999','北京市海淀区','北京市石景山区',2,355,'北京市海淀区长安街100号','适应力强 吃苦耐劳','唱歌，跳舞','耐力好',NULL,'2011-08-10 06:39:07','2011-08-05 03:26:25'),('13',0,'31011519850114544x','高娜',NULL,NULL,'1985-01-00',1,'14544334468','danieldu1018@gmail.com','9999999999','黑龙江省齐齐哈尔市','黑龙江省齐齐哈尔市',2,355,'黑龙江省齐齐哈尔市民力路566号','善交流 开朗','逛街 唱歌，跳舞','爱好美与艺术',NULL,'2011-08-10 06:39:07','2011-08-05 03:26:25'),('13000000000',0,NULL,NULL,NULL,NULL,NULL,NULL,NULL,NULL,NULL,NULL,NULL,NULL,NULL,NULL,NULL,NULL,NULL,NULL,'2011-09-08 13:20:43','2011-09-08 13:20:43'),('13000000001',0,NULL,NULL,NULL,NULL,NULL,NULL,NULL,NULL,NULL,NULL,NULL,NULL,NULL,NULL,NULL,NULL,NULL,NULL,'2011-09-08 13:21:49','2011-09-08 13:21:49'),('13000000002',0,NULL,NULL,NULL,NULL,NULL,NULL,NULL,NULL,NULL,NULL,NULL,NULL,NULL,NULL,NULL,NULL,NULL,NULL,'2011-09-08 13:42:16','2011-09-08 13:42:16'),('13000000003',0,NULL,NULL,NULL,NULL,NULL,NULL,NULL,NULL,NULL,NULL,NULL,NULL,NULL,NULL,NULL,NULL,NULL,NULL,'2011-09-08 14:10:28','2011-09-08 14:10:28'),('13000000004',0,NULL,NULL,NULL,NULL,NULL,NULL,NULL,NULL,NULL,NULL,NULL,NULL,NULL,NULL,NULL,NULL,NULL,NULL,'2011-09-08 14:30:03','2011-09-08 14:30:03'),('13000000005',0,NULL,NULL,NULL,NULL,NULL,NULL,'dd',NULL,NULL,NULL,NULL,NULL,NULL,NULL,NULL,NULL,NULL,NULL,'2011-09-08 15:22:40','2011-09-08 15:22:40'),('13000000006',0,NULL,NULL,123,123,NULL,NULL,'123',NULL,'123',NULL,NULL,NULL,NULL,NULL,NULL,NULL,NULL,NULL,'2011-09-08 16:19:26','2011-09-08 16:19:26'),('13000000007',0,NULL,NULL,123,123,NULL,NULL,'123',NULL,'123',NULL,NULL,NULL,NULL,NULL,NULL,NULL,NULL,NULL,'2011-09-08 16:22:02','2011-09-08 16:22:02'),('13000000008',0,NULL,NULL,888,88,NULL,NULL,'8',NULL,'8',NULL,NULL,NULL,NULL,NULL,NULL,NULL,NULL,NULL,'2011-09-09 04:59:50','2011-09-09 04:59:50'),('13000000009',0,NULL,NULL,NULL,NULL,NULL,NULL,NULL,NULL,NULL,NULL,NULL,NULL,NULL,NULL,NULL,NULL,NULL,NULL,'2011-09-09 08:32:54','2011-09-09 08:32:54'),('13000000010',0,NULL,NULL,NULL,NULL,NULL,NULL,NULL,NULL,NULL,NULL,NULL,NULL,NULL,NULL,NULL,NULL,NULL,NULL,'2011-09-10 16:15:09','2011-09-10 16:15:09'),('13000000011',0,NULL,NULL,111,111,NULL,NULL,'1',NULL,'1',NULL,NULL,NULL,NULL,NULL,NULL,NULL,NULL,NULL,'2011-09-11 10:07:19','2011-09-11 10:07:19'),('13000000012',0,NULL,NULL,NULL,NULL,NULL,NULL,NULL,NULL,NULL,NULL,NULL,NULL,NULL,NULL,NULL,NULL,NULL,NULL,'2011-09-13 06:38:11','2011-09-13 06:38:11'),('13000000013',0,NULL,NULL,NULL,NULL,NULL,NULL,NULL,NULL,NULL,NULL,NULL,NULL,NULL,NULL,NULL,NULL,NULL,NULL,'2011-09-13 07:00:40','2011-09-13 07:00:40'),('13000000014',0,NULL,NULL,NULL,NULL,NULL,NULL,NULL,NULL,NULL,NULL,NULL,NULL,NULL,NULL,NULL,NULL,NULL,NULL,'2011-09-15 00:41:14','2011-09-15 00:41:14'),('13000000015',0,NULL,NULL,NULL,NULL,NULL,NULL,NULL,NULL,NULL,NULL,NULL,NULL,NULL,NULL,NULL,NULL,NULL,NULL,'2011-09-15 00:49:58','2011-09-15 00:49:58'),('13000000016',0,NULL,NULL,NULL,NULL,NULL,NULL,NULL,NULL,NULL,NULL,NULL,NULL,NULL,NULL,NULL,NULL,NULL,NULL,'2011-09-15 01:11:02','2011-09-15 01:11:02'),('13816572001',0,NULL,NULL,NULL,NULL,NULL,NULL,NULL,NULL,NULL,NULL,NULL,NULL,NULL,NULL,NULL,NULL,NULL,NULL,'2011-09-09 16:00:29','2011-09-09 16:00:29'),('14',0,'31011519840325345x','徐艳',NULL,NULL,'1984-03-00',2,'14544334469','danieldu1018@gmail.com','9999999999','云南省昆明市','云南省昆明市',2,355,'上海市中山西路1000号','精明 诚实','运动 上网','充满感性',NULL,'2011-08-10 06:39:07','2011-08-05 03:26:25'),('15',0,'31011519870211563x','马洋洋',NULL,NULL,'1987-02-00',1,'14544334470','danieldu1018@gmail.com','9999999999','上海市浦东新区','上海市浦东新区',2,355,'上海市浦东大道400号','学习能力强 积极','旅游 ','善解人意',NULL,'2011-08-10 06:39:07','2011-08-05 03:26:25'),('16',0,'31011519850911555x','谢琴',NULL,NULL,'1985-09-00',2,'14544334471','danieldu1018@gmail.com','9999999999','上海市宝山区','江苏省苏州市',2,355,'宝山区友谊路1号','吃苦耐劳','旅游 ','喜欢小动物',NULL,'2011-08-10 06:39:07','2011-08-05 03:26:25'),('17',0,'31011519841011333x','窦理',NULL,NULL,'1984-10-00',1,'14544334472','danieldu1018@gmail.com','9999999999','上海市嘉定区','江苏省苏州市',2,355,'嘉定区环城路566号','吃苦耐劳','旅游 ','实际',NULL,'2011-08-10 06:39:07','2011-08-05 03:26:25'),('18',0,'31011519871130887x','沈黎娅',NULL,NULL,'1987-11-00',2,'14544334473','danieldu1018@gmail.com','9999999999','上海市嘉定区','江苏省苏州市',2,355,'嘉定区环城路566号','吃苦耐劳','读书','实际',NULL,'2011-08-10 06:39:07','2011-08-05 03:26:25'),('18602103868',0,NULL,NULL,NULL,NULL,NULL,NULL,NULL,NULL,NULL,NULL,NULL,NULL,NULL,NULL,NULL,NULL,NULL,NULL,'2011-09-09 16:21:29','2011-09-09 16:21:29'),('19',0,'31011519850116166x','陆笑颖',NULL,NULL,'1985-01-00',1,'14544334474','danieldu1018@gmail.com','9999999999','上海市奉贤区','浙江省杭州市',2,355,'川南奉公路3440号','诚实 适应力强','上网 旅游 美容','实际',NULL,'2011-08-10 06:39:07','2011-08-05 03:26:25'),('2',0,'310115198710113560','朱华',NULL,NULL,'1987-10-00',2,'14544334457','danieldu1018@gmail.com','9999999999','北京市海淀区','北京市石景山区',3,2773,'北京市海淀区长安街100号','适应力强 吃苦耐劳','唱歌，跳舞','耐力好',NULL,'2011-08-10 06:46:39','2011-08-05 03:26:25'),('20',0,'31011519841013222x','邱萍',NULL,NULL,'1984-10-00',2,'14544334475','danieldu1018@gmail.com','9999999999','上海市黄浦区','浙江省杭州市',2,355,'汉口路79号','善交流 开朗','上网 旅游 美容','善解人意',NULL,'2011-08-10 06:39:07','2011-08-05 03:26:25'),('21',0,'310115198410115452','谢薇',NULL,NULL,'1984-10-00',1,'14544334476','danieldu1018@gmail.com','9999999999','上海市宝山区','山东省招远市',2,355,'上海市宝山区宝山一路55号','精明，开朗','读书','实际',NULL,'2011-08-10 06:39:07','2011-08-05 03:26:25'),('22',0,'310115198710119566','杨琼',NULL,NULL,'1987-10-00',2,'14544334477','danieldu1018@gmail.com','9999999999','北京市海淀区','北京市石景山区',2,355,'北京市海淀区长安街100号','适应力强 吃苦耐劳','唱歌，跳舞','耐力好',NULL,'2011-08-10 06:39:07','2011-08-05 03:26:25'),('23',0,'310115198501145442','胡红',NULL,NULL,'1985-01-00',1,'14544334478','danieldu1018@gmail.com','9999999999','黑龙江省齐齐哈尔市','黑龙江省齐齐哈尔市',2,355,'黑龙江省齐齐哈尔市民力路566号','善交流 开朗','逛街 唱歌，跳舞','爱好美与艺术',NULL,'2011-08-10 06:39:07','2011-08-05 03:26:25'),('24',0,'310115198403253452','杨静哲',NULL,NULL,'1984-03-00',2,'14544334479','danieldu1018@gmail.com','9999999999','云南省昆明市','云南省昆明市',2,355,'上海市中山西路1000号','精明 诚实','运动 上网','充满感性',NULL,'2011-08-10 06:39:07','2011-08-05 03:26:25'),('25',0,'310115198702115634','徐洁',NULL,NULL,'1987-02-00',1,'14544334480','danieldu1018@gmail.com','9999999999','上海市浦东新区','上海市浦东新区',2,355,'上海市浦东大道400号','学习能力强 积极','旅游 ','善解人意',NULL,'2011-08-10 06:39:07','2011-08-05 03:26:25'),('26',0,'310115198509115552','包云飞',NULL,NULL,'1985-09-00',2,'14544334481','danieldu1018@gmail.com','9999999999','上海市宝山区','江苏省苏州市',2,355,'宝山区友谊路1号','吃苦耐劳','旅游 ','喜欢小动物',NULL,'2011-08-10 06:39:07','2011-08-05 03:26:25'),('27',0,'310115198410113332','张懿',NULL,NULL,'1984-10-00',1,'14544334482','danieldu1018@gmail.com','9999999999','上海市嘉定区','江苏省苏州市',2,355,'嘉定区环城路566号','吃苦耐劳','旅游 ','实际',NULL,'2011-08-10 06:39:07','2011-08-05 03:26:25'),('28',0,'310115198711308876','王远波',NULL,NULL,'1987-11-00',2,'14544334483','danieldu1018@gmail.com','9999999999','上海市嘉定区','江苏省苏州市',2,355,'嘉定区环城路566号','吃苦耐劳','读书','实际',NULL,'2011-08-10 06:39:07','2011-08-05 03:26:25'),('29',0,'310115198501161668','董仕',NULL,NULL,'1985-01-00',1,'14544334484','danieldu1018@gmail.com','9999999999','上海市奉贤区','浙江省杭州市',2,355,'川南奉公路3440号','诚实 适应力强','上网 旅游 美容','实际',NULL,'2011-08-10 06:39:07','2011-08-05 03:26:25'),('3',0,'310115198501145440','俞晴',NULL,NULL,'1985-01-00',1,'14544334458','danieldu1018@gmail.com','9999999999','黑龙江省齐齐哈尔市','黑龙江省齐齐哈尔市',2,355,'黑龙江省齐齐哈尔市民力路566号','','','',NULL,'2011-08-10 06:39:07','2011-08-05 03:26:25'),('30',0,'310115198410132221','楼航',NULL,NULL,'1984-10-00',2,'14544334485','danieldu1018@gmail.com','9999999999','上海市黄浦区','浙江省杭州市',2,355,'汉口路79号','善交流 开朗','上网 旅游 美容','善解人意',NULL,'2011-08-10 06:39:07','2011-08-05 03:26:25'),('31',0,'310115198410115453','左立平',NULL,NULL,'1984-10-00',1,'14544334486','danieldu1018@gmail.com','9999999999','上海市宝山区','山东省招远市',NULL,NULL,'上海市宝山区宝山一路55号','精明，开朗','读书','实际',NULL,'2011-08-05 03:26:25','2011-08-05 03:26:25'),('32',0,'310115198710115683','顾莉娜',NULL,NULL,'1987-10-00',2,'14544334487','danieldu1018@gmail.com','9999999999','北京市海淀区','北京市石景山区',2,1,'北京市海淀区长安街100号','适应力强 吃苦耐劳','唱歌，跳舞','耐力好',NULL,'2011-08-10 06:39:18','2011-08-05 03:26:25'),('33',0,'310115198501145443','王茜媛',NULL,NULL,'1985-01-00',1,'14544334488','danieldu1018@gmail.com','9999999999','黑龙江省齐齐哈尔市','黑龙江省齐齐哈尔市',2,1,'黑龙江省齐齐哈尔市民力路566号','善交流 开朗','逛街 唱歌，跳舞','爱好美与艺术',NULL,'2011-08-10 06:39:18','2011-08-05 03:26:25'),('34',0,'310115198403253453','彭黛蒙',NULL,NULL,'1984-03-00',2,'14544334489','danieldu1018@gmail.com','9999999999','云南省昆明市','云南省昆明市',2,1,'上海市中山西路1000号','精明 诚实','运动 上网','充满感性',NULL,'2011-08-10 06:39:18','2011-08-05 03:26:25'),('35',0,'310115198702115633','张燕',NULL,NULL,'1987-02-00',1,'14544334490','danieldu1018@gmail.com','9999999999','上海市浦东新区','上海市浦东新区',2,1,'上海市浦东大道400号','学习能力强 积极','旅游 ','善解人意',NULL,'2011-08-10 06:39:18','2011-08-05 03:26:25'),('36',0,'310115198509115653','蒋悦',NULL,NULL,'1985-09-00',2,'14544334491','danieldu1018@gmail.com','9999999999','上海市宝山区','江苏省苏州市',2,1,'宝山区友谊路1号','吃苦耐劳','旅游 ','喜欢小动物',NULL,'2011-08-10 06:39:18','2011-08-05 03:26:25'),('37',0,'310115198410113333','诸佳谊',NULL,NULL,'1984-10-00',1,'14544334492','danieldu1018@gmail.com','9999999999','上海市嘉定区','江苏省苏州市',2,1,'嘉定区环城路566号','吃苦耐劳','旅游 ','实际',NULL,'2011-08-10 06:39:18','2011-08-05 03:26:25'),('38',0,'310115198711308873','王磊元',NULL,NULL,'1987-11-00',2,'14544334493','danieldu1018@gmail.com','9999999999','上海市嘉定区','江苏省苏州市',2,1,'嘉定区环城路566号','吃苦耐劳','读书','实际',NULL,'2011-08-10 06:39:18','2011-08-05 03:26:25'),('39',0,'310115198501161663','朱丹',NULL,NULL,'1985-01-00',1,'14544334494','danieldu1018@gmail.com','9999999999','上海市奉贤区','浙江省杭州市',2,1,'川南奉公路3440号','诚实 适应力强','上网 旅游 美容','实际',NULL,'2011-08-10 06:39:18','2011-08-05 03:26:25'),('4',0,'310115198403253450','山红霞',NULL,NULL,'1984-03-00',2,'','danieldu1018@gmail.com','9999999999','云南省昆明市','云南省昆明市',2,355,'上海市中山西路1000号','精明 诚实','运动 上网','充满感性',NULL,'2011-08-10 06:39:07','2011-08-05 03:26:25'),('40',0,'310115198410132223','徐浩',NULL,NULL,'1984-10-00',2,'14544334495','danieldu1018@gmail.com','9999999999','上海市黄浦区','浙江省杭州市',2,1,'汉口路79号','善交流 开朗','上网 旅游 美容','善解人意',NULL,'2011-08-10 06:39:18','2011-08-05 03:26:25'),('41',0,'310115198410115457','沈强',NULL,NULL,'1984-10-00',1,'14544334496','danieldu1018@gmail.com','9999999999','上海市宝山区','山东省招远市',2,1,'上海市宝山区宝山一路55号','精明，开朗','读书','实际',NULL,'2011-08-10 06:39:18','2011-08-05 03:26:25'),('42',0,'310115198710111567','李琳',NULL,NULL,'1987-10-00',2,'14544334497','danieldu1018@gmail.com','9999999999','北京市海淀区','北京市石景山区',2,1,'北京市海淀区长安街100号','适应力强 吃苦耐劳','唱歌，跳舞','耐力好',NULL,'2011-08-10 06:39:18','2011-08-05 03:26:25'),('43',0,'310115198501145447','黄薇薇',NULL,NULL,'1985-01-00',1,'14544334498','danieldu1018@gmail.com','9999999999','黑龙江省齐齐哈尔市','黑龙江省齐齐哈尔市',2,1,'黑龙江省齐齐哈尔市民力路566号','善交流 开朗','逛街 唱歌，跳舞','爱好美与艺术',NULL,'2011-08-10 06:39:18','2011-08-05 03:26:25'),('44',0,'310115198403253457','杜萌',NULL,NULL,'1984-03-00',2,'14544334499','danieldu1018@gmail.com','9999999999','云南省昆明市','云南省昆明市',2,1,'上海市中山西路1000号','精明 诚实','运动 上网','充满感性',NULL,'2011-08-10 06:39:18','2011-08-05 03:26:25'),('45',0,'310115198702115637','杨蒨',NULL,NULL,'1987-02-00',1,'14544334500','danieldu1018@gmail.com','9999999999','上海市浦东新区','上海市浦东新区',2,1,'上海市浦东大道400号','学习能力强 积极','旅游 ','善解人意',NULL,'2011-08-10 06:39:18','2011-08-05 03:26:25'),('46',0,'310115198509115557','王颖',NULL,NULL,'1985-09-00',2,'14544334501','danieldu1018@gmail.com','9999999999','上海市宝山区','江苏省苏州市',2,1,'宝山区友谊路1号','吃苦耐劳','旅游 ','喜欢小动物',NULL,'2011-08-10 06:39:18','2011-08-05 03:26:25'),('47',0,'310115198410113337','张美瑾',NULL,NULL,'1984-10-00',1,'14544334502','danieldu1018@gmail.com','9999999999','上海市嘉定区','江苏省苏州市',2,1,'嘉定区环城路566号','吃苦耐劳','旅游 ','实际',NULL,'2011-08-10 06:39:18','2011-08-05 03:26:25'),('48',0,'310115198711308877','何洁琼',NULL,NULL,'1987-11-00',2,'14544334503','danieldu1018@gmail.com','9999999999','上海市嘉定区','江苏省苏州市',2,1,'嘉定区环城路566号','吃苦耐劳','读书','实际',NULL,'2011-08-10 06:39:18','2011-08-05 03:26:25'),('49',0,'310115198501161667','姚涓涓',NULL,NULL,'1985-01-00',1,'14544334504','danieldu1018@gmail.com','9999999999','上海市奉贤区','浙江省杭州市',2,1,'川南奉公路3440号','诚实 适应力强','上网 旅游 美容','实际',NULL,'2011-08-10 06:39:18','2011-08-05 03:26:25'),('5',0,'310115198702115630','李翀',NULL,NULL,'1987-02-00',1,'14544334460','danieldu1018@gmail.com','9999999999','上海市浦东新区','上海市浦东新区',2,355,'上海市浦东大道400号','学习能力强 积极','旅游 ','善解人意',NULL,'2011-08-10 06:39:07','2011-08-05 03:26:25'),('50',0,'310115198410132227','姚蓓蓓',NULL,NULL,'1984-10-00',2,'14544334505','danieldu1018@gmail.com','9999999999','上海市黄浦区','浙江省杭州市',2,1,'汉口路79号','善交流 开朗','上网 旅游 美容','善解人意',NULL,'2011-08-10 06:39:18','2011-08-05 03:26:25'),('51',0,'310115198410115459','姜伟伟',NULL,NULL,'1984-10-00',1,'14544334506','danieldu1018@gmail.com','9999999999','上海市宝山区','山东省招远市',2,1,'上海市宝山区宝山一路55号','精明，开朗','读书','实际',NULL,'2011-08-10 06:39:18','2011-08-05 03:26:25'),('52',0,'310115198710115669','胡怡',NULL,NULL,'1987-10-00',2,'14544334507','danieldu1018@gmail.com','9999999999','北京市海淀区','北京市石景山区',2,1,'北京市海淀区长安街100号','适应力强 吃苦耐劳','唱歌，跳舞','耐力好',NULL,'2011-08-10 06:39:18','2011-08-05 03:26:25'),('53',0,'310115198501145449','杜沛沛',NULL,NULL,'1985-01-00',1,'14544334508','danieldu1018@gmail.com','9999999999','黑龙江省齐齐哈尔市','黑龙江省齐齐哈尔市',2,1,'黑龙江省齐齐哈尔市民力路566号','善交流 开朗','逛街 唱歌，跳舞','爱好美与艺术',NULL,'2011-08-10 06:39:18','2011-08-05 03:26:25'),('54',0,'310115198403253459','陈黎昀',NULL,NULL,'1984-03-00',2,'14544334509','danieldu1018@gmail.com','9999999999','云南省昆明市','云南省昆明市',2,1,'上海市中山西路1000号','精明 诚实','运动 上网','充满感性',NULL,'2011-08-10 06:39:18','2011-08-05 03:26:25'),('55',0,'310115198702115639','陈逸菲',NULL,NULL,'1987-02-00',1,'14544334510','danieldu1018@gmail.com','9999999999','上海市浦东新区','上海市浦东新区',2,1,'上海市浦东大道400号','学习能力强 积极','旅游 ','善解人意',NULL,'2011-08-10 06:39:18','2011-08-05 03:26:25'),('56',0,'310115198509115559','段秋雨',NULL,NULL,'1985-09-00',2,'14544334511','danieldu1018@gmail.com','9999999999','上海市宝山区','江苏省苏州市',2,1,'宝山区友谊路1号','吃苦耐劳','旅游 ','喜欢小动物',NULL,'2011-08-10 06:39:18','2011-08-05 03:26:25'),('57',0,'310115198410113339','王君',NULL,NULL,'1984-10-00',1,'14544334512','danieldu1018@gmail.com','9999999999','上海市嘉定区','江苏省苏州市',2,1,'嘉定区环城路566号','吃苦耐劳','旅游 ','实际',NULL,'2011-08-10 06:39:18','2011-08-05 03:26:25'),('58',0,'310115198711308879','朱彦',NULL,NULL,'1987-11-00',2,'14544334513','danieldu1018@gmail.com','9999999999','上海市嘉定区','江苏省苏州市',2,1,'嘉定区环城路566号','吃苦耐劳','读书','实际',NULL,'2011-08-10 06:39:18','2011-08-05 03:26:25'),('59',0,'310115198501161669','徐津闻',NULL,NULL,'1985-01-00',1,'14544334514','danieldu1018@gmail.com','9999999999','上海市奉贤区','浙江省杭州市',2,1,'川南奉公路3440号','诚实 适应力强','上网 旅游 美容','实际',NULL,'2011-08-10 06:39:18','2011-08-05 03:26:25'),('6',0,'310115198509115650','沈玲',NULL,NULL,'1985-09-00',2,'14544334461','danieldu1018@gmail.com','9999999999','上海市宝山区','江苏省苏州市',2,355,'宝山区友谊路1号','吃苦耐劳','旅游 ','喜欢小动物',NULL,'2011-08-10 06:39:07','2011-08-05 03:26:25'),('60',0,'310115198410132229','陈佩艺',NULL,NULL,'1984-10-00',2,'14544334515','danieldu1018@gmail.com','9999999999','上海市黄浦区','浙江省杭州市',2,1,'汉口路79号','善交流 开朗','上网 旅游 美容','善解人意',NULL,'2011-08-10 06:39:18','2011-08-05 03:26:25'),('61',0,'310115198410132224','陈媛',NULL,NULL,'1984-10-00',2,'14544334516','danieldu1018@gmail.com','9999999999','上海市黄浦区','浙江省杭州市',2,1,'汉口路79号','善交流 开朗','上网 旅游 美容','善解人意',NULL,'2011-08-10 06:39:18','2011-08-05 03:26:25'),('64',0,NULL,NULL,NULL,NULL,NULL,NULL,NULL,NULL,NULL,NULL,NULL,NULL,NULL,NULL,NULL,NULL,NULL,NULL,'2011-09-06 11:11:39','2011-09-06 11:11:39'),('65',0,NULL,NULL,NULL,NULL,NULL,NULL,NULL,NULL,'pp1',NULL,NULL,NULL,NULL,NULL,NULL,NULL,NULL,NULL,'2011-09-06 11:12:24','2011-09-06 11:12:24'),('66',0,NULL,NULL,NULL,NULL,NULL,NULL,'88888888889',NULL,'pp3',NULL,NULL,NULL,NULL,NULL,NULL,NULL,NULL,NULL,'2011-09-06 11:19:57','2011-09-06 11:18:51'),('68',0,NULL,NULL,NULL,NULL,NULL,NULL,NULL,NULL,'pp5',NULL,NULL,NULL,NULL,NULL,NULL,NULL,NULL,NULL,'2011-09-06 11:24:48','0000-00-00 00:00:00'),('69',0,NULL,NULL,NULL,NULL,NULL,NULL,NULL,NULL,NULL,NULL,NULL,NULL,NULL,NULL,NULL,NULL,NULL,NULL,'2011-09-06 13:23:30','2011-09-06 13:23:30'),('7',0,'310115198410113330','朱瑾',NULL,NULL,'1984-10-00',1,'14544334462','danieldu1018@gmail.com','9999999999','上海市嘉定区','江苏省苏州市',2,355,'嘉定区环城路566号','吃苦耐劳','旅游 ','实际',NULL,'2011-08-10 06:39:07','2011-08-05 03:26:25'),('70',0,NULL,NULL,NULL,NULL,NULL,NULL,'13800000000',NULL,NULL,NULL,NULL,NULL,NULL,NULL,NULL,NULL,NULL,NULL,'2011-09-06 13:26:09','2011-09-06 13:26:09'),('71',0,NULL,NULL,NULL,NULL,NULL,NULL,NULL,NULL,NULL,NULL,NULL,NULL,NULL,NULL,NULL,NULL,NULL,NULL,'2011-09-06 13:33:55','2011-09-06 13:33:55'),('72',0,NULL,NULL,NULL,NULL,NULL,NULL,'13811111111',NULL,NULL,NULL,NULL,NULL,NULL,NULL,NULL,NULL,NULL,NULL,'2011-09-06 14:01:50','2011-09-06 14:01:50'),('73',0,NULL,NULL,NULL,NULL,NULL,NULL,'11111111111',NULL,'1',NULL,NULL,NULL,NULL,NULL,NULL,NULL,NULL,NULL,'2011-09-06 23:18:21','2011-09-06 23:18:21'),('74',0,NULL,NULL,NULL,NULL,NULL,NULL,'123',NULL,NULL,NULL,NULL,NULL,NULL,NULL,NULL,NULL,NULL,NULL,'2011-09-07 01:00:36','2011-09-07 01:00:36'),('75',0,NULL,NULL,NULL,NULL,NULL,NULL,'123',NULL,NULL,NULL,NULL,NULL,NULL,NULL,NULL,NULL,NULL,NULL,'2011-09-07 01:01:31','2011-09-07 01:01:31'),('77',0,NULL,NULL,NULL,NULL,NULL,NULL,'ABCPENN',NULL,'OOO',NULL,NULL,NULL,NULL,NULL,NULL,NULL,NULL,NULL,'2011-09-07 01:33:09','2011-09-07 01:33:09'),('78',0,NULL,NULL,NULL,NULL,NULL,NULL,NULL,NULL,NULL,NULL,NULL,NULL,NULL,NULL,NULL,NULL,NULL,NULL,'2011-09-07 01:51:29','2011-09-07 01:51:29'),('79',0,NULL,NULL,NULL,NULL,NULL,NULL,NULL,NULL,NULL,NULL,NULL,NULL,NULL,NULL,NULL,NULL,NULL,NULL,'2011-09-07 01:51:42','2011-09-07 01:51:42'),('8',0,'310115198711308870','邵颖',NULL,NULL,'1987-11-00',2,'14544334463','danieldu1018@gmail.com','9999999999','上海市嘉定区','江苏省苏州市',2,355,'嘉定区环城路566号','吃苦耐劳','读书','实际',NULL,'2011-08-10 06:39:07','2011-08-05 03:26:25'),('80',0,NULL,NULL,NULL,NULL,NULL,NULL,NULL,NULL,NULL,NULL,NULL,NULL,NULL,NULL,NULL,NULL,NULL,NULL,'2011-09-07 01:52:24','2011-09-07 01:52:24'),('82',0,NULL,NULL,NULL,NULL,NULL,NULL,NULL,NULL,NULL,NULL,NULL,NULL,NULL,NULL,NULL,NULL,NULL,NULL,'2011-09-07 02:12:06','2011-09-07 02:12:06'),('84',0,NULL,NULL,NULL,NULL,NULL,NULL,NULL,NULL,NULL,NULL,NULL,NULL,NULL,NULL,NULL,NULL,NULL,NULL,'2011-09-07 02:12:21','2011-09-07 02:12:21'),('85',0,NULL,NULL,NULL,NULL,NULL,NULL,'13100000011',NULL,NULL,NULL,NULL,NULL,NULL,NULL,NULL,NULL,NULL,NULL,'2011-09-07 02:27:25','2011-09-07 02:27:25'),('86',0,NULL,NULL,NULL,NULL,NULL,NULL,'13100000012',NULL,NULL,NULL,NULL,NULL,NULL,NULL,NULL,NULL,NULL,NULL,'2011-09-07 02:29:58','2011-09-07 02:29:58'),('87',0,NULL,NULL,NULL,NULL,NULL,NULL,NULL,NULL,'123',NULL,NULL,NULL,NULL,NULL,NULL,NULL,NULL,NULL,'2011-09-07 02:31:22','2011-09-07 02:31:22'),('88',0,NULL,NULL,NULL,NULL,NULL,NULL,NULL,NULL,'1234',NULL,NULL,NULL,NULL,NULL,NULL,NULL,NULL,NULL,'2011-09-07 02:31:57','2011-09-07 02:31:57'),('89',0,NULL,NULL,NULL,NULL,NULL,NULL,'12345678901',NULL,'12345',NULL,NULL,NULL,NULL,NULL,NULL,NULL,NULL,NULL,'2011-09-07 02:32:26','2011-09-07 02:32:26'),('9',0,'310115198501161660','刘巍',NULL,NULL,'1985-01-00',1,'14544334464','danieldu1018@gmail.com','9999999999','上海市奉贤区','浙江省杭州市',2,355,'川南奉公路3440号','诚实 适应力强','上网 旅游 美容','实际',NULL,'2011-08-10 06:39:07','2011-08-05 03:26:25'),('90',0,NULL,NULL,NULL,NULL,NULL,NULL,'22222222222',NULL,'2',NULL,NULL,NULL,NULL,NULL,NULL,NULL,NULL,NULL,'2011-09-07 02:34:24','2011-09-07 02:34:24'),('91',0,NULL,NULL,NULL,NULL,NULL,NULL,'22222222223',NULL,'23',NULL,NULL,NULL,NULL,NULL,NULL,NULL,NULL,NULL,'2011-09-07 02:54:10','2011-09-07 02:54:10'),('92',0,NULL,NULL,NULL,NULL,NULL,NULL,'12345678900',NULL,NULL,NULL,NULL,NULL,NULL,NULL,NULL,NULL,NULL,NULL,'2011-09-07 08:09:56','2011-09-07 08:09:56'),('93',0,NULL,NULL,NULL,NULL,NULL,NULL,'11133333333',NULL,'123456',NULL,NULL,NULL,NULL,NULL,NULL,NULL,NULL,NULL,'2011-09-07 08:15:13','2011-09-07 08:15:13'),('94',0,NULL,NULL,NULL,NULL,NULL,NULL,'14300000000',NULL,'6',NULL,NULL,NULL,NULL,NULL,NULL,NULL,NULL,NULL,'2011-09-08 02:55:07','2011-09-08 02:55:07'),('95',0,NULL,NULL,NULL,NULL,NULL,NULL,NULL,NULL,'8',NULL,NULL,NULL,NULL,NULL,NULL,NULL,NULL,NULL,'2011-09-08 03:10:36','2011-09-08 03:10:36'),('96',0,NULL,NULL,NULL,NULL,NULL,NULL,NULL,NULL,'9',NULL,NULL,NULL,NULL,NULL,NULL,NULL,NULL,NULL,'2011-09-08 03:11:46','2011-09-08 03:11:46'),('97',0,NULL,NULL,NULL,NULL,NULL,NULL,NULL,NULL,'3',NULL,NULL,NULL,NULL,NULL,NULL,NULL,NULL,NULL,'2011-09-08 03:12:13','2011-09-08 03:12:13'),('98',0,NULL,NULL,NULL,NULL,NULL,NULL,NULL,NULL,'123pp',NULL,NULL,NULL,NULL,NULL,NULL,NULL,NULL,NULL,'2011-09-08 04:29:40','2011-09-08 04:29:40');
/*!40000 ALTER TABLE `T_Talent` ENABLE KEYS */;
UNLOCK TABLES;

--
-- Table structure for table `T_Talent_Edu`
--

DROP TABLE IF EXISTS `T_Talent_Edu`;
/*!40101 SET @saved_cs_client     = @@character_set_client */;
/*!40101 SET character_set_client = utf8 */;
CREATE TABLE `T_Talent_Edu` (
  `talent_edu_Talent_id` varchar(11) NOT NULL COMMENT '人才id',
  `talent_edu_School` varchar(100) NOT NULL DEFAULT '' COMMENT '毕业院校',
  `talent_edu_Major` varchar(100) NOT NULL DEFAULT '' COMMENT '专业',
  `talent_edu_Degree_id` int(11) NOT NULL DEFAULT '0' COMMENT '学历程度id',
  `talent_edu_Start_date` date NOT NULL COMMENT '开始日期',
  `talent_edu_End_date` date NOT NULL COMMENT '结束日期',
  `time_updated` timestamp NOT NULL DEFAULT CURRENT_TIMESTAMP ON UPDATE CURRENT_TIMESTAMP,
  `time_created` timestamp NOT NULL DEFAULT '0000-00-00 00:00:00',
  PRIMARY KEY (`talent_edu_Talent_id`,`talent_edu_School`,`talent_edu_Major`,`talent_edu_Degree_id`)
) ENGINE=InnoDB DEFAULT CHARSET=utf8;
/*!40101 SET character_set_client = @saved_cs_client */;

--
-- Dumping data for table `T_Talent_Edu`
--

LOCK TABLES `T_Talent_Edu` WRITE;
/*!40000 ALTER TABLE `T_Talent_Edu` DISABLE KEYS */;
INSERT INTO `T_Talent_Edu` VALUES ('1','上海市南湖职校','',4,'2001-09-00','2004-06-00','2011-08-05 05:20:34','2011-08-05 05:20:34'),('10','杭州美容技术学校','',8,'2000-09-00','2005-06-00','2011-08-05 05:20:34','2011-08-05 05:20:34'),('11','上海市南湖职校','',4,'2001-09-00','2004-06-00','2011-08-05 05:20:34','2011-08-05 05:20:34'),('12','北京航空大学','',8,'2000-09-00','2005-06-00','2011-08-05 05:20:34','2011-08-05 05:20:34'),('13','黑龙江农业大学','',8,'2000-09-00','2005-06-00','2011-08-05 05:20:34','2011-08-05 05:20:34'),('14','上海应用科学技术大学','',8,'2001-09-00','2004-06-00','2011-08-05 05:20:34','2011-08-05 05:20:34'),('15','上海建桥学院','',8,'2001-09-00','2004-06-00','2011-08-05 05:20:34','2011-08-05 05:20:34'),('16','上海民办侨光大学','',8,'2000-09-00','2005-06-00','2011-08-05 05:20:34','2011-08-05 05:20:34'),('17','苏州大学','',8,'2000-09-00','2005-06-00','2011-08-05 05:20:34','2011-08-05 05:20:34'),('18','苏州大学','',8,'2001-09-00','2004-06-00','2011-08-05 05:20:34','2011-08-05 05:20:34'),('19','杭州美容技术学校','',8,'2001-09-00','2004-06-00','2011-08-05 05:20:34','2011-08-05 05:20:34'),('2','','',0,'0000-00-00','0000-00-00','2011-08-05 05:20:34','2011-08-05 05:20:34'),('20','杭州美容技术学校','',8,'2000-09-00','2005-06-00','2011-08-05 05:20:34','2011-08-05 05:20:34'),('21','上海市南湖职校','',4,'2001-09-00','2004-06-00','2011-08-05 05:20:34','2011-08-05 05:20:34'),('22','北京航空大学','',8,'2000-09-00','2005-06-00','2011-08-05 05:20:34','2011-08-05 05:20:34'),('23','黑龙江农业大学','',8,'2000-09-00','2005-06-00','2011-08-05 05:20:34','2011-08-05 05:20:34'),('24','上海应用科学技术大学','',8,'2001-09-00','2004-06-00','2011-08-05 05:20:34','2011-08-05 05:20:34'),('25','上海建桥学院','',8,'2001-09-00','2004-06-00','2011-08-05 05:20:34','2011-08-05 05:20:34'),('26','上海民办侨光大学','',8,'2000-09-00','2005-06-00','2011-08-05 05:20:34','2011-08-05 05:20:34'),('27','苏州大学','',8,'2000-09-00','2005-06-00','2011-08-05 05:20:34','2011-08-05 05:20:34'),('28','苏州大学','',8,'2001-09-00','2004-06-00','2011-08-05 05:20:34','2011-08-05 05:20:34'),('29','杭州美容技术学校','',8,'2001-09-00','2004-06-00','2011-08-05 05:20:34','2011-08-05 05:20:34'),('3','黑龙江农业大学','',8,'2000-09-00','2005-06-00','2011-08-05 05:20:34','2011-08-05 05:20:34'),('30','杭州美容技术学校','',8,'2000-09-00','2005-06-00','2011-08-05 05:20:34','2011-08-05 05:20:34'),('31','上海市南湖职校','',4,'2001-09-00','2004-06-00','2011-08-05 05:20:34','2011-08-05 05:20:34'),('32','北京航空大学','',8,'2000-09-00','2005-06-00','2011-08-05 05:20:34','2011-08-05 05:20:34'),('33','黑龙江农业大学','',8,'2000-09-00','2005-06-00','2011-08-05 05:20:34','2011-08-05 05:20:34'),('34','上海应用科学技术大学','',8,'2001-09-00','2004-06-00','2011-08-05 05:20:34','2011-08-05 05:20:34'),('35','上海建桥学院','',8,'2001-09-00','2004-06-00','2011-08-05 05:20:34','2011-08-05 05:20:34'),('36','上海民办侨光大学','',8,'2000-09-00','2005-06-00','2011-08-05 05:20:34','2011-08-05 05:20:34'),('37','苏州大学','',8,'2000-09-00','2005-06-00','2011-08-05 05:20:34','2011-08-05 05:20:34'),('38','苏州大学','',8,'2001-09-00','2004-06-00','2011-08-05 05:20:34','2011-08-05 05:20:34'),('39','杭州美容技术学校','',8,'2001-09-00','2004-06-00','2011-08-05 05:20:34','2011-08-05 05:20:34'),('4','上海应用科学技术大学','',8,'2001-09-00','2004-06-00','2011-08-05 05:20:34','2011-08-05 05:20:34'),('40','杭州美容技术学校','',8,'2000-09-00','2005-06-00','2011-08-05 05:20:34','2011-08-05 05:20:34'),('41','上海市南湖职校','',4,'2001-09-00','2004-06-00','2011-08-05 05:20:34','2011-08-05 05:20:34'),('42','北京航空大学','',8,'2000-09-00','2005-06-00','2011-08-05 05:20:34','2011-08-05 05:20:34'),('43','黑龙江农业大学','',8,'2000-09-00','2005-06-00','2011-08-05 05:20:34','2011-08-05 05:20:34'),('44','上海应用科学技术大学','',8,'2001-09-00','2004-06-00','2011-08-05 05:20:34','2011-08-05 05:20:34'),('45','上海建桥学院','',8,'2001-09-00','2004-06-00','2011-08-05 05:20:34','2011-08-05 05:20:34'),('46','上海民办侨光大学','',8,'2000-09-00','2005-06-00','2011-08-05 05:20:34','2011-08-05 05:20:34'),('47','苏州大学','',8,'2000-09-00','2005-06-00','2011-08-05 05:20:34','2011-08-05 05:20:34'),('48','苏州大学','',8,'2001-09-00','2004-06-00','2011-08-05 05:20:34','2011-08-05 05:20:34'),('49','杭州美容技术学校','',8,'2001-09-00','2004-06-00','2011-08-05 05:20:34','2011-08-05 05:20:34'),('5','上海建桥学院','',8,'2001-09-00','2004-06-00','2011-08-05 05:20:34','2011-08-05 05:20:34'),('50','杭州美容技术学校','',8,'2000-09-00','2005-06-00','2011-08-05 05:20:34','2011-08-05 05:20:34'),('51','上海市南湖职校','',4,'2001-09-00','2004-06-00','2011-08-05 05:20:34','2011-08-05 05:20:34'),('52','北京航空大学','',8,'2000-09-00','2005-06-00','2011-08-05 05:20:34','2011-08-05 05:20:34'),('53','黑龙江农业大学','',8,'2000-09-00','2005-06-00','2011-08-05 05:20:34','2011-08-05 05:20:34'),('54','上海应用科学技术大学','',8,'2001-09-00','2004-06-00','2011-08-05 05:20:34','2011-08-05 05:20:34'),('55','上海建桥学院','',8,'2001-09-00','2004-06-00','2011-08-05 05:20:34','2011-08-05 05:20:34'),('56','上海民办侨光大学','',8,'2000-09-00','2005-06-00','2011-08-05 05:20:34','2011-08-05 05:20:34'),('57','苏州大学','',8,'2000-09-00','2005-06-00','2011-08-05 05:20:34','2011-08-05 05:20:34'),('58','苏州大学','',8,'2001-09-00','2004-06-00','2011-08-05 05:20:34','2011-08-05 05:20:34'),('59','杭州美容技术学校','',8,'2001-09-00','2004-06-00','2011-08-05 05:20:34','2011-08-05 05:20:34'),('6','上海民办侨光大学','',8,'2000-09-00','2005-06-00','2011-08-05 05:20:34','2011-08-05 05:20:34'),('60','杭州美容技术学校','',8,'2000-09-00','2005-06-00','2011-08-05 05:20:34','2011-08-05 05:20:34'),('61','杭州美容技术学校','',8,'2000-09-00','2005-06-00','2011-08-05 05:20:34','2011-08-05 05:20:34'),('7','苏州大学','',8,'2000-09-00','2005-06-00','2011-08-05 05:20:34','2011-08-05 05:20:34'),('8','苏州大学','',8,'2001-09-00','2004-06-00','2011-08-05 05:20:34','2011-08-05 05:20:34'),('9','杭州美容技术学校','',8,'2001-09-00','2004-06-00','2011-08-05 05:20:34','2011-08-05 05:20:34');
/*!40000 ALTER TABLE `T_Talent_Edu` ENABLE KEYS */;
UNLOCK TABLES;

--
-- Table structure for table `T_Talent_File`
--

DROP TABLE IF EXISTS `T_Talent_File`;
/*!40101 SET @saved_cs_client     = @@character_set_client */;
/*!40101 SET character_set_client = utf8 */;
CREATE TABLE `T_Talent_File` (
  `hunter_talent_file_Talent_Id` varchar(11) NOT NULL COMMENT '人才id',
  `hunter_talent_file_File_Id` int(11) NOT NULL DEFAULT '0' COMMENT '人才文件id',
  `time_updated` timestamp NOT NULL DEFAULT CURRENT_TIMESTAMP ON UPDATE CURRENT_TIMESTAMP,
  `time_created` timestamp NOT NULL DEFAULT '0000-00-00 00:00:00',
  PRIMARY KEY (`hunter_talent_file_Talent_Id`,`hunter_talent_file_File_Id`)
) ENGINE=InnoDB DEFAULT CHARSET=utf8;
/*!40101 SET character_set_client = @saved_cs_client */;

--
-- Dumping data for table `T_Talent_File`
--

LOCK TABLES `T_Talent_File` WRITE;
/*!40000 ALTER TABLE `T_Talent_File` DISABLE KEYS */;
/*!40000 ALTER TABLE `T_Talent_File` ENABLE KEYS */;
UNLOCK TABLES;

--
-- Table structure for table `T_Talent_Work_experience`
--

DROP TABLE IF EXISTS `T_Talent_Work_experience`;
/*!40101 SET @saved_cs_client     = @@character_set_client */;
/*!40101 SET character_set_client = utf8 */;
CREATE TABLE `T_Talent_Work_experience` (
  `talent_work_experience_Talent_id` varchar(11) NOT NULL COMMENT '人才id',
  `talent_work_experience_Company` varchar(100) NOT NULL DEFAULT '' COMMENT '公司名称',
  `talent_work_experience_Start_date` date NOT NULL COMMENT '开始日期',
  `talent_work_experience_End_date` date DEFAULT NULL COMMENT '结束日期',
  `talent_work_experience_Position` varchar(100) NOT NULL COMMENT '职位',
  `talent_work_experience_Salary` int(11) NOT NULL COMMENT '最后工资',
  `talent_work_experience_Job_quit_reason_type` int(11) NOT NULL COMMENT '离职类型',
  `talent_work_experience_Job_quit_reason_Des` varchar(200) DEFAULT NULL COMMENT '离职原因(根据离职原因类型id来确定如何填写,如为“常规”则填写常规离职原因id,如为“其他”则填写离职原因描述字符串)',
  `time_updated` timestamp NOT NULL DEFAULT CURRENT_TIMESTAMP ON UPDATE CURRENT_TIMESTAMP,
  `time_created` timestamp NOT NULL DEFAULT '0000-00-00 00:00:00',
  PRIMARY KEY (`talent_work_experience_Talent_id`,`talent_work_experience_Company`,`talent_work_experience_Position`,`talent_work_experience_Start_date`)
) ENGINE=InnoDB DEFAULT CHARSET=utf8;
/*!40101 SET character_set_client = @saved_cs_client */;

--
-- Dumping data for table `T_Talent_Work_experience`
--

LOCK TABLES `T_Talent_Work_experience` WRITE;
/*!40000 ALTER TABLE `T_Talent_Work_experience` DISABLE KEYS */;
INSERT INTO `T_Talent_Work_experience` VALUES ('10','欧莱雅','2005-10-00','2010-02-00','柜员',2000,1,'换个行业','2011-09-07 09:14:23','0000-00-00 00:00:00'),('11','DHC','2005-01-00','2010-11-00','柜员',3000,1,'寻求发展','2011-09-07 09:14:23','0000-00-00 00:00:00'),('12','索尼','2005-02-00','2010-10-00','导购',4000,1,'个人原因','2011-09-07 09:14:23','0000-00-00 00:00:00'),('13','索尼','2005-03-00','2010-09-00','导购',2000,1,'寻求发展','2011-09-07 09:14:23','0000-00-00 00:00:00'),('14','欧莱雅','2005-04-00','2010-08-00','柜员',2000,1,'家庭原因','2011-09-07 09:14:23','0000-00-00 00:00:00'),('15','DHC','2005-05-00','2010-07-00','柜长',3000,1,'家庭原因','2011-09-07 09:14:23','0000-00-00 00:00:00'),('16','无添加','2005-06-00','2010-06-00','销售代表',5000,1,'无','2011-09-07 09:14:23','0000-00-00 00:00:00'),('17','无添加','2005-07-00','2010-05-00','销售代表',5000,1,'工作环境不适合','2011-09-07 09:14:23','0000-00-00 00:00:00'),('18','欧莱雅','2005-08-00','2010-04-00','柜长',4000,1,'无','2011-09-07 09:14:23','0000-00-00 00:00:00'),('19','欧莱雅','2005-09-00','2010-03-00','彩妆师',5000,1,'寻求发展','2011-09-07 09:14:23','0000-00-00 00:00:00'),('2','索尼','2005-02-00','2010-10-00','导购',4000,1,'个人原因','2011-09-07 09:14:23','0000-00-00 00:00:00'),('20','欧莱雅','2005-10-00','2010-02-00','柜员',2000,1,'换个行业','2011-09-07 09:14:23','0000-00-00 00:00:00'),('21','DHC','2005-01-00','2010-11-00','柜员',3000,1,'寻求发展','2011-09-07 09:14:23','0000-00-00 00:00:00'),('22','索尼','2005-02-00','2010-10-00','导购',4000,1,'个人原因','2011-09-07 09:14:23','0000-00-00 00:00:00'),('23','索尼','2005-03-00','2010-09-00','导购',2000,1,'寻求发展','2011-09-07 09:14:23','0000-00-00 00:00:00'),('24','欧莱雅','2005-04-00','2010-08-00','柜员',2000,1,'家庭原因','2011-09-07 09:14:23','0000-00-00 00:00:00'),('25','DHC','2005-05-00','2010-07-00','柜长',3000,1,'家庭原因','2011-09-07 09:14:23','0000-00-00 00:00:00'),('26','无添加','2005-06-00','2010-06-00','销售代表',5000,1,'无','2011-09-07 09:14:23','0000-00-00 00:00:00'),('27','无添加','2005-07-00','2010-05-00','销售代表',5000,1,'工作环境不适合','2011-09-07 09:14:23','0000-00-00 00:00:00'),('28','欧莱雅','2005-08-00','2010-04-00','柜长',4000,1,'无','2011-09-07 09:14:23','0000-00-00 00:00:00'),('29','欧莱雅','2005-09-00','2010-03-00','彩妆师',5000,1,'寻求发展','2011-09-07 09:14:23','0000-00-00 00:00:00'),('3','索尼','2005-03-00','2010-09-00','导购',2000,1,'寻求发展','2011-09-07 09:14:23','0000-00-00 00:00:00'),('30','欧莱雅','2005-10-00','2010-02-00','柜员',2000,1,'换个行业','2011-09-07 09:14:23','0000-00-00 00:00:00'),('31','DHC','2005-01-00','2010-11-00','柜员',3000,1,'寻求发展','2011-09-07 09:14:23','0000-00-00 00:00:00'),('32','索尼','2005-02-00','2010-10-00','导购',4000,1,'个人原因','2011-09-07 09:14:23','0000-00-00 00:00:00'),('33','索尼','2005-03-00','2010-09-00','导购',2000,1,'寻求发展','2011-09-07 09:14:23','0000-00-00 00:00:00'),('34','欧莱雅','2005-04-00','2010-08-00','柜员',2000,1,'家庭原因','2011-09-07 09:14:23','0000-00-00 00:00:00'),('35','DHC','2005-05-00','2010-07-00','柜长',3000,1,'家庭原因','2011-09-07 09:14:23','0000-00-00 00:00:00'),('36','无添加','2005-06-00','2010-06-00','销售代表',5000,1,'无','2011-09-07 09:14:23','0000-00-00 00:00:00'),('37','无添加','2005-07-00','2010-05-00','销售代表',5000,1,'工作环境不适合','2011-09-07 09:14:23','0000-00-00 00:00:00'),('38','欧莱雅','2005-08-00','2010-04-00','柜长',4000,1,'无','2011-09-07 09:14:23','0000-00-00 00:00:00'),('39','欧莱雅','2005-09-00','2010-03-00','彩妆师',5000,1,'寻求发展','2011-09-07 09:14:23','0000-00-00 00:00:00'),('4','欧莱雅','2005-04-00','2010-08-00','柜员',2000,1,'家庭原因','2011-09-07 09:14:23','0000-00-00 00:00:00'),('40','欧莱雅','2005-10-00','2010-02-00','柜员',2000,1,'换个行业','2011-09-07 09:14:23','0000-00-00 00:00:00'),('41','DHC','2005-01-00','2010-11-00','柜员',3000,1,'寻求发展','2011-09-07 09:14:23','0000-00-00 00:00:00'),('42','索尼','2005-02-00','2010-10-00','导购',4000,1,'个人原因','2011-09-07 09:14:23','0000-00-00 00:00:00'),('43','索尼','2005-03-00','2010-09-00','导购',2000,1,'寻求发展','2011-09-07 09:14:23','0000-00-00 00:00:00'),('44','欧莱雅','2005-04-00','2010-08-00','柜员',2000,1,'家庭原因','2011-09-07 09:14:23','0000-00-00 00:00:00'),('45','DHC','2005-05-00','2010-07-00','柜长',3000,1,'家庭原因','2011-09-07 09:14:23','0000-00-00 00:00:00'),('46','无添加','2005-06-00','2010-06-00','销售代表',5000,1,'无','2011-09-07 09:14:23','0000-00-00 00:00:00'),('47','无添加','2005-07-00','2010-05-00','销售代表',5000,1,'工作环境不适合','2011-09-07 09:14:23','0000-00-00 00:00:00'),('48','欧莱雅','2005-08-00','2010-04-00','柜长',4000,1,'无','2011-09-07 09:14:23','0000-00-00 00:00:00'),('49','欧莱雅','2005-09-00','2010-03-00','彩妆师',5000,1,'寻求发展','2011-09-07 09:14:23','0000-00-00 00:00:00'),('5','DHC','2005-05-00','2010-07-00','柜长',3000,1,'家庭原因','2011-09-07 09:14:23','0000-00-00 00:00:00'),('50','欧莱雅','2005-10-00','2010-02-00','柜员',2000,1,'换个行业','2011-09-07 09:14:23','0000-00-00 00:00:00'),('51','DHC','2005-01-00','2010-11-00','柜员',3000,1,'寻求发展','2011-09-07 09:14:23','0000-00-00 00:00:00'),('52','索尼','2005-02-00','2010-10-00','导购',4000,1,'个人原因','2011-09-07 09:14:23','0000-00-00 00:00:00'),('53','索尼','2005-03-00','2010-09-00','导购',2000,1,'寻求发展','2011-09-07 09:14:23','0000-00-00 00:00:00'),('54','欧莱雅','2005-04-00','2010-08-00','柜员',2000,1,'家庭原因','2011-09-07 09:14:23','0000-00-00 00:00:00'),('55','DHC','2005-05-00','2010-07-00','柜长',3000,1,'家庭原因','2011-09-07 09:14:23','0000-00-00 00:00:00'),('56','无添加','2005-06-00','2010-06-00','销售代表',5000,1,'无','2011-09-07 09:14:23','0000-00-00 00:00:00'),('57','无添加','2005-07-00','2010-05-00','销售代表',5000,1,'工作环境不适合','2011-09-07 09:14:23','0000-00-00 00:00:00'),('58','欧莱雅','2005-08-00','2010-04-00','柜长',4000,1,'无','2011-09-07 09:14:23','0000-00-00 00:00:00'),('59','欧莱雅','2005-09-00','2010-03-00','彩妆师',5000,1,'寻求发展','2011-09-07 09:14:23','0000-00-00 00:00:00'),('6','无添加','2005-06-00','2010-06-00','销售代表',5000,1,'无','2011-09-07 09:14:23','0000-00-00 00:00:00'),('60','欧莱雅','2005-10-00','2010-02-00','柜员',2000,1,'换个行业','2011-09-07 09:14:23','0000-00-00 00:00:00'),('61','欧莱雅','2005-10-00','2010-02-00','柜员',2000,1,'换个行业','2011-09-07 09:14:23','0000-00-00 00:00:00'),('7','无添加','2005-07-00','2010-05-00','销售代表',5000,1,'工作环境不适合','2011-09-07 09:14:23','0000-00-00 00:00:00'),('8','欧莱雅','2005-08-00','2010-04-00','柜长',4000,1,'无','2011-09-07 09:14:23','0000-00-00 00:00:00'),('9','欧莱雅','2005-09-00','2010-03-00','彩妆师',5000,1,'寻求发展','2011-09-07 09:14:23','0000-00-00 00:00:00');
/*!40000 ALTER TABLE `T_Talent_Work_experience` ENABLE KEYS */;
UNLOCK TABLES;

--
-- Table structure for table `T_Welfare_type`
--

DROP TABLE IF EXISTS `T_Welfare_type`;
/*!40101 SET @saved_cs_client     = @@character_set_client */;
/*!40101 SET character_set_client = utf8 */;
CREATE TABLE `T_Welfare_type` (
  `welfare_type_Id` int(11) NOT NULL AUTO_INCREMENT COMMENT '福利类型id',
  `welfare_type_Name` varchar(20) NOT NULL COMMENT '福利类型(提成，带薪假期)',
  `time_updated` timestamp NOT NULL DEFAULT CURRENT_TIMESTAMP ON UPDATE CURRENT_TIMESTAMP,
  `time_created` timestamp NOT NULL DEFAULT '0000-00-00 00:00:00',
  PRIMARY KEY (`welfare_type_Id`),
  UNIQUE KEY `welfare_type_Id` (`welfare_type_Id`)
) ENGINE=InnoDB AUTO_INCREMENT=2 DEFAULT CHARSET=utf8;
/*!40101 SET character_set_client = @saved_cs_client */;

--
-- Dumping data for table `T_Welfare_type`
--

LOCK TABLES `T_Welfare_type` WRITE;
/*!40000 ALTER TABLE `T_Welfare_type` DISABLE KEYS */;
INSERT INTO `T_Welfare_type` VALUES (1,'提成','2011-08-04 01:17:00','2011-08-04 01:17:00');
/*!40000 ALTER TABLE `T_Welfare_type` ENABLE KEYS */;
UNLOCK TABLES;

--
-- Table structure for table `T_test`
--

DROP TABLE IF EXISTS `T_test`;
/*!40101 SET @saved_cs_client     = @@character_set_client */;
/*!40101 SET character_set_client = utf8 */;
CREATE TABLE `T_test` (
  `sex_Id` int(11) NOT NULL AUTO_INCREMENT COMMENT '性别Id',
  `sex_Name` varchar(4) NOT NULL COMMENT '性别',
  `time_updated` timestamp NOT NULL DEFAULT CURRENT_TIMESTAMP ON UPDATE CURRENT_TIMESTAMP,
  `time_created` timestamp NOT NULL DEFAULT '0000-00-00 00:00:00',
  `test_date` date NOT NULL,
  PRIMARY KEY (`sex_Id`)
) ENGINE=InnoDB AUTO_INCREMENT=20 DEFAULT CHARSET=utf8;
/*!40101 SET character_set_client = @saved_cs_client */;

--
-- Dumping data for table `T_test`
--

LOCK TABLES `T_test` WRITE;
/*!40000 ALTER TABLE `T_test` DISABLE KEYS */;
INSERT INTO `T_test` VALUES (1,'abc','2011-09-15 00:18:34','2011-09-15 00:18:34','0000-00-00'),(2,'abc','2011-09-15 00:18:34','2011-09-15 00:18:34','0000-00-00'),(3,'1','2011-09-01 09:47:04','0000-00-00 00:00:00','0000-00-00'),(4,'1','2011-09-01 09:50:55','0000-00-00 00:00:00','0000-00-00'),(5,'1','2011-09-01 09:58:19','0000-00-00 00:00:00','0000-00-00'),(6,'1','2011-09-01 10:01:41','0000-00-00 00:00:00','0000-00-00'),(7,'1','2011-09-01 10:02:46','0000-00-00 00:00:00','0000-00-00'),(8,'1','2011-09-01 14:20:22','0000-00-00 00:00:00','0000-00-00'),(10,'1','2011-09-01 23:49:21','0000-00-00 00:00:00','0000-00-00'),(11,'1','2011-09-01 23:50:37','0000-00-00 00:00:00','0000-00-00'),(12,'1','2011-09-02 00:05:46','0000-00-00 00:00:00','0000-00-00'),(13,'1','2011-09-02 00:05:46','0000-00-00 00:00:00','0000-00-00'),(14,'1','2011-09-02 00:06:26','0000-00-00 00:00:00','0000-00-00'),(15,'1','2011-09-02 00:06:26','0000-00-00 00:00:00','0000-00-00'),(16,'1','2011-09-02 00:06:49','0000-00-00 00:00:00','0000-00-00'),(17,'ddd','2011-09-04 10:24:06','0000-00-00 00:00:00','0000-00-00'),(19,'tt','2011-09-07 13:41:17','0000-00-00 00:00:00','0000-00-00');
/*!40000 ALTER TABLE `T_test` ENABLE KEYS */;
UNLOCK TABLES;

--
-- Table structure for table `ci_sessions`
--

DROP TABLE IF EXISTS `ci_sessions`;
/*!40101 SET @saved_cs_client     = @@character_set_client */;
/*!40101 SET character_set_client = utf8 */;
CREATE TABLE `ci_sessions` (
  `session_id` varchar(40) NOT NULL DEFAULT '0',
  `ip_address` varchar(16) NOT NULL DEFAULT '0',
  `user_agent` varchar(50) NOT NULL,
  `last_activity` int(10) unsigned NOT NULL DEFAULT '0',
  `user_data` text NOT NULL,
  PRIMARY KEY (`session_id`)
) ENGINE=InnoDB DEFAULT CHARSET=utf8;
/*!40101 SET character_set_client = @saved_cs_client */;

--
-- Dumping data for table `ci_sessions`
--

LOCK TABLES `ci_sessions` WRITE;
/*!40000 ALTER TABLE `ci_sessions` DISABLE KEYS */;
INSERT INTO `ci_sessions` VALUES ('7711376039b5bd867a144e3d14368a8c','127.0.0.1','Mozilla/5.0 (Macintosh; U; Intel Mac OS X 10_6_7; ',1313835421,''),('b9fbe908382d4cca3c8c351ceabae1c3','127.0.0.1','Mozilla/5.0 (Macintosh; U; Intel Mac OS X 10_6_7; ',1313835235,'a:2:{s:8:\"username\";s:18:\"testenterpriseUser\";s:5:\"group\";s:10:\"enterprise\";}');
/*!40000 ALTER TABLE `ci_sessions` ENABLE KEYS */;
UNLOCK TABLES;

--
-- Temporary table structure for view `v_location`
--

DROP TABLE IF EXISTS `v_location`;
/*!50001 DROP VIEW IF EXISTS `v_location`*/;
SET @saved_cs_client     = @@character_set_client;
SET character_set_client = utf8;
/*!50001 CREATE TABLE `v_location` (
  `location_Type_id` bigint(20),
  `location_Id` int(11),
  `location_Name` varchar(20),
  `R_city_id` int(11),
  `R_city_name` varchar(10),
  `R_province_id` int(11),
  `R_province_name` varchar(10)
) ENGINE=MyISAM */;
SET character_set_client = @saved_cs_client;

--
-- Temporary table structure for view `v_location_info`
--

DROP TABLE IF EXISTS `v_location_info`;
/*!50001 DROP VIEW IF EXISTS `v_location_info`*/;
SET @saved_cs_client     = @@character_set_client;
SET character_set_client = utf8;
/*!50001 CREATE TABLE `v_location_info` (
  `location_type_id` bigint(20),
  `location_id` int(11),
  `location_name` varchar(20),
  `r_area_id` int(11),
  `r_area_name` varchar(20),
  `r_city_id` int(11),
  `r_city_name` varchar(10),
  `r_province_id` int(11),
  `r_province_name` varchar(10)
) ENGINE=MyISAM */;
SET character_set_client = @saved_cs_client;

--
-- Dumping routines for database 'ehiring'
--
/*!50003 DROP FUNCTION IF EXISTS `F_delHunterTalentWorkExp` */;
/*!50003 SET @saved_cs_client      = @@character_set_client */ ;
/*!50003 SET @saved_cs_results     = @@character_set_results */ ;
/*!50003 SET @saved_col_connection = @@collation_connection */ ;
/*!50003 SET character_set_client  = utf8 */ ;
/*!50003 SET character_set_results = utf8 */ ;
/*!50003 SET collation_connection  = utf8_general_ci */ ;
/*!50003 SET @saved_sql_mode       = @@sql_mode */ ;
/*!50003 SET sql_mode              = '' */ ;
DELIMITER ;;
/*!50003 CREATE*/ /*!50020 DEFINER=`root`@`localhost`*/ /*!50003 FUNCTION `F_delHunterTalentWorkExp`(IN_hunter_account VARCHAR(20), IN_talent_id VARCHAR(11), IN_company 	VARCHAR(100), IN_jobPosition VARCHAR(100), IN_startDate DATE) RETURNS int(11)
BEGIN

DELETE
FROM	 T_Hunter_Talent_Work_experience
WHERE
			hunter_talent_work_experience_Talent_id = IN_talent_id
	AND
			hunter_talent_work_experience_Hunter_account = IN_hunter_account
	AND
			hunter_talent_work_experience_Company = IN_company
	AND
			hunter_talent_work_experience_Position = IN_jobPosition
	AND
			hunter_talent_work_experience_Start_date = IN_startDate;

RETURN ROW_COUNT();
END */;;
DELIMITER ;
/*!50003 SET sql_mode              = @saved_sql_mode */ ;
/*!50003 SET character_set_client  = @saved_cs_client */ ;
/*!50003 SET character_set_results = @saved_cs_results */ ;
/*!50003 SET collation_connection  = @saved_col_connection */ ;
/*!50003 DROP FUNCTION IF EXISTS `F_G_createNewHunterTalent` */;
/*!50003 SET @saved_cs_client      = @@character_set_client */ ;
/*!50003 SET @saved_cs_results     = @@character_set_results */ ;
/*!50003 SET @saved_col_connection = @@collation_connection */ ;
/*!50003 SET character_set_client  = utf8 */ ;
/*!50003 SET character_set_results = utf8 */ ;
/*!50003 SET collation_connection  = utf8_general_ci */ ;
/*!50003 SET @saved_sql_mode       = @@sql_mode */ ;
/*!50003 SET sql_mode              = '' */ ;
DELIMITER ;;
/*!50003 CREATE*/ /*!50020 DEFINER=`root`@`localhost`*/ /*!50003 FUNCTION `F_G_createNewHunterTalent`(IN_talentId VARCHAR(11), IN_hunter_Account VARCHAR(20), IN_talent_id_card VARCHAR(18), IN_talent_name VARCHAR(10), IN_talent_height INT(11), IN_talent_weight INT(11), IN_talent_born_year DATE, IN_talent_sex_id INT(11), IN_talent_mobile VARCHAR(11), IN_talent_mail VARCHAR(50), IN_talent_qq VARCHAR(20), IN_talent_hukou VARCHAR(200), IN_talent_born_place VARCHAR(100), IN_talent_location_type_id INT(11), IN_talent_live_id INT(11), IN_talent_live_street VARCHAR(100), IN_talent_self_comment VARCHAR(500), IN_talent_hobby VARCHAR(500), IN_talent_feature VARCHAR(255), IN_video_url VARCHAR(255), IN_wuguan INT(11), IN_pifu INT(11), IN_xiushi INT(11), IN_qizhi INT(11), IN_tantu INT(11), IN_juzhi INT(11), IN_goutong INT(11), IN_xiaoshou INT(11)) RETURNS varchar(255) CHARSET utf8
BEGIN
DECLARE Result VARCHAR(255);
DECLARE hunterTalentExists INT(11);
DECLARE talentExists INT(11);
DECLARE talentCreateResult INT(11);

SET IN_talent_born_year=null;
SET IN_talent_hukou=null;
SET IN_talent_self_comment=null;
SET IN_talent_hobby=null;
SET IN_talent_feature=null;
SET IN_video_url=null;
SET IN_wuguan=null;
SET IN_pifu=null;
SET IN_xiushi=null;
SET IN_qizhi=null;
SET IN_tantu=null;
SET IN_juzhi=null;
SET IN_goutong=null;
SET IN_xiaoshou=null;

/*check whether talent already exists in T_Hunter_Talent*/
SELECT
	COUNT(*)
FROM
	T_Hunter_Talent
WHERE
		hunter_talent_Hunter_account=IN_hunter_Account
	AND
		hunter_talent_Talent_id = IN_talentId
INTO hunterTalentExists;

IF hunterTalentExists
THEN
	SET Result='FAILED@记录已经存在于您的人才库中，请选择其编辑!';
	RETURN Result;
ELSE
	/*check whether talent exits in T_Talent*/
	SELECT
		COUNT(*)
	FROM
		T_Talent
	WHERE
		talent_Id = IN_talentId
	INTO talentExists;
	IF (talentExists > 0)
	/*talent 已经存在于T_talent中，不能新建只能选取*/
	THEN
		SET Result='FAILED@记录已经存在于系统人才库中，请选择其进入您的人才库';
		RETURN Result;
	ELSE
		CALL P_createNewTalent(
								IN_talentId,
								IN_talent_id_card,
								IN_talent_name,
								IN_talent_height,
								IN_talent_weight,
								IN_talent_born_year,
								IN_talent_sex_id,
								IN_talent_mobile,
								IN_talent_mail,
								IN_talent_qq,
								IN_talent_hukou,
								IN_talent_born_place,
								IN_talent_location_type_id,
								IN_talent_live_id,
								IN_talent_live_street,
								IN_talent_self_comment,
								IN_talent_hobby,
								IN_talent_feature,
								IN_video_url
								);

		/*新建hunter_talent记录*/
		CALL P_createNewHunterTalent(
									IN_hunter_Account,
									IN_talentId,
									IN_talent_id_card,
									IN_talent_name,
									IN_talent_height,
									IN_talent_weight,
									IN_talent_born_year,
									IN_talent_sex_id,
									IN_talent_mobile,
									IN_talent_mail,
									IN_talent_qq,
									IN_talent_hukou,
									IN_talent_born_place,
									IN_talent_location_type_id,
									IN_talent_live_id,
									IN_talent_live_street,
									IN_talent_self_comment,
									IN_talent_hobby,
									IN_talent_feature,
									IN_video_url,
									IN_wuguan,
									IN_pifu,
									IN_xiushi,
									IN_qizhi,
									IN_tantu,
									IN_juzhi,
									IN_goutong,
									IN_xiaoshou
									);
		SET Result=CONCAT('SUCCESS@创建成功!');
	RETURN Result;
	END IF;
END IF;
END */;;
DELIMITER ;
/*!50003 SET sql_mode              = @saved_sql_mode */ ;
/*!50003 SET character_set_client  = @saved_cs_client */ ;
/*!50003 SET character_set_results = @saved_cs_results */ ;
/*!50003 SET collation_connection  = @saved_col_connection */ ;
/*!50003 DROP FUNCTION IF EXISTS `F_G_createNewHunterTalentJob` */;
/*!50003 SET @saved_cs_client      = @@character_set_client */ ;
/*!50003 SET @saved_cs_results     = @@character_set_results */ ;
/*!50003 SET @saved_col_connection = @@collation_connection */ ;
/*!50003 SET character_set_client  = utf8 */ ;
/*!50003 SET character_set_results = utf8 */ ;
/*!50003 SET collation_connection  = utf8_general_ci */ ;
/*!50003 SET @saved_sql_mode       = @@sql_mode */ ;
/*!50003 SET sql_mode              = '' */ ;
DELIMITER ;;
/*!50003 CREATE*/ /*!50020 DEFINER=`root`@`localhost`*/ /*!50003 FUNCTION `F_G_createNewHunterTalentJob`(IN_hunter_Account VARCHAR(20), IN_talent_id VARCHAR(11), IN_job_id INT(11)) RETURNS varchar(255) CHARSET utf8
BEGIN
DECLARE Result VARCHAR(255);
DECLARE hunterTalentJobExists INT(11);
DECLARE createResult INT(11);

/*check whether hunter_talent_job already exists in T_Hunter_Talent_Job*/
SELECT
	COUNT(*)
FROM
	T_Hunter_Talent_Job
WHERE
		hunter_talent_job_Hunter_account=IN_hunter_Account
	AND
		hunter_talent_job_Talent_id = IN_talent_id
	AND
		hunter_talent_job_Job_id = IN_job_id			
		
INTO hunterTalentJobExists;


IF hunterTalentJobExists
THEN
	SET Result='FAILED@此人才已被推荐到此岗位';
	RETURN Result;
ELSE
/* insert talent info */
INSERT INTO T_Hunter_Talent_Job
			(
			hunter_talent_job_hunter_Account,
			hunter_talent_job_talent_id,
			hunter_talent_job_job_id,
			hunter_talent_job_status,
			hunter_talent_job_status_update_time,
			hunter_talent_job_talent_id_card,
			hunter_talent_job_talent_name,
			hunter_talent_job_talent_height,
			hunter_talent_job_talent_weight,
			hunter_talent_job_talent_born_year,
			hunter_talent_job_talent_sex_id,
			hunter_talent_job_talent_mobile,
			hunter_talent_job_talent_mail,
			hunter_talent_job_talent_qq,
			hunter_talent_job_talent_hukou,
			hunter_talent_job_talent_born_place,
			hunter_talent_job_talent_location_type_id,
			hunter_talent_job_talent_live_id,
			hunter_talent_job_talent_live_street,
			hunter_talent_job_talent_self_comment,
			hunter_talent_job_talent_hobby,
			hunter_talent_job_talent_feature,
			hunter_talent_job_video_url,
			hunter_talent_job_wuguan,
			hunter_talent_job_pifu,
			hunter_talent_job_xiushi,
			hunter_talent_job_qizhi,
			hunter_talent_job_tantu,
			hunter_talent_job_juzhi,
			hunter_talent_job_goutong,
			hunter_talent_job_xiaoshou,
			time_updated,
			time_created
			) 

			SELECT
				IN_hunter_Account,
				IN_talent_id,
				IN_job_id,
				1,/*1 means 待选择*/
				NOW(),
				hunter_talent_Talent_id_card,
				hunter_talent_Talent_name,
				hunter_talent_Talent_height,
				hunter_talent_Talent_weight,
				hunter_talent_Talent_born_year,
				hunter_talent_Talent_sex_id,
				hunter_talent_Talent_mobile,
				hunter_talent_Talent_mail,
				hunter_talent_Talent_qq,
				hunter_talent_Talent_hukou,
				hunter_talent_Talent_born_place,
				hunter_talent_Talent_location_type_id,
				hunter_talent_Talent_live_id,
				hunter_talent_Talent_live_street,
				hunter_talent_Talent_self_comment,
				hunter_talent_Talent_hobby,
				hunter_talent_Talent_feature,
				hunter_talent_Video_url,
				hunter_talent_Wuguan,
				hunter_talent_Pifu,
				hunter_talent_Xiushi,
				hunter_talent_Qizhi,
				hunter_talent_Tantu,
				hunter_talent_Juzhi,
				hunter_talent_Goutong,
				hunter_talent_Xiaoshou,
				null,
				null
			FROM
				T_Hunter_Talent
			WHERE
					hunter_talent_Hunter_account = IN_hunter_Account
				AND
					hunter_talent_Talent_id = IN_talent_id;

	SET createResult = ROW_COUNT();

	IF createResult = 1
	THEN
		/* insert talent work experience */
		INSERT INTO
			T_Hunter_Talent_Job_Work_experience
			SELECT				
				hunter_talent_work_experience_Talent_id,
				hunter_talent_work_experience_Hunter_account,
				IN_job_id,
				hunter_talent_work_experience_Company,
				hunter_talent_work_experience_Start_date,
				hunter_talent_work_experience_End_date,
				hunter_talent_work_experience_Position,
				hunter_talent_work_experience_Salary,
				hunter_talent_work_experience_Job_quit_reason_type,
				hunter_talent_work_experience_Job_quit_reason_Des,
				null,
				null
			FROM
				T_Hunter_Talent_Work_experience
			WHERE
					hunter_talent_work_experience_Talent_id = IN_talent_id
				AND
					hunter_talent_work_experience_Hunter_account = IN_hunter_Account;

		/* insert talent edu */
		INSERT INTO
			T_Hunter_Talent_Job_Edu
			SELECT
				hunter_talent_edu_Hunter_account,
				hunter_talent_edu_Talent_id,
				IN_job_id,
				hunter_talent_edu_School,
				hunter_talent_edu_Major,
				hunter_talent_edu_Degree_id,
				hunter_talent_edu_Start_date,
				hunter_talent_edu_End_date,				
				null,
				null
			FROM
				T_Hunter_Talent_Edu
			WHERE
					hunter_talent_edu_Talent_id = IN_talent_id
				AND
					hunter_talent_edu_Hunter_account = IN_hunter_Account;


		SET Result='SUCCESS@推荐成功!';
	ELSE
		SET Result='FAILED@没找到所要推荐的人才';
	END IF;
		
	RETURN Result;
END IF;
END */;;
DELIMITER ;
/*!50003 SET sql_mode              = @saved_sql_mode */ ;
/*!50003 SET character_set_client  = @saved_cs_client */ ;
/*!50003 SET character_set_results = @saved_cs_results */ ;
/*!50003 SET collation_connection  = @saved_col_connection */ ;
/*!50003 DROP FUNCTION IF EXISTS `F_G_createNewHunterTalentWorkExp` */;
/*!50003 SET @saved_cs_client      = @@character_set_client */ ;
/*!50003 SET @saved_cs_results     = @@character_set_results */ ;
/*!50003 SET @saved_col_connection = @@collation_connection */ ;
/*!50003 SET character_set_client  = utf8 */ ;
/*!50003 SET character_set_results = utf8 */ ;
/*!50003 SET collation_connection  = utf8_general_ci */ ;
/*!50003 SET @saved_sql_mode       = @@sql_mode */ ;
/*!50003 SET sql_mode              = '' */ ;
DELIMITER ;;
/*!50003 CREATE*/ /*!50020 DEFINER=`root`@`localhost`*/ /*!50003 FUNCTION `F_G_createNewHunterTalentWorkExp`(IN_talent_id VARCHAR(11), IN_hunter_account VARCHAR(20), IN_company	VARCHAR(100), IN_startDate DATE, IN_endDate DATE, IN_jobPosition VARCHAR(100), IN_salary INT(11), IN_job_quit_reason_type INT(11), IN_job_quit_reason_des VARCHAR(200)) RETURNS varchar(255) CHARSET utf8
BEGIN
DECLARE Result VARCHAR(255);
DECLARE workExpExist INT(11);

/*check whether work experience exists*/
SELECT
	COUNT(*)
FROM
	T_Hunter_Talent_Work_experience
WHERE
		hunter_talent_work_experience_Talent_id = IN_talent_id
	AND
		hunter_talent_work_experience_Hunter_account = IN_hunter_account
	AND
		hunter_talent_work_experience_Company = IN_company
	AND
		hunter_talent_work_experience_Start_date = IN_startDate
	AND
		hunter_talent_work_experience_Position = IN_jobPosition
INTO workExpExist;

IF workExpExist
THEN
	SET Result='FAILED@记录已经存在不能新建!';
	RETURN Result;
ELSE
	/*新建T_Hunter_Talent_Work_experience记录*/
	CALL P_createNewHunterTalentWorkExp(
										IN_talent_id,
										IN_hunter_account,
										IN_company,
										IN_startDate,
										IN_endDate,
										IN_jobPosition,
										IN_salary,
										IN_job_quit_reason_type,
										IN_job_quit_reason_des
										);
	SET Result='SUCCESS@创建成功!';
	RETURN Result;
END IF;
END */;;
DELIMITER ;
/*!50003 SET sql_mode              = @saved_sql_mode */ ;
/*!50003 SET character_set_client  = @saved_cs_client */ ;
/*!50003 SET character_set_results = @saved_cs_results */ ;
/*!50003 SET collation_connection  = @saved_col_connection */ ;
/*!50003 DROP FUNCTION IF EXISTS `F_updateHunterTalent` */;
/*!50003 SET @saved_cs_client      = @@character_set_client */ ;
/*!50003 SET @saved_cs_results     = @@character_set_results */ ;
/*!50003 SET @saved_col_connection = @@collation_connection */ ;
/*!50003 SET character_set_client  = utf8 */ ;
/*!50003 SET character_set_results = utf8 */ ;
/*!50003 SET collation_connection  = utf8_general_ci */ ;
/*!50003 SET @saved_sql_mode       = @@sql_mode */ ;
/*!50003 SET sql_mode              = '' */ ;
DELIMITER ;;
/*!50003 CREATE*/ /*!50020 DEFINER=`root`@`localhost`*/ /*!50003 FUNCTION `F_updateHunterTalent`(IN_hunter_Account VARCHAR(20),  IN_talent_id VARCHAR(11), IN_talent_id_card VARCHAR(18), IN_talent_name VARCHAR(10), IN_talent_height INT(11), IN_talent_weight INT(11), IN_talent_born_year DATE, IN_talent_sex_id INT(11), IN_talent_mobile VARCHAR(11), IN_talent_mail VARCHAR(50), IN_talent_qq VARCHAR(20), IN_talent_hukou VARCHAR(200), IN_talent_born_place VARCHAR(100), IN_talent_location_type_id INT(11), IN_talent_live_id INT(11), IN_talent_live_street VARCHAR(100), IN_talent_self_comment VARCHAR(500), IN_talent_hobby VARCHAR(500), IN_talent_feature VARCHAR(255), IN_video_url VARCHAR(255), IN_wuguan INT(11), IN_pifu INT(11), IN_xiushi INT(11), IN_qizhi INT(11), IN_tantu INT(11), IN_juzhi INT(11), IN_goutong INT(11), IN_xiaoshou INT(11)) RETURNS int(11)
BEGIN

SET IN_talent_born_year=null;
SET IN_talent_hukou=null;
SET IN_talent_self_comment=null;
SET IN_talent_hobby=null;
SET IN_talent_feature=null;
SET IN_video_url=null;
SET IN_wuguan=null;
SET IN_pifu=null;
SET IN_xiushi=null;
SET IN_qizhi=null;
SET IN_tantu=null;
SET IN_juzhi=null;
SET IN_goutong=null;
SET IN_xiaoshou=null;

UPDATE T_Hunter_Talent
SET
	hunter_talent_talent_id_card=IN_talent_id_card,
	hunter_talent_talent_name=IN_talent_name,
	hunter_talent_talent_height=IN_talent_height,
	hunter_talent_talent_weight=IN_talent_weight,
	hunter_talent_talent_born_year=IN_talent_born_year,
	hunter_talent_talent_sex_id=IN_talent_sex_id,
	hunter_talent_talent_mobile=IN_talent_mobile,
	hunter_talent_talent_mail=IN_talent_mail,
	hunter_talent_talent_qq=IN_talent_qq,
	hunter_talent_talent_hukou=IN_talent_hukou,
	hunter_talent_talent_born_place=IN_talent_born_place,
	hunter_talent_talent_location_type_id=IN_talent_location_type_id,
	hunter_talent_talent_live_id=IN_talent_live_id,
	hunter_talent_talent_live_street=IN_talent_live_street,
	hunter_talent_talent_self_comment=IN_talent_self_comment,
	hunter_talent_talent_hobby=IN_talent_hobby,
	hunter_talent_talent_feature=IN_talent_feature,
	hunter_talent_video_url=IN_video_url,
	hunter_talent_wuguan=IN_wuguan,
	hunter_talent_pifu=IN_pifu,
	hunter_talent_xiushi=IN_xiushi,
	hunter_talent_qizhi=IN_qizhi,
	hunter_talent_tantu=IN_tantu,
	hunter_talent_juzhi=IN_juzhi,
	hunter_talent_goutong=IN_goutong,
	hunter_talent_xiaoshou=IN_xiaoshou
WHERE
	hunter_talent_hunter_Account=IN_hunter_Account
AND
	hunter_talent_talent_id=IN_talent_id;

RETURN ROW_COUNT();

END */;;
DELIMITER ;
/*!50003 SET sql_mode              = @saved_sql_mode */ ;
/*!50003 SET character_set_client  = @saved_cs_client */ ;
/*!50003 SET character_set_results = @saved_cs_results */ ;
/*!50003 SET collation_connection  = @saved_col_connection */ ;
/*!50003 DROP FUNCTION IF EXISTS `F_updateHunterTalentJobStatus` */;
/*!50003 SET @saved_cs_client      = @@character_set_client */ ;
/*!50003 SET @saved_cs_results     = @@character_set_results */ ;
/*!50003 SET @saved_col_connection = @@collation_connection */ ;
/*!50003 SET character_set_client  = utf8 */ ;
/*!50003 SET character_set_results = utf8 */ ;
/*!50003 SET collation_connection  = utf8_general_ci */ ;
/*!50003 SET @saved_sql_mode       = @@sql_mode */ ;
/*!50003 SET sql_mode              = '' */ ;
DELIMITER ;;
/*!50003 CREATE*/ /*!50020 DEFINER=`root`@`localhost`*/ /*!50003 FUNCTION `F_updateHunterTalentJobStatus`(IN_hunter_Account VARCHAR(20),  IN_talent_id VARCHAR(11), IN_job_id INT(11), IN_status INT(11)) RETURNS int(11)
BEGIN

UPDATE T_Hunter_Talent_Job
SET
	hunter_talent_job_Status = IN_status,
	hunter_talent_job_Status_update_time = NOW()
WHERE
		hunter_talent_job_Hunter_account=IN_hunter_Account
	AND
		hunter_talent_job_Talent_id=IN_talent_id
	AND
		hunter_talent_job_Job_id = IN_job_id;

RETURN ROW_COUNT();

END */;;
DELIMITER ;
/*!50003 SET sql_mode              = @saved_sql_mode */ ;
/*!50003 SET character_set_client  = @saved_cs_client */ ;
/*!50003 SET character_set_results = @saved_cs_results */ ;
/*!50003 SET collation_connection  = @saved_col_connection */ ;
/*!50003 DROP FUNCTION IF EXISTS `F_updateHunterTalentWorkExp` */;
/*!50003 SET @saved_cs_client      = @@character_set_client */ ;
/*!50003 SET @saved_cs_results     = @@character_set_results */ ;
/*!50003 SET @saved_col_connection = @@collation_connection */ ;
/*!50003 SET character_set_client  = utf8 */ ;
/*!50003 SET character_set_results = utf8 */ ;
/*!50003 SET collation_connection  = utf8_general_ci */ ;
/*!50003 SET @saved_sql_mode       = @@sql_mode */ ;
/*!50003 SET sql_mode              = '' */ ;
DELIMITER ;;
/*!50003 CREATE*/ /*!50020 DEFINER=`root`@`localhost`*/ /*!50003 FUNCTION `F_updateHunterTalentWorkExp`(IN_talent_id VARCHAR(11), IN_hunter_account VARCHAR(20), IN_company 	VARCHAR(100), IN_startDate DATE, IN_endDate DATE, IN_jobPosition VARCHAR(100), IN_salary INT(11), IN_job_quit_reason_type INT(11), IN_job_quit_reason_des VARCHAR(200)) RETURNS int(11)
BEGIN

UPDATE T_Hunter_Talent_Work_experience
SET			
			hunter_talent_work_experience_End_date = IN_endDate,
			hunter_talent_work_experience_Salary = IN_salary,
			hunter_talent_work_experience_Job_quit_reason_type = IN_job_quit_reason_type,
			hunter_talent_work_experience_Job_quit_reason_Des = IN_job_quit_reason_des
WHERE
			hunter_talent_work_experience_Talent_id = IN_talent_id
	AND
			hunter_talent_work_experience_Hunter_account = IN_hunter_account
	AND
			hunter_talent_work_experience_Company = IN_company
	AND
			hunter_talent_work_experience_Position = IN_jobPosition
	AND
			hunter_talent_work_experience_Start_date = IN_startDate;

RETURN ROW_COUNT();

END */;;
DELIMITER ;
/*!50003 SET sql_mode              = @saved_sql_mode */ ;
/*!50003 SET character_set_client  = @saved_cs_client */ ;
/*!50003 SET character_set_results = @saved_cs_results */ ;
/*!50003 SET collation_connection  = @saved_col_connection */ ;
/*!50003 DROP FUNCTION IF EXISTS `P_test1` */;
/*!50003 SET @saved_cs_client      = @@character_set_client */ ;
/*!50003 SET @saved_cs_results     = @@character_set_results */ ;
/*!50003 SET @saved_col_connection = @@collation_connection */ ;
/*!50003 SET character_set_client  = utf8 */ ;
/*!50003 SET character_set_results = utf8 */ ;
/*!50003 SET collation_connection  = utf8_general_ci */ ;
/*!50003 SET @saved_sql_mode       = @@sql_mode */ ;
/*!50003 SET sql_mode              = '' */ ;
DELIMITER ;;
/*!50003 CREATE*/ /*!50020 DEFINER=`root`@`localhost`*/ /*!50003 FUNCTION `P_test1`() RETURNS varchar(255) CHARSET utf8
    DETERMINISTIC
BEGIN
DECLARE Result VARCHAR(255);
DECLARE num INT(11);
select job_id from t_job limit 1 into num;

if (num > 0)
then
set Result = 'ok';
else
set Result = 'no';
end if;
return Result;

END */;;
DELIMITER ;
/*!50003 SET sql_mode              = @saved_sql_mode */ ;
/*!50003 SET character_set_client  = @saved_cs_client */ ;
/*!50003 SET character_set_results = @saved_cs_results */ ;
/*!50003 SET collation_connection  = @saved_col_connection */ ;
/*!50003 DROP PROCEDURE IF EXISTS `P_activeJobListForEnterprise` */;
/*!50003 SET @saved_cs_client      = @@character_set_client */ ;
/*!50003 SET @saved_cs_results     = @@character_set_results */ ;
/*!50003 SET @saved_col_connection = @@collation_connection */ ;
/*!50003 SET character_set_client  = utf8 */ ;
/*!50003 SET character_set_results = utf8 */ ;
/*!50003 SET collation_connection  = utf8_general_ci */ ;
/*!50003 SET @saved_sql_mode       = @@sql_mode */ ;
/*!50003 SET sql_mode              = '' */ ;
DELIMITER ;;
/*!50003 CREATE*/ /*!50020 DEFINER=`root`@`localhost`*/ /*!50003 PROCEDURE `P_activeJobListForEnterprise`(IN_enterPriseUserAccount VARCHAR(20), IN_jobKeyWord varchar(50), IN_offset INT(11), IN_limit INT(11))
    COMMENT '搜索激活状态的所有项目，接收参数IN_enterpriseUserAccount VARCHAR(20)用来生成指定项目的推荐总人数，待选择人数，被选择人数，被拒绝人数, IN_jobKeyWord varchar(50)用来生成关键字筛选职位名称，职位简述'
BEGIN
DECLARE offsetNum INT(11);
DECLARE limitNum INT(11);
DECLARE enterPriseUserAccount VARCHAR(20);
DECLARE keyWord VARCHAR(20);

IF (IN_offset IS NULL) THEN
	SET offsetNum = 0;
ELSE
	SET offsetNum = IN_offset;
END IF;

IF (IN_limit IS NULL) THEN
	SET limitNum = 18446744073709551615;
ELSE
	SET limitNum = IN_limit;
END IF;

SET enterPriseUserAccount = IN_enterPriseUserAccount;
SET keyWord = concat('%',IN_jobKeyWord,'%');

SELECT SQL_CALC_FOUND_ROWS
	job_Id,
	job_Title,
	job_Simple_des,
	CASE
		WHEN job_Salary_type_id = 1 THEN job_Salary_less
		WHEN job_Salary_type_id = 2 THEN CONCAT(job_Salary_less, '-', job_Salary_high)
		WHEN job_Salary_type_id = 3 THEN '面议'
		WHEN job_Salary_type_id = 4 THEN '和地区相关'
		ELSE '未指定'
	END AS R_salary,
	CASE
		WHEN job_Year_low IS NULL AND job_Year_high IS NULL THEN '无限制'
		WHEN job_Year_low IS NULL THEN job_Year_high
		WHEN job_Year_high IS NULL THEN job_Year_low
		ELSE CONCAT(job_Year_low, '-', job_Year_high)
	END AS R_work_experience,
	job_Recruit_num,
	CASE
		WHEN job_Commission_type_id = 1 THEN CONCAT(job_Commission, '元')
		WHEN job_Commission_type_id = 2 THEN CONCAT(FORMAT(job_Commission * 100, 0), '%')
	END AS R_commission,
	CASE
		WHEN job_Start_date IS NULL AND job_End_date IS NULL THEN '无限制'
		WHEN job_Start_date IS NULL OR job_Start_date = '0000-00-00' THEN CONCAT(job_End_date, '截止')
		WHEN job_End_date IS NULL OR job_End_date = '0000-00-00' THEN CONCAT(job_Start_date, '开始')
		ELSE CONCAT(job_Start_date, '到', job_End_date)
	END AS R_period_of_validity,
	job_Start_date,
	job_End_date,
	IFNULL(1StatusPersonNum, 0) R_submitted,
	IFNULL(2StatusPersonNum, 0) R_passed,
	IFNULL(3StatusPersonNum, 0) R_rejected,
	IFNULL(1StatusPersonNum, 0) + IFNULL(2StatusPersonNum, 0) + IFNULL(3StatusPersonNum, 0) totalPersonNum
FROM
	T_Job AS A
LEFT JOIN
	(
		SELECT
			hunter_talent_job_Job_id,
			count(*) 1StatusPersonNum
		FROM
			T_Hunter_Talent_Job
		WHERE
			hunter_talent_job_Status = 1
		GROUP BY
			hunter_talent_job_Job_id
	) AS B
ON
	A.job_Id = B.hunter_talent_job_Job_id
LEFT JOIN
	(
		SELECT
			hunter_talent_job_Job_id,
			count(*) 2StatusPersonNum
		FROM
			T_Hunter_Talent_Job
		WHERE
			hunter_talent_job_Status = 2
		GROUP BY
			hunter_talent_job_Job_id
	) AS C
ON
	A.job_ID = C.hunter_talent_job_Job_id
LEFT JOIN
	(
		SELECT
			hunter_talent_job_Job_id,
			count(*) 3StatusPersonNum
		FROM
			T_Hunter_Talent_Job
		WHERE
			hunter_talent_job_Status = 3
		GROUP BY
			hunter_talent_job_Job_id
	) AS D
ON
	A.job_ID = D.hunter_talent_job_Job_id
LEFT JOIN
	(
		SELECT
			job_location_Job_id,
			MAX(time_updated) R_job_location_time_updated
		FROM
			T_Job_Location
		GROUP BY
			job_location_Job_id
	) AS E
ON
	A.job_ID = E.job_location_Job_id
LEFT JOIN
	T_Salary_type AS F
ON
	A.job_Salary_type_id = F.salary_type_Id
LEFT JOIN
	(
		SELECT
			hunter_talent_job_Job_id,
			MAX(hunter_talent_job_Status_update_time) R_hunter_talent_job_status_update_time
		FROM
			T_hunter_talent_job
		GROUP BY
			hunter_talent_job_Job_id
	) AS G
ON
	A.job_ID = G.hunter_talent_job_Job_id
LEFT JOIN
	(
		SELECT
			job_degree_Job_id,
			MAX(time_updated) R_job_degree_time_updated
		FROM
			T_Job_Degree
		GROUP BY
			job_degree_Job_id
	) AS H
ON
	A.job_Id = H.job_degree_Job_id
WHERE
		A.job_Status_id = 1
	AND
		A.job_Enterprise_user_account = enterPriseUserAccount
	AND
		CASE
			WHEN keyWord is NULL THEN 1
			ELSE 
				(
					A.job_Title like keyWord
				OR
					A.job_Simple_des like keyWord
				)
		END
ORDER BY
	GREATEST(A.time_updated, IFNULL(E.R_job_location_time_updated, '0000-00-00 00:00:00'), IFNULL(H.R_job_degree_time_updated, '0000-00-00 00:00:00'), IFNULL(G.R_hunter_talent_job_status_update_time, '0000-00-00 00:00:00')) DESC
LIMIT
	offsetNum,
	limitNum
;
SELECT FOUND_ROWS() R_total_rows;
END */;;
DELIMITER ;
/*!50003 SET sql_mode              = @saved_sql_mode */ ;
/*!50003 SET character_set_client  = @saved_cs_client */ ;
/*!50003 SET character_set_results = @saved_cs_results */ ;
/*!50003 SET collation_connection  = @saved_col_connection */ ;
/*!50003 DROP PROCEDURE IF EXISTS `P_activeJobListForHunter` */;
/*!50003 SET @saved_cs_client      = @@character_set_client */ ;
/*!50003 SET @saved_cs_results     = @@character_set_results */ ;
/*!50003 SET @saved_col_connection = @@collation_connection */ ;
/*!50003 SET character_set_client  = utf8 */ ;
/*!50003 SET character_set_results = utf8 */ ;
/*!50003 SET collation_connection  = utf8_general_ci */ ;
/*!50003 SET @saved_sql_mode       = @@sql_mode */ ;
/*!50003 SET sql_mode              = '' */ ;
DELIMITER ;;
/*!50003 CREATE*/ /*!50020 DEFINER=`root`@`localhost`*/ /*!50003 PROCEDURE `P_activeJobListForHunter`(IN_hunterAccount VARCHAR(20), IN_JobId INT(11),IN_jobKeyWord varchar(50), IN_offset INT(11), IN_limit INT(11))
    COMMENT '搜索激活状态的所有项目，接收参数IN_hunterAccount VARCHAR(20)用来生成指定项目的推荐总人数，待选择人数，被选择人数，被拒绝人数, IN_jobKeyWord varchar(50)用来生成关键字筛选职位名称，职位简述, IN_jobId 用来指定特定job的信息'
BEGIN
DECLARE offsetNum INT(11);
DECLARE limitNum INT(11);
DECLARE hunterAccount VARCHAR(20);
DECLARE jobId INT(11);
DECLARE keyWord VARCHAR(20);

IF (IN_offset IS NULL) THEN
	SET offsetNum = 0;
ELSE
	SET offsetNum = IN_offset;
END IF;

IF (IN_limit IS NULL) THEN
	SET limitNum = 18446744073709551615;
ELSE
	SET limitNum = IN_limit;
END IF;

SET hunterAccount = IN_hunterAccount;
SET jobId = IN_jobId;
SET keyWord = concat('%',IN_jobKeyWord,'%');

SELECT SQL_CALC_FOUND_ROWS
	job_Id,
	job_Title,
	CASE
		WHEN job_Salary_type_id = 1 THEN job_Salary_less
		WHEN job_Salary_type_id = 2 THEN CONCAT(job_Salary_less, '-', job_Salary_high)
		WHEN job_Salary_type_id = 3 THEN '面议'
		WHEN job_Salary_type_id = 4 THEN '和地区相关'
		ELSE '未指定'
	END AS R_salary,
	CASE
		WHEN job_Year_low IS NULL AND job_Year_high IS NULL THEN '无限制'
		WHEN job_Year_low IS NULL THEN job_Year_high
		WHEN job_Year_high IS NULL THEN job_Year_low
		ELSE CONCAT(job_Year_low, '-', job_Year_high)
	END AS R_work_experience,
	job_Recruit_num,
	CASE
		WHEN job_Commission_type_id = 1 THEN CONCAT(job_Commission, '元')
		WHEN job_Commission_type_id = 2 THEN CONCAT(FORMAT(job_Commission * 100, 0), '%')
	END AS R_commission,
	CASE
		WHEN job_Start_date IS NULL AND job_End_date IS NULL THEN '无限制'
		WHEN job_Start_date IS NULL OR job_Start_date = '0000-00-00' THEN CONCAT(job_End_date, '截止')
		WHEN job_End_date IS NULL OR job_End_date = '0000-00-00' THEN CONCAT(job_Start_date, '开始')
		ELSE CONCAT(job_Start_date, '到', job_End_date)
	END AS R_period_of_validity,
	job_Simple_des,
	job_Detail_des,
	IFNULL(1StatusPersonNum, 0) R_1status,
	IFNULL(2StatusPersonNum, 0) R_2status,
	IFNULL(3StatusPersonNum, 0) R_3status,
	IFNULL(1StatusPersonNum, 0) + IFNULL(2StatusPersonNum, 0) + IFNULL(3StatusPersonNum, 0) totalPersonNum
FROM
	T_Job AS A
LEFT JOIN
	(
		SELECT
			hunter_talent_job_Job_id,
			count(*) 1StatusPersonNum
		FROM
			T_Hunter_Talent_Job
		WHERE
				hunter_talent_job_Hunter_account = hunterAccount
			AND
				hunter_talent_job_Status = 1
		GROUP BY
			hunter_talent_job_Job_id
	) AS B
ON
	A.job_Id = B.hunter_talent_job_Job_id
LEFT JOIN
	(
		SELECT
			hunter_talent_job_Job_id,
			count(*) 2StatusPersonNum
		FROM
			T_Hunter_Talent_Job
		WHERE
				hunter_talent_job_Hunter_account = hunterAccount
			AND
				hunter_talent_job_Status = 2
		GROUP BY
			hunter_talent_job_Job_id
	) AS C
ON
	A.job_ID = C.hunter_talent_job_Job_id
LEFT JOIN
	(
		SELECT
			hunter_talent_job_Job_id,
			count(*) 3StatusPersonNum
		FROM
			T_Hunter_Talent_Job
		WHERE
				hunter_talent_job_Hunter_account = hunterAccount
			AND
				hunter_talent_job_Status = 3
		GROUP BY
			hunter_talent_job_Job_id
	) AS D
ON
	A.job_ID = D.hunter_talent_job_Job_id
LEFT JOIN
	(
		SELECT
			job_location_Job_id,
			MAX(time_updated) R_job_location_time_updated
		FROM
			T_Job_Location
		GROUP BY
			job_location_Job_id
	) AS E
ON
	A.job_Id = E.job_location_Job_id
LEFT JOIN
	T_Salary_type AS F
ON
	A.job_Salary_type_id = F.salary_type_Id
LEFT JOIN
	(
		SELECT
			job_degree_Job_id,
			MAX(time_updated) R_job_degree_time_updated
		FROM
			T_Job_Degree
		GROUP BY
			job_degree_Job_id
	) AS G
ON
	A.job_Id = G.job_degree_Job_id
WHERE
	A.job_Status_id = 1
	AND
		CASE
			WHEN keyWord is NULL THEN 1
			ELSE 
				(
					A.job_Title like keyWord
				OR
					A.job_Simple_des like keyWord
				)
		END
	AND
		CASE
			WHEN jobId is NULL THEN 1
			ELSE A.job_Id = jobId
		END
ORDER BY
	GREATEST(A.time_updated, IFNULL(E.R_job_location_time_updated, '0000-00-00 00:00:00'), IFNULL(G.R_job_degree_time_updated, '0000-00-00 00:00:00')) DESC
LIMIT
	offsetNum,
	limitNum
;
SELECT FOUND_ROWS() R_total_rows;
END */;;
DELIMITER ;
/*!50003 SET sql_mode              = @saved_sql_mode */ ;
/*!50003 SET character_set_client  = @saved_cs_client */ ;
/*!50003 SET character_set_results = @saved_cs_results */ ;
/*!50003 SET collation_connection  = @saved_col_connection */ ;
/*!50003 DROP PROCEDURE IF EXISTS `P_createNewHunterTalent` */;
/*!50003 SET @saved_cs_client      = @@character_set_client */ ;
/*!50003 SET @saved_cs_results     = @@character_set_results */ ;
/*!50003 SET @saved_col_connection = @@collation_connection */ ;
/*!50003 SET character_set_client  = utf8 */ ;
/*!50003 SET character_set_results = utf8 */ ;
/*!50003 SET collation_connection  = utf8_general_ci */ ;
/*!50003 SET @saved_sql_mode       = @@sql_mode */ ;
/*!50003 SET sql_mode              = '' */ ;
DELIMITER ;;
/*!50003 CREATE*/ /*!50020 DEFINER=`root`@`localhost`*/ /*!50003 PROCEDURE `P_createNewHunterTalent`(IN_hunter_Account VARCHAR(20),  IN_talent_id VARCHAR(11), IN_talent_id_card VARCHAR(18), IN_talent_name VARCHAR(10), IN_talent_height INT(11), IN_talent_weight INT(11), IN_talent_born_year DATE, IN_talent_sex_id INT(11), IN_talent_mobile VARCHAR(11), IN_talent_mail VARCHAR(50), IN_talent_qq VARCHAR(20), IN_talent_hukou VARCHAR(200), IN_talent_born_place VARCHAR(100), IN_talent_location_type_id INT(11), IN_talent_live_id INT(11), IN_talent_live_street VARCHAR(100), IN_talent_self_comment VARCHAR(500), IN_talent_hobby VARCHAR(500), IN_talent_feature VARCHAR(255), IN_video_url VARCHAR(255), IN_wuguan INT(11), IN_pifu INT(11), IN_xiushi INT(11), IN_qizhi INT(11), IN_tantu INT(11), IN_juzhi INT(11), IN_goutong INT(11), IN_xiaoshou INT(11))
BEGIN

SET IN_talent_born_year=null;
SET IN_talent_hukou=null;
SET IN_talent_self_comment=null;
SET IN_talent_hobby=null;
SET IN_talent_feature=null;
SET IN_video_url=null;
SET IN_wuguan=null;
SET IN_pifu=null;
SET IN_xiushi=null;
SET IN_qizhi=null;
SET IN_tantu=null;
SET IN_juzhi=null;
SET IN_goutong=null;
SET IN_xiaoshou=null;

/*添加T_Hunter_Talent记录*/
INSERT INTO T_Hunter_Talent
			(
			hunter_talent_hunter_Account,
			hunter_talent_talent_id,
			hunter_talent_talent_id_card,
			hunter_talent_talent_name,
			hunter_talent_talent_height,
			hunter_talent_talent_weight,
			hunter_talent_talent_born_year,
			hunter_talent_talent_sex_id,
			hunter_talent_talent_mobile,
			hunter_talent_talent_mail,
			hunter_talent_talent_qq,
			hunter_talent_talent_hukou,
			hunter_talent_talent_born_place,
			hunter_talent_talent_location_type_id,
			hunter_talent_talent_live_id,
			hunter_talent_talent_live_street,
			hunter_talent_talent_self_comment,
			hunter_talent_talent_hobby,
			hunter_talent_talent_feature,
			hunter_talent_video_url,
			hunter_talent_wuguan,
			hunter_talent_pifu,
			hunter_talent_xiushi,
			hunter_talent_qizhi,
			hunter_talent_tantu,
			hunter_talent_juzhi,
			hunter_talent_goutong,
			hunter_talent_xiaoshou,
			time_updated,
			time_created
			) 
VALUES
			(
			IN_hunter_Account,
			IN_talent_id,
			IN_talent_id_card,
			IN_talent_name,
			IN_talent_height,
			IN_talent_weight,
			IN_talent_born_year,
			IN_talent_sex_id,
			IN_talent_mobile,
			IN_talent_mail,
			IN_talent_qq,
			IN_talent_hukou,
			IN_talent_born_place,
			IN_talent_location_type_id,
			IN_talent_live_id,
			IN_talent_live_street,
			IN_talent_self_comment,
			IN_talent_hobby,
			IN_talent_feature,
			IN_video_url,
			IN_wuguan,
			IN_pifu,
			IN_xiushi,
			IN_qizhi,
			IN_tantu,
			IN_juzhi,
			IN_goutong,
			IN_xiaoshou,
			null,
			null
			);
END */;;
DELIMITER ;
/*!50003 SET sql_mode              = @saved_sql_mode */ ;
/*!50003 SET character_set_client  = @saved_cs_client */ ;
/*!50003 SET character_set_results = @saved_cs_results */ ;
/*!50003 SET collation_connection  = @saved_col_connection */ ;
/*!50003 DROP PROCEDURE IF EXISTS `P_createNewHunterTalentJob` */;
/*!50003 SET @saved_cs_client      = @@character_set_client */ ;
/*!50003 SET @saved_cs_results     = @@character_set_results */ ;
/*!50003 SET @saved_col_connection = @@collation_connection */ ;
/*!50003 SET character_set_client  = utf8 */ ;
/*!50003 SET character_set_results = utf8 */ ;
/*!50003 SET collation_connection  = utf8_general_ci */ ;
/*!50003 SET @saved_sql_mode       = @@sql_mode */ ;
/*!50003 SET sql_mode              = '' */ ;
DELIMITER ;;
/*!50003 CREATE*/ /*!50020 DEFINER=`root`@`localhost`*/ /*!50003 PROCEDURE `P_createNewHunterTalentJob`(IN_hunter_Account VARCHAR(20), IN_talent_id VARCHAR(11), IN_job_id INT(11), IN_status INT(11), IN_status_update_time DATETIME,  IN_talent_id_card VARCHAR(18), IN_talent_name VARCHAR(10), IN_talent_height INT(11), IN_talent_weight INT(11), IN_talent_born_year DATE, IN_talent_sex_id INT(11), IN_talent_mobile VARCHAR(11), IN_talent_mail VARCHAR(50), IN_talent_qq VARCHAR(20), IN_talent_hukou VARCHAR(200), IN_talent_born_place VARCHAR(100), IN_talent_location_type_id INT(11), IN_talent_live_id INT(11), IN_talent_live_street VARCHAR(100), IN_talent_self_comment VARCHAR(500), IN_talent_hobby VARCHAR(500), IN_talent_feature VARCHAR(255), IN_video_url VARCHAR(255), IN_wuguan INT(11), IN_pifu INT(11), IN_xiushi INT(11), IN_qizhi INT(11), IN_tantu INT(11), IN_juzhi INT(11), IN_goutong INT(11), IN_xiaoshou INT(11))
BEGIN

/*添加T_Hunter_Talent_Job记录*/
INSERT INTO T_Hunter_Talent_Job
			(
			hunter_talent_job_hunter_Account,
			hunter_talent_job_talent_id,
			hunter_talent_job_job_id,
			hunter_talent_job_status,
			hunter_talent_job_status_update_time,
			hunter_talent_job_talent_id_card,
			hunter_talent_job_talent_name,
			hunter_talent_job_talent_height,
			hunter_talent_job_talent_weight,
			hunter_talent_job_talent_born_year,
			hunter_talent_job_talent_sex_id,
			hunter_talent_job_talent_mobile,
			hunter_talent_job_talent_mail,
			hunter_talent_job_talent_qq,
			hunter_talent_job_talent_hukou,
			hunter_talent_job_talent_born_place,
			hunter_talent_job_talent_location_type_id,
			hunter_talent_job_talent_live_id,
			hunter_talent_job_talent_live_street,
			hunter_talent_job_talent_self_comment,
			hunter_talent_job_talent_hobby,
			hunter_talent_job_talent_feature,
			hunter_talent_job_video_url,
			hunter_talent_job_wuguan,
			hunter_talent_job_pifu,
			hunter_talent_job_xiushi,
			hunter_talent_job_qizhi,
			hunter_talent_job_tantu,
			hunter_talent_job_juzhi,
			hunter_talent_job_goutong,
			hunter_talent_job_xiaoshou,
			time_updated,
			time_created
			) 
VALUES
			(
			IN_hunter_Account,
			IN_talent_id,
			IN_job_id,
			IN_status,
			IN_status_update_time,
			IN_talent_id_card,
			IN_talent_name,
			IN_talent_height,
			IN_talent_weight,
			IN_talent_born_year,
			IN_talent_sex_id,
			IN_talent_mobile,
			IN_talent_mail,
			IN_talent_qq,
			IN_talent_hukou,
			IN_talent_born_place,
			IN_talent_location_type_id,
			IN_talent_live_id,
			IN_talent_live_street,
			IN_talent_self_comment,
			IN_talent_hobby,
			IN_talent_feature,
			IN_video_url,
			IN_wuguan,
			IN_pifu,
			IN_xiushi,
			IN_qizhi,
			IN_tantu,
			IN_juzhi,
			IN_goutong,
			IN_xiaoshou,
			null,
			null
			);
END */;;
DELIMITER ;
/*!50003 SET sql_mode              = @saved_sql_mode */ ;
/*!50003 SET character_set_client  = @saved_cs_client */ ;
/*!50003 SET character_set_results = @saved_cs_results */ ;
/*!50003 SET collation_connection  = @saved_col_connection */ ;
/*!50003 DROP PROCEDURE IF EXISTS `P_createNewHunterTalentWorkExp` */;
/*!50003 SET @saved_cs_client      = @@character_set_client */ ;
/*!50003 SET @saved_cs_results     = @@character_set_results */ ;
/*!50003 SET @saved_col_connection = @@collation_connection */ ;
/*!50003 SET character_set_client  = utf8 */ ;
/*!50003 SET character_set_results = utf8 */ ;
/*!50003 SET collation_connection  = utf8_general_ci */ ;
/*!50003 SET @saved_sql_mode       = @@sql_mode */ ;
/*!50003 SET sql_mode              = '' */ ;
DELIMITER ;;
/*!50003 CREATE*/ /*!50020 DEFINER=`root`@`localhost`*/ /*!50003 PROCEDURE `P_createNewHunterTalentWorkExp`(IN_talent_id VARCHAR(11), IN_hunter_account VARCHAR(20), IN_company 	VARCHAR(100), IN_startDate DATE, IN_endDate DATE, IN_jobPosition VARCHAR(100), IN_salary INT(11), IN_job_quit_reason_type INT(11), IN_job_quit_reason_des VARCHAR(200))
BEGIN

INSERT INTO T_Hunter_Talent_Work_experience
			(
			hunter_talent_work_experience_Talent_id,
			hunter_talent_work_experience_Hunter_account,
			hunter_talent_work_experience_Company,
			hunter_talent_work_experience_Start_date,
			hunter_talent_work_experience_End_date,
			hunter_talent_work_experience_Position,
			hunter_talent_work_experience_Salary,
			hunter_talent_work_experience_Job_quit_reason_type,
			hunter_talent_work_experience_Job_quit_reason_Des,
			time_updated,
			time_created
			) 
VALUES
			(
			IN_talent_id,
			IN_hunter_account,
			IN_company,
			IN_startDate,
			IN_endDate,
			IN_jobPosition,
			IN_salary,
			IN_job_quit_reason_type,
			IN_job_quit_reason_des,
			null,
			null
			);
END */;;
DELIMITER ;
/*!50003 SET sql_mode              = @saved_sql_mode */ ;
/*!50003 SET character_set_client  = @saved_cs_client */ ;
/*!50003 SET character_set_results = @saved_cs_results */ ;
/*!50003 SET collation_connection  = @saved_col_connection */ ;
/*!50003 DROP PROCEDURE IF EXISTS `P_createNewJob` */;
/*!50003 SET @saved_cs_client      = @@character_set_client */ ;
/*!50003 SET @saved_cs_results     = @@character_set_results */ ;
/*!50003 SET @saved_col_connection = @@collation_connection */ ;
/*!50003 SET character_set_client  = utf8 */ ;
/*!50003 SET character_set_results = utf8 */ ;
/*!50003 SET collation_connection  = utf8_general_ci */ ;
/*!50003 SET @saved_sql_mode       = @@sql_mode */ ;
/*!50003 SET sql_mode              = '' */ ;
DELIMITER ;;
/*!50003 CREATE*/ /*!50020 DEFINER=`root`@`localhost`*/ /*!50003 PROCEDURE `P_createNewJob`(IN_title VARCHAR(40), IN_simple_des VARCHAR(200), IN_detail_des MEDIUMTEXT, IN_enterprise_user_account VARCHAR(20), IN_type_id INT(11), IN_status_id INT(11), IN_recruit_num INT(11), IN_year_low INT(11), IN_year_high INT(11), IN_salary_type_id INT(11), IN_salary_less INT(11), IN_salary_high INT(11), IN_commission_type_id INT(11), IN_commission DECIMAL(8,2), IN_start_date DATE, IN_end_date DATE)
    DETERMINISTIC
BEGIN
DECLARE Result INT(11);

SET IN_enterprise_user_account = IFNULL(IN_enterprise_user_account, 'systemDefault');
SET IN_type_id = IFNULL(IN_type_id, 10); /*id 10 in T_Job_type is '其他职位'*/
SET IN_status_id = 1; /*新建职位默认为1:激活状态*/
SET IN_salary_type_id = 1; /*新建职位默认为1:固定数额*/

/*添加T_job记录*/
INSERT INTO t_job 
			(
			job_title, 
			job_simple_des, 
			job_detail_des, 
			job_enterprise_user_account, 
			job_type_id, 
			job_status_id, 
			job_recruit_num, 
			job_year_low, 
			job_year_high, 
			job_salary_type_id, 
			job_salary_less, 
			job_salary_high, 
			job_commission_type_id, 
			job_commission, 
			job_start_date, 
			job_end_date,
			time_updated,
			time_created
			) 
VALUES
			(
			IN_title, 
			IN_simple_des, 
			IN_detail_des, 
			IN_enterprise_user_account, 
			IN_type_id, 
			IN_status_id, 
			IN_recruit_num, 
			IN_year_low, 
			IN_year_high, 
			IN_salary_type_id, 
			IN_salary_less, 
			IN_salary_high, 
			IN_commission_type_id, 
			IN_commission, 
			IN_start_date, 
			IN_end_date,
			null,
			null
			);

IF (ROW_COUNT() = 1)
THEN	
		SET Result = LAST_INSERT_ID();
ELSE
		CALL RAISE_ERROR_P_createNewJob;
END IF;
SELECT Result;
END */;;
DELIMITER ;
/*!50003 SET sql_mode              = @saved_sql_mode */ ;
/*!50003 SET character_set_client  = @saved_cs_client */ ;
/*!50003 SET character_set_results = @saved_cs_results */ ;
/*!50003 SET collation_connection  = @saved_col_connection */ ;
/*!50003 DROP PROCEDURE IF EXISTS `P_createNewJobDegree` */;
/*!50003 SET @saved_cs_client      = @@character_set_client */ ;
/*!50003 SET @saved_cs_results     = @@character_set_results */ ;
/*!50003 SET @saved_col_connection = @@collation_connection */ ;
/*!50003 SET character_set_client  = utf8 */ ;
/*!50003 SET character_set_results = utf8 */ ;
/*!50003 SET collation_connection  = utf8_general_ci */ ;
/*!50003 SET @saved_sql_mode       = @@sql_mode */ ;
/*!50003 SET sql_mode              = '' */ ;
DELIMITER ;;
/*!50003 CREATE*/ /*!50020 DEFINER=`root`@`localhost`*/ /*!50003 PROCEDURE `P_createNewJobDegree`(IN_job_id INT(11), IN_degree_id INT(11))
    DETERMINISTIC
BEGIN
DECLARE Result INT(11);

/*添加T_Job_Degree记录*/
INSERT INTO T_Job_Degree 
            (
			job_degree_Job_id,
			job_degree_Degree_id,
			time_updated,
			time_created
			) 
VALUES
			(
			IN_job_id,
			IN_degree_id,
			null,
			null
			);

IF (ROW_COUNT() = 1)
THEN	
		SET Result = LAST_INSERT_ID();
ELSE
		CALL RAISE_ERROR_P_createNewJobDegree;
END IF;
SELECT Result;
END */;;
DELIMITER ;
/*!50003 SET sql_mode              = @saved_sql_mode */ ;
/*!50003 SET character_set_client  = @saved_cs_client */ ;
/*!50003 SET character_set_results = @saved_cs_results */ ;
/*!50003 SET collation_connection  = @saved_col_connection */ ;
/*!50003 DROP PROCEDURE IF EXISTS `P_createNewJobLocation` */;
/*!50003 SET @saved_cs_client      = @@character_set_client */ ;
/*!50003 SET @saved_cs_results     = @@character_set_results */ ;
/*!50003 SET @saved_col_connection = @@collation_connection */ ;
/*!50003 SET character_set_client  = utf8 */ ;
/*!50003 SET character_set_results = utf8 */ ;
/*!50003 SET collation_connection  = utf8_general_ci */ ;
/*!50003 SET @saved_sql_mode       = @@sql_mode */ ;
/*!50003 SET sql_mode              = '' */ ;
DELIMITER ;;
/*!50003 CREATE*/ /*!50020 DEFINER=`root`@`localhost`*/ /*!50003 PROCEDURE `P_createNewJobLocation`(IN_job_id INT(11), IN_location_type_id INT(11), IN_location_id INT(11), IN_salary_type INT(11), IN_salary_less INT(11), IN_salary_high INT(11))
    DETERMINISTIC
BEGIN
DECLARE Result INT(11);

SET IN_location_type_id = 2; /*默认为2:城市*/

/*添加T_Job_Location记录*/
INSERT INTO T_Job_Location 
            (
			job_location_job_id, 
			job_location_location_type_id, 
			job_location_location_id, 
			job_location_salary_type, 
			job_location_salary_less, 
			job_location_salary_high,
			time_updated,
			time_created
			) 
VALUES
			(
			IN_job_id, 
			IN_location_type_id, 
			IN_location_id, 
			IN_salary_type, 
			IN_salary_less, 
			IN_salary_high,
			null,
			null
			);

IF (ROW_COUNT() = 1)
THEN	
		SET Result = LAST_INSERT_ID();
ELSE
		CALL RAISE_ERROR_P_createNewJobLocation;
END IF;
SELECT Result;
END */;;
DELIMITER ;
/*!50003 SET sql_mode              = @saved_sql_mode */ ;
/*!50003 SET character_set_client  = @saved_cs_client */ ;
/*!50003 SET character_set_results = @saved_cs_results */ ;
/*!50003 SET collation_connection  = @saved_col_connection */ ;
/*!50003 DROP PROCEDURE IF EXISTS `P_createNewTalent` */;
/*!50003 SET @saved_cs_client      = @@character_set_client */ ;
/*!50003 SET @saved_cs_results     = @@character_set_results */ ;
/*!50003 SET @saved_col_connection = @@collation_connection */ ;
/*!50003 SET character_set_client  = utf8 */ ;
/*!50003 SET character_set_results = utf8 */ ;
/*!50003 SET collation_connection  = utf8_general_ci */ ;
/*!50003 SET @saved_sql_mode       = @@sql_mode */ ;
/*!50003 SET sql_mode              = '' */ ;
DELIMITER ;;
/*!50003 CREATE*/ /*!50020 DEFINER=`root`@`localhost`*/ /*!50003 PROCEDURE `P_createNewTalent`(IN_id VARCHAR(11), IN_id_card VARCHAR(18), IN_name VARCHAR(10), IN_height INT(11), IN_weight INT(11), IN_born_year DATE, IN_sex_id INT(11), IN_mobile VARCHAR(11), IN_mail VARCHAR(50), IN_qq VARCHAR(20), IN_hukou VARCHAR(200), IN_born_place VARCHAR(100), IN_location_type_id INT(11), IN_live_id INT(11), IN_live_street VARCHAR(100), IN_self_comment VARCHAR(500), IN_hobby VARCHAR(500), IN_feature VARCHAR(255), IN_video_url VARCHAR(255))
BEGIN

SET IN_id_card = null;
SET IN_name = null;
SET IN_born_year = null;
SET IN_sex_id = null;
SET IN_mail = null;
SET IN_hukou = null;
SET IN_born_place = null;
SET IN_location_type_id = null;
SET IN_live_id = null;
SET IN_live_street = null;
SET IN_self_comment = null;
SET IN_hobby = null;
SET IN_feature = null;
SET IN_video_url = null;

/*添加T_Talent记录*/
INSERT INTO T_Talent
			(
			talent_id,
			talent_id_card,
			talent_name,
			talent_height,
			talent_weight,
			talent_born_year,
			talent_sex_id,
			talent_mobile,
			talent_mail,
			talent_qq,
			talent_hukou,
			talent_born_place,
			talent_location_type_id,
			talent_live_id,
			talent_live_street,
			talent_self_comment,
			talent_hobby,
			talent_feature,
			talent_video_url,
			time_updated,
			time_created
			) 
VALUES
			(
			IN_id,
			IN_id_card,
			IN_name,
			IN_height,
			IN_weight,
			IN_born_year,
			IN_sex_id,
			IN_mobile,
			IN_mail,
			IN_qq,
			IN_hukou,
			IN_born_place,
			IN_location_type_id,
			IN_live_id,
			IN_live_street,
			IN_self_comment,
			IN_hobby,
			IN_feature,
			IN_video_url,
			null,
			null
			);
END */;;
DELIMITER ;
/*!50003 SET sql_mode              = @saved_sql_mode */ ;
/*!50003 SET character_set_client  = @saved_cs_client */ ;
/*!50003 SET character_set_results = @saved_cs_results */ ;
/*!50003 SET collation_connection  = @saved_col_connection */ ;
/*!50003 DROP PROCEDURE IF EXISTS `P_delJobDegree` */;
/*!50003 SET @saved_cs_client      = @@character_set_client */ ;
/*!50003 SET @saved_cs_results     = @@character_set_results */ ;
/*!50003 SET @saved_col_connection = @@collation_connection */ ;
/*!50003 SET character_set_client  = utf8 */ ;
/*!50003 SET character_set_results = utf8 */ ;
/*!50003 SET collation_connection  = utf8_general_ci */ ;
/*!50003 SET @saved_sql_mode       = @@sql_mode */ ;
/*!50003 SET sql_mode              = '' */ ;
DELIMITER ;;
/*!50003 CREATE*/ /*!50020 DEFINER=`root`@`localhost`*/ /*!50003 PROCEDURE `P_delJobDegree`(IN_job_id INT(11), IN_degree_id INT(11))
    DETERMINISTIC
BEGIN
DECLARE Result INT(11);

DELETE FROM
	T_Job_Degree 
WHERE
		job_degree_Job_id = IN_job_id
	AND
		job_degree_Degree_id = IN_degree_id;

IF (ROW_COUNT() = 1)
THEN	
		SET Result = 1;
ELSE
		CALL RAISE_ERROR;
END IF;
SELECT Result;
END */;;
DELIMITER ;
/*!50003 SET sql_mode              = @saved_sql_mode */ ;
/*!50003 SET character_set_client  = @saved_cs_client */ ;
/*!50003 SET character_set_results = @saved_cs_results */ ;
/*!50003 SET collation_connection  = @saved_col_connection */ ;
/*!50003 DROP PROCEDURE IF EXISTS `P_delJobLocation` */;
/*!50003 SET @saved_cs_client      = @@character_set_client */ ;
/*!50003 SET @saved_cs_results     = @@character_set_results */ ;
/*!50003 SET @saved_col_connection = @@collation_connection */ ;
/*!50003 SET character_set_client  = utf8 */ ;
/*!50003 SET character_set_results = utf8 */ ;
/*!50003 SET collation_connection  = utf8_general_ci */ ;
/*!50003 SET @saved_sql_mode       = @@sql_mode */ ;
/*!50003 SET sql_mode              = '' */ ;
DELIMITER ;;
/*!50003 CREATE*/ /*!50020 DEFINER=`root`@`localhost`*/ /*!50003 PROCEDURE `P_delJobLocation`(IN_job_id INT(11), IN_location_type_id INT(11), IN_location_id INT(11))
BEGIN
DECLARE Result INT(11);

DELETE FROM
	T_Job_Location
WHERE
		job_location_Job_id = IN_job_id
	AND
		job_location_Location_type_id = IN_location_type_id
	AND
		job_location_Location_id = IN_location_id;

IF (ROW_COUNT() = 1)
THEN	
		SET Result = 1;
ELSE
		CALL RAISE_ERROR;
END IF;
SELECT Result;
END */;;
DELIMITER ;
/*!50003 SET sql_mode              = @saved_sql_mode */ ;
/*!50003 SET character_set_client  = @saved_cs_client */ ;
/*!50003 SET character_set_results = @saved_cs_results */ ;
/*!50003 SET collation_connection  = @saved_col_connection */ ;
/*!50003 DROP PROCEDURE IF EXISTS `P_getHunterTalentWorkExp` */;
/*!50003 SET @saved_cs_client      = @@character_set_client */ ;
/*!50003 SET @saved_cs_results     = @@character_set_results */ ;
/*!50003 SET @saved_col_connection = @@collation_connection */ ;
/*!50003 SET character_set_client  = utf8 */ ;
/*!50003 SET character_set_results = utf8 */ ;
/*!50003 SET collation_connection  = utf8_general_ci */ ;
/*!50003 SET @saved_sql_mode       = @@sql_mode */ ;
/*!50003 SET sql_mode              = '' */ ;
DELIMITER ;;
/*!50003 CREATE*/ /*!50020 DEFINER=`root`@`localhost`*/ /*!50003 PROCEDURE `P_getHunterTalentWorkExp`(IN_hunter_account VARCHAR(20), IN_talent_id VARCHAR(11),  IN_company 	VARCHAR(100), IN_jobPosition VARCHAR(100), IN_startDate DATE)
BEGIN

SELECT
	hunter_talent_work_experience_Company,
	hunter_talent_work_experience_Position,
	hunter_talent_work_experience_Start_date,
	hunter_talent_work_experience_End_date,
	hunter_talent_work_experience_Salary,
	hunter_talent_work_experience_Job_quit_reason_type,
	hunter_talent_work_experience_Job_quit_reason_Des
	
FROM
	T_Hunter_Talent_Work_experience
WHERE
			hunter_talent_work_experience_Talent_id = IN_talent_id
	AND
			hunter_talent_work_experience_Hunter_account = IN_hunter_account
	AND
			hunter_talent_work_experience_Company = IN_company
	AND
			hunter_talent_work_experience_Position = IN_jobPosition
	AND
			hunter_talent_work_experience_Start_date = IN_startDate;
END */;;
DELIMITER ;
/*!50003 SET sql_mode              = @saved_sql_mode */ ;
/*!50003 SET character_set_client  = @saved_cs_client */ ;
/*!50003 SET character_set_results = @saved_cs_results */ ;
/*!50003 SET collation_connection  = @saved_col_connection */ ;
/*!50003 DROP PROCEDURE IF EXISTS `P_G_createNewJob` */;
/*!50003 SET @saved_cs_client      = @@character_set_client */ ;
/*!50003 SET @saved_cs_results     = @@character_set_results */ ;
/*!50003 SET @saved_col_connection = @@collation_connection */ ;
/*!50003 SET character_set_client  = utf8 */ ;
/*!50003 SET character_set_results = utf8 */ ;
/*!50003 SET collation_connection  = utf8_general_ci */ ;
/*!50003 SET @saved_sql_mode       = @@sql_mode */ ;
/*!50003 SET sql_mode              = '' */ ;
DELIMITER ;;
/*!50003 CREATE*/ /*!50020 DEFINER=`root`@`localhost`*/ /*!50003 PROCEDURE `P_G_createNewJob`(IN_title VARCHAR(40), IN_simple_des VARCHAR(200), IN_detail_des MEDIUMTEXT, IN_enterprise_user_account VARCHAR(20), IN_type_id INT(11), IN_status_id INT(11), IN_recruit_num INT(11), IN_year_low INT(11), IN_year_high INT(11), IN_salary_type_id INT(11), IN_salary_less INT(11), IN_salary_high INT(11), IN_commission_type_id INT(11), IN_commission DECIMAL(8,2), IN_start_date DATE, IN_end_date DATE, IN_locationList VARCHAR(255), IN_degreeList VARCHAR(255))
BEGIN
DECLARE divider SMALLINT;
DECLARE str VARCHAR(255);
DECLARE jobId INT(11);
CALL P_createNewJob
			(
			IN_title, 
			IN_simple_des, 
			IN_detail_des, 
			IN_enterprise_user_account, 
			IN_type_id, 
			IN_status_id, 
			IN_recruit_num, 
			IN_year_low, 
			IN_year_high, 
			IN_salary_type_id, 
			IN_salary_less, 
			IN_salary_high, 
			IN_commission_type_id, 
			IN_commission, 
			IN_start_date, 
			IN_end_date
			);

SET jobId = LAST_INSERT_ID();
WHILE IN_locationList <> '' DO
	SET divider = INSTR(IN_locationList,',');
	IF (divider > 0) 
	THEN
		SET str = SUBSTRING_INDEX(IN_locationList, ',', 1);
		SET IN_locationList = SUBSTRING(IN_locationList, divider+1);             
	ELSE 
		SET str = IN_locationList;
		SET IN_locationList = '';
	END IF;
	CALL P_createNewJobLocation
			(
			jobId, 
			null, 
			str, 
			null,
			null,
			null
			);
END WHILE;

WHILE IN_degreeList <> '' DO
	SET divider = INSTR(IN_degreeList,',');
	IF (divider > 0) 
	THEN
		SET str = SUBSTRING_INDEX(IN_degreeList, ',', 1);
		SET IN_degreeList = SUBSTRING(IN_degreeList, divider+1);             
	ELSE 
		SET str = IN_degreeList;
		SET IN_degreeList = '';
	END IF;
	CALL P_createNewJobDegree
			(
			jobId, 
			str
			);
END WHILE;

END */;;
DELIMITER ;
/*!50003 SET sql_mode              = @saved_sql_mode */ ;
/*!50003 SET character_set_client  = @saved_cs_client */ ;
/*!50003 SET character_set_results = @saved_cs_results */ ;
/*!50003 SET collation_connection  = @saved_col_connection */ ;
/*!50003 DROP PROCEDURE IF EXISTS `P_G_updateJob` */;
/*!50003 SET @saved_cs_client      = @@character_set_client */ ;
/*!50003 SET @saved_cs_results     = @@character_set_results */ ;
/*!50003 SET @saved_col_connection = @@collation_connection */ ;
/*!50003 SET character_set_client  = utf8 */ ;
/*!50003 SET character_set_results = utf8 */ ;
/*!50003 SET collation_connection  = utf8_general_ci */ ;
/*!50003 SET @saved_sql_mode       = @@sql_mode */ ;
/*!50003 SET sql_mode              = '' */ ;
DELIMITER ;;
/*!50003 CREATE*/ /*!50020 DEFINER=`root`@`localhost`*/ /*!50003 PROCEDURE `P_G_updateJob`(IN_id INT(11), IN_time_updated DATETIME, IN_title VARCHAR(40), IN_simple_des VARCHAR(200), IN_detail_des MEDIUMTEXT, IN_enterprise_user_account VARCHAR(20), IN_type_id INT(11), IN_status_id INT(11), IN_recruit_num INT(11), IN_year_low INT(11), IN_year_high INT(11), IN_salary_type_id INT(11), IN_salary_less INT(11), IN_salary_high INT(11), IN_commission_type_id INT(11), IN_commission DECIMAL(8,2), IN_start_date DATE, IN_end_date DATE, IN_locationAddList VARCHAR(255), IN_degreeAddList VARCHAR(255))
BEGIN
DECLARE divider SMALLINT;
DECLARE str VARCHAR(255);
DECLARE jobId INT(11);
CALL P_updateJob
			(
			IN_id,
			IN_time_updated,
			IN_title,
			IN_simple_des,
			IN_detail_des,
			IN_enterprise_user_account,
			IN_type_id,
			IN_status_id,
			IN_recruit_num,
			IN_year_low,
			IN_year_high,
			IN_salary_type_id,
			IN_salary_less,
			IN_salary_high,
			IN_commission_type_id,
			IN_commission,
			IN_start_date,
			IN_end_date
			);

DELETE FROM
	T_Job_Location
WHERE
	job_location_Job_id = IN_id;

DELETE FROM
	T_Job_Degree
WHERE
	job_degree_Job_id = IN_id;

WHILE IN_locationAddList <> '' DO
	SET divider = INSTR(IN_locationAddList,',');
	IF (divider > 0) 
	THEN
		SET str = SUBSTRING_INDEX(IN_locationAddList, ',', 1);
		SET IN_locationAddList = SUBSTRING(IN_locationAddList, divider+1);             
	ELSE 
		SET str = IN_locationAddList;
		SET IN_locationAddList = '';
	END IF;
	CALL P_createNewJobLocation
			(
			IN_id, 
			null,
			str,
			null,
			null,
			null
			);
END WHILE;

WHILE IN_degreeAddList <> '' DO
	SET divider = INSTR(IN_degreeAddList,',');
	IF (divider > 0) 
	THEN
		SET str = SUBSTRING_INDEX(IN_degreeAddList, ',', 1);
		SET IN_degreeAddList = SUBSTRING(IN_degreeAddList, divider+1);             
	ELSE 
		SET str = IN_degreeAddList;
		SET IN_degreeAddList = '';
	END IF;
	CALL P_createNewJobDegree
			(
			IN_id, 
			str
			);
END WHILE;

END */;;
DELIMITER ;
/*!50003 SET sql_mode              = @saved_sql_mode */ ;
/*!50003 SET character_set_client  = @saved_cs_client */ ;
/*!50003 SET character_set_results = @saved_cs_results */ ;
/*!50003 SET collation_connection  = @saved_col_connection */ ;
/*!50003 DROP PROCEDURE IF EXISTS `P_huntersTalentJobPreferJob` */;
/*!50003 SET @saved_cs_client      = @@character_set_client */ ;
/*!50003 SET @saved_cs_results     = @@character_set_results */ ;
/*!50003 SET @saved_col_connection = @@collation_connection */ ;
/*!50003 SET character_set_client  = utf8 */ ;
/*!50003 SET character_set_results = utf8 */ ;
/*!50003 SET collation_connection  = utf8_general_ci */ ;
/*!50003 SET @saved_sql_mode       = @@sql_mode */ ;
/*!50003 SET sql_mode              = '' */ ;
DELIMITER ;;
/*!50003 CREATE*/ /*!50020 DEFINER=`root`@`localhost`*/ /*!50003 PROCEDURE `P_huntersTalentJobPreferJob`(IN_hunterAccount VARCHAR(20), IN_talentId INT(11), IN_jobId INT(11), IN_offset INT(11), IN_limit INT(11))
    COMMENT '接收参数IN_hunterAccount VARCHAR(20), IN_talentId INT(11)，对于指定hunter的talent找出适合其工作的工作类型'
BEGIN
DECLARE offsetNum INT(11);
DECLARE limitNum INT(11);
DECLARE hunterAccount VARCHAR(20);
DECLARE talentId INT(11);
DECLARE jobId INT(11);

IF (IN_offset IS NULL) THEN
	SET offsetNum = 0;
ELSE
	SET offsetNum = IN_offset;
END IF;

IF (IN_limit IS NULL) THEN
	SET limitNum = 18446744073709551615;
ELSE
	SET limitNum = IN_limit;
END IF;

SET hunterAccount = IN_hunterAccount;
SET talentId = IN_talentId;
SET jobId = IN_jobId;

SELECT
	job_type_Des
FROM
	T_Hunter_Talent_Job_Prefer_job
JOIN
	T_Job_type
ON
	hunter_talent_job_prefer_job_Job_type_id = job_type_Id
WHERE
		hunter_talent_job_prefer_job_Hunter_account = hunterAccount
	AND
		hunter_talent_job_prefer_job_Talent_id = talentId
ORDER BY
	hunter_talent_job_prefer_job_Stars,
	hunter_talent_job_prefer_job_Job_type_id
LIMIT
	offsetNum,
	limitNum
;
END */;;
DELIMITER ;
/*!50003 SET sql_mode              = @saved_sql_mode */ ;
/*!50003 SET character_set_client  = @saved_cs_client */ ;
/*!50003 SET character_set_results = @saved_cs_results */ ;
/*!50003 SET collation_connection  = @saved_col_connection */ ;
/*!50003 DROP PROCEDURE IF EXISTS `P_huntersTalentNotInJobSortByUpdateTime` */;
/*!50003 SET @saved_cs_client      = @@character_set_client */ ;
/*!50003 SET @saved_cs_results     = @@character_set_results */ ;
/*!50003 SET @saved_col_connection = @@collation_connection */ ;
/*!50003 SET character_set_client  = utf8 */ ;
/*!50003 SET character_set_results = utf8 */ ;
/*!50003 SET collation_connection  = utf8_general_ci */ ;
/*!50003 SET @saved_sql_mode       = @@sql_mode */ ;
/*!50003 SET sql_mode              = '' */ ;
DELIMITER ;;
/*!50003 CREATE*/ /*!50020 DEFINER=`root`@`localhost`*/ /*!50003 PROCEDURE `P_huntersTalentNotInJobSortByUpdateTime`(IN_hunterAccount varchar(20), IN_jobId INT(11), IN_city INT(11), IN_talentName varchar(20), IN_offset INT(11), IN_limit INT(11))
    COMMENT '搜索所有属于此猎头且未被推荐到特定job的人才信息，接收参数IN_hunterAccount varchar(20)只选择指定猎头的人才信息, IN_jobId指定所有未推荐到此工作的人才，IN_city INT(11)根据人才所属城市筛选结果, IN_talentName varchar(20)根据人才名字模糊匹配筛选结果'
BEGIN
DECLARE offsetNum INT(11);
DECLARE limitNum INT(11);
DECLARE hunterAccount VARCHAR(20);
DECLARE jobId INT(11);
DECLARE city INT(11);
DECLARE talentName VARCHAR(20);

IF (IN_offset IS NULL) THEN
	SET offsetNum = 0;
ELSE
	SET offsetNum = IN_offset;
END IF;

IF (IN_limit IS NULL) THEN
	SET limitNum = 18446744073709551615;
ELSE
	SET limitNum = IN_limit;
END IF;

SET hunterAccount = IN_hunterAccount;
SET jobId = IN_jobId;
SET city = IN_city;
SET talentName = TRIM(IN_talentName);

SELECT SQL_CALC_FOUND_ROWS
	hunter_talent_Talent_Id,
	hunter_talent_Talent_Name,
	YEAR(NOW()) - YEAR(hunter_talent_Talent_born_year) R_age,
	sex_Name,
	IFNULL(R_city_name, '未知') R_city_name,
	hunter_talent_Talent_mobile,
	hunter_talent_Talent_qq,
	FORMAT(((hunter_talent_Wuguan
	+ hunter_talent_Pifu
	+ hunter_talent_Xiushi
	+ hunter_talent_Qizhi
	+ hunter_talent_Tantu
	+ hunter_talent_Juzhi
	+ hunter_talent_Goutong
	+ hunter_talent_Xiaoshou)/8),0) R_star,
	GREATEST
	(
		A.time_updated,
		CASE 
			WHEN B.R_hunter_talent_prefer_job_Update_time IS NULL THEN '0000-00-00 00:00:00'
			ELSE B.R_hunter_talent_prefer_job_Update_time
		END, 
		CASE 
			WHEN C.hunter_talent_edu_Update_time IS NULL THEN '0000-00-00 00:00:00'
			ELSE C.hunter_talent_edu_Update_time
		END,
		CASE 
			WHEN D.hunter_talent_Work_experience_Update_time IS NULL THEN '0000-00-00 00:00:00'
			ELSE D.hunter_talent_Work_experience_Update_time
		END
	) R_update_time
FROM
	T_Hunter_Talent AS A
LEFT JOIN
	(
		SELECT
			hunter_talent_prefer_job_Talent_id, MAX(time_updated) R_hunter_talent_prefer_job_Update_time
		FROM
			T_Hunter_Talent_Prefer_job
		WHERE
			hunter_talent_prefer_job_Hunter_account = hunterAccount
		GROUP BY
			hunter_talent_prefer_job_Talent_id
	) AS B
ON
	A.hunter_talent_Talent_id = B.hunter_talent_prefer_job_Talent_id
LEFT JOIN
	(
		SELECT
			hunter_talent_edu_Talent_id, MAX(time_updated) hunter_talent_edu_Update_time
		FROM
			T_Hunter_Talent_Edu
		WHERE
			hunter_talent_edu_Hunter_account = hunterAccount
		GROUP BY
			hunter_talent_edu_Talent_id
	) AS C
ON
	A.hunter_talent_Talent_id = C.hunter_talent_edu_Talent_id
LEFT JOIN
	(
		SELECT
			hunter_talent_Work_experience_Talent_id, MAX(time_updated) hunter_talent_Work_experience_Update_time
		FROM
			T_Hunter_Talent_Work_experience
		WHERE
			hunter_talent_Work_experience_Hunter_account = hunterAccount
		GROUP BY
			hunter_talent_Work_experience_Talent_id
	) AS D
ON
	A.hunter_talent_Talent_id = D.hunter_talent_Work_experience_Talent_id
LEFT JOIN
	T_Sex AS E
ON
	A.hunter_talent_Talent_sex_id = E.sex_Id
LEFT JOIN
	V_Location_info AS F
ON
		A.hunter_talent_Talent_location_type_id = F.location_Type_id
	AND
		A.hunter_talent_Talent_live_id = F.location_id
WHERE
	hunter_talent_Hunter_account = hunterAccount
	AND
		CASE
			WHEN city is NULL THEN 1
			ELSE hunter_talent_Talent_Location_type_id = 2 AND hunter_talent_Talent_live_id = city
		END
	AND
		CASE
			WHEN talentName is NULL THEN 1
			ELSE hunter_talent_Talent_name like CONCAT('%',talentName,'%')
		END
	AND
		NOT EXISTS
		(
			SELECT
				*
			FROM
				T_hunter_talent_job AS Z
			WHERE
					Z.hunter_talent_job_Hunter_account = hunterAccount
				AND
					Z.hunter_talent_job_Job_id = jobId
				AND
					Z.hunter_talent_job_Talent_id = A.hunter_talent_Talent_id
		)
ORDER BY
	R_update_time DESC
LIMIT
	offsetNum,
	limitNum
;
SELECT FOUND_ROWS() R_total_rows;
END */;;
DELIMITER ;
/*!50003 SET sql_mode              = @saved_sql_mode */ ;
/*!50003 SET character_set_client  = @saved_cs_client */ ;
/*!50003 SET character_set_results = @saved_cs_results */ ;
/*!50003 SET collation_connection  = @saved_col_connection */ ;
/*!50003 DROP PROCEDURE IF EXISTS `P_huntersTalentPreferJob` */;
/*!50003 SET @saved_cs_client      = @@character_set_client */ ;
/*!50003 SET @saved_cs_results     = @@character_set_results */ ;
/*!50003 SET @saved_col_connection = @@collation_connection */ ;
/*!50003 SET character_set_client  = utf8 */ ;
/*!50003 SET character_set_results = utf8 */ ;
/*!50003 SET collation_connection  = utf8_general_ci */ ;
/*!50003 SET @saved_sql_mode       = @@sql_mode */ ;
/*!50003 SET sql_mode              = '' */ ;
DELIMITER ;;
/*!50003 CREATE*/ /*!50020 DEFINER=`root`@`localhost`*/ /*!50003 PROCEDURE `P_huntersTalentPreferJob`(IN_hunterAccount VARCHAR(20), IN_talentId INT(11), IN_offset INT(11), IN_limit INT(11))
    COMMENT '接收参数IN_hunterAccount VARCHAR(20), IN_talentId INT(11)，对于指定hunter的talent找出适合其工作的工作类型'
BEGIN
DECLARE offsetNum INT(11);
DECLARE limitNum INT(11);
DECLARE hunterAccount VARCHAR(20);
DECLARE talentId INT(11);

IF (IN_offset IS NULL) THEN
	SET offsetNum = 0;
ELSE
	SET offsetNum = IN_offset;
END IF;

IF (IN_limit IS NULL) THEN
	SET limitNum = 18446744073709551615;
ELSE
	SET limitNum = IN_limit;
END IF;

SET hunterAccount = IN_hunterAccount;
SET talentId = IN_talentId;

SELECT
	job_type_Des
FROM
	T_Hunter_Talent_Prefer_job
JOIN
	T_Job_type
ON
	hunter_talent_prefer_job_Job_type_id = job_type_Id
WHERE
		hunter_talent_prefer_job_Hunter_account = hunterAccount
	AND
		hunter_talent_prefer_job_Talent_id = talentId
ORDER BY
	hunter_talent_prefer_job_Stars,
	hunter_talent_prefer_job_Job_type_id
LIMIT
	offsetNum,
	limitNum
;
END */;;
DELIMITER ;
/*!50003 SET sql_mode              = @saved_sql_mode */ ;
/*!50003 SET character_set_client  = @saved_cs_client */ ;
/*!50003 SET character_set_results = @saved_cs_results */ ;
/*!50003 SET collation_connection  = @saved_col_connection */ ;
/*!50003 DROP PROCEDURE IF EXISTS `P_huntersTalentSortByUpdateTime` */;
/*!50003 SET @saved_cs_client      = @@character_set_client */ ;
/*!50003 SET @saved_cs_results     = @@character_set_results */ ;
/*!50003 SET @saved_col_connection = @@collation_connection */ ;
/*!50003 SET character_set_client  = utf8 */ ;
/*!50003 SET character_set_results = utf8 */ ;
/*!50003 SET collation_connection  = utf8_general_ci */ ;
/*!50003 SET @saved_sql_mode       = @@sql_mode */ ;
/*!50003 SET sql_mode              = '' */ ;
DELIMITER ;;
/*!50003 CREATE*/ /*!50020 DEFINER=`root`@`localhost`*/ /*!50003 PROCEDURE `P_huntersTalentSortByUpdateTime`(IN_hunterAccount varchar(20), IN_city INT(11), IN_talentName varchar(20), IN_offset INT(11), IN_limit INT(11))
    COMMENT '搜索所有属于猎头的人才信息，接收参数IN_hunterAccount varchar(20)只选择指定猎头的人才信息, IN_city INT(11)根据人才所属城市筛选结果, IN_talentName varchar(20)根据人才名字模糊匹配筛选结果'
BEGIN
DECLARE offsetNum INT(11);
DECLARE limitNum INT(11);
DECLARE hunterAccount VARCHAR(20);
DECLARE city INT(11);
DECLARE talentName VARCHAR(20);

IF (IN_offset IS NULL) THEN
	SET offsetNum = 0;
ELSE
	SET offsetNum = IN_offset;
END IF;

IF (IN_limit IS NULL) THEN
	SET limitNum = 18446744073709551615;
ELSE
	SET limitNum = IN_limit;
END IF;

SET hunterAccount = IN_hunterAccount;
SET city = IN_city;
SET talentName = TRIM(IN_talentName);

SELECT SQL_CALC_FOUND_ROWS
	hunter_talent_Talent_Id,
	hunter_talent_Talent_Name,
	YEAR(NOW()) - YEAR(hunter_talent_Talent_born_year) R_age,
	sex_Name,
	IFNULL(location_Name, '未知') R_location_name,
	hunter_talent_Talent_mobile,
	hunter_talent_Talent_qq,
	FORMAT(((hunter_talent_Wuguan
	+ hunter_talent_Pifu
	+ hunter_talent_Xiushi
	+ hunter_talent_Qizhi
	+ hunter_talent_Tantu
	+ hunter_talent_Juzhi
	+ hunter_talent_Goutong
	+ hunter_talent_Xiaoshou)/8),0) R_star,
	GREATEST
	(
		A.time_updated,
		CASE 
			WHEN B.R_hunter_talent_prefer_job_Update_time IS NULL THEN '0000-00-00 00:00:00'
			ELSE B.R_hunter_talent_prefer_job_Update_time
		END, 
		CASE 
			WHEN C.hunter_talent_edu_Update_time IS NULL THEN '0000-00-00 00:00:00'
			ELSE C.hunter_talent_edu_Update_time
		END,
		CASE 
			WHEN D.hunter_talent_Work_experience_Update_time IS NULL THEN '0000-00-00 00:00:00'
			ELSE D.hunter_talent_Work_experience_Update_time
		END
	) R_update_time
FROM
	T_Hunter_Talent AS A
LEFT JOIN
	(
		SELECT
			hunter_talent_prefer_job_Talent_id, MAX(time_updated) R_hunter_talent_prefer_job_Update_time
		FROM
			T_Hunter_Talent_Prefer_job
		WHERE
			hunter_talent_prefer_job_Hunter_account = hunterAccount
		GROUP BY
			hunter_talent_prefer_job_Talent_id
	) AS B
ON
	A.hunter_talent_Talent_id = B.hunter_talent_prefer_job_Talent_id
LEFT JOIN
	(
		SELECT
			hunter_talent_edu_Talent_id, MAX(time_updated) hunter_talent_edu_Update_time
		FROM
			T_Hunter_Talent_Edu
		WHERE
			hunter_talent_edu_Hunter_account = hunterAccount
		GROUP BY
			hunter_talent_edu_Talent_id
	) AS C
ON
	A.hunter_talent_Talent_id = C.hunter_talent_edu_Talent_id
LEFT JOIN
	(
		SELECT
			hunter_talent_Work_experience_Talent_id, MAX(time_updated) hunter_talent_Work_experience_Update_time
		FROM
			T_Hunter_Talent_Work_experience
		WHERE
			hunter_talent_Work_experience_Hunter_account = hunterAccount
		GROUP BY
			hunter_talent_Work_experience_Talent_id
	) AS D
ON
	A.hunter_talent_Talent_id = D.hunter_talent_Work_experience_Talent_id
LEFT JOIN
	T_Sex AS E
ON
	A.hunter_talent_Talent_sex_id = E.sex_Id
LEFT JOIN
	V_location AS F
ON
		A.hunter_talent_Talent_location_type_id = F.location_Type_id
	AND
		A.hunter_talent_Talent_live_id = F.location_id
WHERE
	hunter_talent_Hunter_account = hunterAccount
	AND
		CASE
			WHEN city is NULL THEN 1
			ELSE hunter_talent_Talent_Location_type_id = 2 AND hunter_talent_Talent_live_id = city
		END
	AND
		CASE
			WHEN talentName is NULL THEN 1
			ELSE hunter_talent_Talent_name like CONCAT('%',talentName,'%')
		END
ORDER BY
	R_update_time DESC
LIMIT
	offsetNum,
	limitNum
;
SELECT FOUND_ROWS() R_total_rows;
END */;;
DELIMITER ;
/*!50003 SET sql_mode              = @saved_sql_mode */ ;
/*!50003 SET character_set_client  = @saved_cs_client */ ;
/*!50003 SET character_set_results = @saved_cs_results */ ;
/*!50003 SET collation_connection  = @saved_col_connection */ ;
/*!50003 DROP PROCEDURE IF EXISTS `P_jobDegrees` */;
/*!50003 SET @saved_cs_client      = @@character_set_client */ ;
/*!50003 SET @saved_cs_results     = @@character_set_results */ ;
/*!50003 SET @saved_col_connection = @@collation_connection */ ;
/*!50003 SET character_set_client  = utf8 */ ;
/*!50003 SET character_set_results = utf8 */ ;
/*!50003 SET collation_connection  = utf8_general_ci */ ;
/*!50003 SET @saved_sql_mode       = @@sql_mode */ ;
/*!50003 SET sql_mode              = '' */ ;
DELIMITER ;;
/*!50003 CREATE*/ /*!50020 DEFINER=`root`@`localhost`*/ /*!50003 PROCEDURE `P_jobDegrees`(IN_jobId INT(11))
    COMMENT '接收参数IN_jobId，取得指定职位的所在地址列表'
BEGIN

DECLARE jobId INT(11);
SET jobId = IN_jobId;

SELECT
	B.degree_Id,
	B.degree_Des
FROM
	T_Job_Degree AS A
LEFT JOIN
	T_Degree AS B
ON
		A.job_degree_Degree_id = B.degree_Id
WHERE
	A.job_degree_Job_id = jobId;
END */;;
DELIMITER ;
/*!50003 SET sql_mode              = @saved_sql_mode */ ;
/*!50003 SET character_set_client  = @saved_cs_client */ ;
/*!50003 SET character_set_results = @saved_cs_results */ ;
/*!50003 SET collation_connection  = @saved_col_connection */ ;
/*!50003 DROP PROCEDURE IF EXISTS `P_jobInfo` */;
/*!50003 SET @saved_cs_client      = @@character_set_client */ ;
/*!50003 SET @saved_cs_results     = @@character_set_results */ ;
/*!50003 SET @saved_col_connection = @@collation_connection */ ;
/*!50003 SET character_set_client  = utf8 */ ;
/*!50003 SET character_set_results = utf8 */ ;
/*!50003 SET collation_connection  = utf8_general_ci */ ;
/*!50003 SET @saved_sql_mode       = @@sql_mode */ ;
/*!50003 SET sql_mode              = '' */ ;
DELIMITER ;;
/*!50003 CREATE*/ /*!50020 DEFINER=`root`@`localhost`*/ /*!50003 PROCEDURE `P_jobInfo`(IN_jobId INT(11))
BEGIN
SELECT
	*
FROM
	T_Job
WHERE
	job_Id = IN_jobId;
END */;;
DELIMITER ;
/*!50003 SET sql_mode              = @saved_sql_mode */ ;
/*!50003 SET character_set_client  = @saved_cs_client */ ;
/*!50003 SET character_set_results = @saved_cs_results */ ;
/*!50003 SET collation_connection  = @saved_col_connection */ ;
/*!50003 DROP PROCEDURE IF EXISTS `P_jobLocations` */;
/*!50003 SET @saved_cs_client      = @@character_set_client */ ;
/*!50003 SET @saved_cs_results     = @@character_set_results */ ;
/*!50003 SET @saved_col_connection = @@collation_connection */ ;
/*!50003 SET character_set_client  = utf8 */ ;
/*!50003 SET character_set_results = utf8 */ ;
/*!50003 SET collation_connection  = utf8_general_ci */ ;
/*!50003 SET @saved_sql_mode       = @@sql_mode */ ;
/*!50003 SET sql_mode              = '' */ ;
DELIMITER ;;
/*!50003 CREATE*/ /*!50020 DEFINER=`root`@`localhost`*/ /*!50003 PROCEDURE `P_jobLocations`(IN_jobId INT(11))
    COMMENT '接收参数IN_jobId用来指定特定的职位，查处该职位对应的发布地点'
BEGIN
DECLARE jobId INT(11);
SET jobId = IN_jobId;
SELECT
	location_Type_id,
	location_Id,
	location_Name
FROM
	T_Job_Location AS A
JOIN
	V_Location AS B
ON
		A.job_location_Location_type_id = B.location_Type_id
	AND
		A.job_location_Location_id = B.location_Id
WHERE
	A.job_location_Job_id = jobId;
END */;;
DELIMITER ;
/*!50003 SET sql_mode              = @saved_sql_mode */ ;
/*!50003 SET character_set_client  = @saved_cs_client */ ;
/*!50003 SET character_set_results = @saved_cs_results */ ;
/*!50003 SET collation_connection  = @saved_col_connection */ ;
/*!50003 DROP PROCEDURE IF EXISTS `P_systemTalentSortByUpdateTime` */;
/*!50003 SET @saved_cs_client      = @@character_set_client */ ;
/*!50003 SET @saved_cs_results     = @@character_set_results */ ;
/*!50003 SET @saved_col_connection = @@collation_connection */ ;
/*!50003 SET character_set_client  = utf8 */ ;
/*!50003 SET character_set_results = utf8 */ ;
/*!50003 SET collation_connection  = utf8_general_ci */ ;
/*!50003 SET @saved_sql_mode       = @@sql_mode */ ;
/*!50003 SET sql_mode              = '' */ ;
DELIMITER ;;
/*!50003 CREATE*/ /*!50020 DEFINER=`root`@`localhost`*/ /*!50003 PROCEDURE `P_systemTalentSortByUpdateTime`(IN_city INT(11), IN_talentName varchar(20))
    COMMENT '搜索所有属于猎头的人才信息，接收参数IN_hunterAccount varchar(20)只选择指定猎头的人才信息, IN_city INT(11)根据人才所属城市筛选结果, IN_talentName varchar(20)根据人才名字模糊匹配筛选结果'
BEGIN
DECLARE city INT(11);
DECLARE talentName VARCHAR(20);

SET city = IN_city;
SET talentName = CONCAT('%',TRIM(IN_talentName),'%');

SELECT
	*
FROM
	T_Talent AS A
LEFT JOIN
	(
		SELECT
			talent_edu_Talent_id, MAX(time_updated) talent_edu_Update_time
		FROM
			T_Talent_Edu
		GROUP BY
			talent_edu_Talent_id
	) AS B
ON
	A.talent_Id = B.talent_edu_Talent_id
LEFT JOIN
	(
		SELECT
			talent_work_experience_Talent_id, MAX(time_updated) talent_work_experience_Update_time
		FROM
			T_Talent_Work_experience
		GROUP BY
			talent_work_experience_Talent_id
	) AS C
	ON
	A.talent_Id = C.talent_work_experience_Talent_id
WHERE
		CASE
			WHEN city is NULL THEN 1
			ELSE talent_Location_type_id = 2 AND talent_Live_id = city
		END
	AND
		CASE
			WHEN talentName is NULL THEN 1
			ELSE talent_Name like CONCAT('%',talentName,'%')
		END;
END */;;
DELIMITER ;
/*!50003 SET sql_mode              = @saved_sql_mode */ ;
/*!50003 SET character_set_client  = @saved_cs_client */ ;
/*!50003 SET character_set_results = @saved_cs_results */ ;
/*!50003 SET collation_connection  = @saved_col_connection */ ;
/*!50003 DROP PROCEDURE IF EXISTS `P_talentJobStatusUpdateForEnterprise` */;
/*!50003 SET @saved_cs_client      = @@character_set_client */ ;
/*!50003 SET @saved_cs_results     = @@character_set_results */ ;
/*!50003 SET @saved_col_connection = @@collation_connection */ ;
/*!50003 SET character_set_client  = utf8 */ ;
/*!50003 SET character_set_results = utf8 */ ;
/*!50003 SET collation_connection  = utf8_general_ci */ ;
/*!50003 SET @saved_sql_mode       = @@sql_mode */ ;
/*!50003 SET sql_mode              = '' */ ;
DELIMITER ;;
/*!50003 CREATE*/ /*!50020 DEFINER=`root`@`localhost`*/ /*!50003 PROCEDURE `P_talentJobStatusUpdateForEnterprise`(IN_enterpriseUserAccount varchar(20), IN_city INT(11), IN_talentName varchar(20), IN_offset INT(11), IN_limit INT(11))
    DETERMINISTIC
    COMMENT '搜索猎头推荐人才到职位记录，按照记录推荐状态排序，接收参数IN_enterpriseUserAccount varchar(20)只取指定用人单位的记录, IN_city INT(11)用来根据人才所属城市筛选结果, IN_talentName varchar(20)用来根据人才姓名模糊匹配筛选结果'
BEGIN
DECLARE offsetNum INT(11);
DECLARE limitNum INT(11);
DECLARE enterpriseUserAccount VARCHAR(20);
DECLARE city INT(11);
DECLARE talentName VARCHAR(20);

IF (IN_offset IS NULL) THEN
	SET offsetNum = 0;
ELSE
	SET offsetNum = IN_offset;
END IF;

IF (IN_limit IS NULL) THEN
	SET limitNum = 18446744073709551615;
ELSE
	SET limitNum = IN_limit;
END IF;

SET enterpriseUserAccount = IN_enterpriseUserAccount;
SET city = IN_city;
SET talentName = CONCAT('%',TRIM(IN_talentName),'%');

SELECT SQL_CALC_FOUND_ROWS
	hunter_talent_job_Talent_Id,
	hunter_talent_job_Talent_name,
	hunter_talent_job_Hunter_account,
	CASE
		WHEN E.location_Type_id = 2 THEN E.location_Name
		ELSE E.R_city_name
	END AS R_talent_city,
	job_Id,
	job_Title,
	YEAR(NOW()) - YEAR(hunter_talent_job_Talent_born_year) R_age,
	IFNULL(sex_Name, '未知') R_sex,
	A.hunter_talent_job_Status_update_time,
	C.hunter_talent_job_submit_status_Des,
	FORMAT(((hunter_talent_job_Wuguan
	+ hunter_talent_job_Pifu
	+ hunter_talent_job_Xiushi
	+ hunter_talent_job_Qizhi
	+ hunter_talent_job_Tantu
	+ hunter_talent_job_Juzhi
	+ hunter_talent_job_Goutong
	+ hunter_talent_job_Xiaoshou)/8),0) R_star
FROM
	T_Hunter_Talent_Job AS A
JOIN
	T_Job AS B
ON
	A.hunter_talent_job_Job_id = B.job_Id
JOIN
	T_Hunter_Talent_Job_Submit_status AS C
ON
	A.hunter_talent_job_Status = C.hunter_talent_job_submit_status_Id
LEFT JOIN
	T_Sex AS D
ON
	A.hunter_talent_job_Talent_sex_id = sex_Id
LEFT JOIN
	V_Location AS E
ON
		A.hunter_talent_job_Talent_location_type_id = E.location_Type_id
	AND
		A.hunter_talent_job_Talent_live_id = E.location_Id
WHERE
	B.job_Enterprise_user_account = enterpriseUserAccount
	AND
		CASE
			WHEN city is NULL THEN 1
			ELSE (E.location_Type_id = 2 AND E.location_Id = city) OR (E.R_city_id = city)
		END
	AND
		CASE
			WHEN talentName is NULL THEN 1
			ELSE hunter_talent_job_Talent_name like talentName
		END
ORDER BY
	A.hunter_talent_job_Status_update_time DESC
LIMIT
	offsetNum,
	limitNum
;
SELECT FOUND_ROWS() R_total_rows;
END */;;
DELIMITER ;
/*!50003 SET sql_mode              = @saved_sql_mode */ ;
/*!50003 SET character_set_client  = @saved_cs_client */ ;
/*!50003 SET character_set_results = @saved_cs_results */ ;
/*!50003 SET collation_connection  = @saved_col_connection */ ;
/*!50003 DROP PROCEDURE IF EXISTS `P_talentJobStatusUpdateForHunter` */;
/*!50003 SET @saved_cs_client      = @@character_set_client */ ;
/*!50003 SET @saved_cs_results     = @@character_set_results */ ;
/*!50003 SET @saved_col_connection = @@collation_connection */ ;
/*!50003 SET character_set_client  = utf8 */ ;
/*!50003 SET character_set_results = utf8 */ ;
/*!50003 SET collation_connection  = utf8_general_ci */ ;
/*!50003 SET @saved_sql_mode       = @@sql_mode */ ;
/*!50003 SET sql_mode              = '' */ ;
DELIMITER ;;
/*!50003 CREATE*/ /*!50020 DEFINER=`root`@`localhost`*/ /*!50003 PROCEDURE `P_talentJobStatusUpdateForHunter`(IN_hunterAccount varchar(20), IN_city INT(11), IN_talentName varchar(20), IN_offset INT(11), IN_limit INT(11))
    DETERMINISTIC
    COMMENT '搜索猎头推荐人才到职位记录，按照记录推荐状态排序，接收参数IN_hunterAccount varchar(20)只取指定猎头推荐的记录, IN_city INT(11)用来根据人才所属城市筛选结果, IN_talentName varchar(20)用来根据人才姓名模糊匹配筛选结果'
BEGIN
DECLARE offsetNum INT(11);
DECLARE limitNum INT(11);
DECLARE hunterAccount VARCHAR(20);
DECLARE city INT(11);
DECLARE talentName VARCHAR(20);

IF (IN_offset IS NULL) THEN
	SET offsetNum = 0;
ELSE
	SET offsetNum = IN_offset;
END IF;

IF (IN_limit IS NULL) THEN
	SET limitNum = 18446744073709551615;
ELSE
	SET limitNum = IN_limit;
END IF;

SET hunterAccount = IN_hunterAccount;
SET city = IN_city;
SET talentName = CONCAT('%',TRIM(IN_talentName),'%');

SELECT SQL_CALC_FOUND_ROWS
	hunter_talent_job_Talent_Id,
	hunter_talent_job_Talent_name,
	CASE
		WHEN E.location_Type_id = 2 THEN E.location_Name
		ELSE E.R_city_name
	END AS R_city,
	job_Id,
	job_Title,
	YEAR(NOW()) - YEAR(hunter_talent_job_Talent_born_year) R_age,
	IFNULL(sex_Name, '未知') R_sex,
	A.hunter_talent_job_Status_update_time,
	C.hunter_talent_job_submit_status_Des
FROM
	T_Hunter_Talent_Job AS A
JOIN
	T_Job AS B
ON
	A.hunter_talent_job_Job_id = B.job_Id
JOIN
	T_Hunter_Talent_Job_Submit_status AS C
ON
	A.hunter_talent_job_Status = C.hunter_talent_job_submit_status_Id
LEFT JOIN
	T_Sex AS D
ON
	A.hunter_talent_job_Talent_sex_id = sex_Id
LEFT JOIN
	V_Location AS E
ON
		A.hunter_talent_job_Talent_location_type_id = E.location_Type_id
	AND
		A.hunter_talent_job_Talent_live_id = E.location_Id
WHERE
	A.hunter_talent_job_Hunter_account = hunterAccount
	AND
		CASE
			WHEN city is NULL THEN 1
			ELSE (E.location_Type_id = 2 AND E.location_Id = city) OR (E.R_city_id = city)
		END
	AND
		CASE
			WHEN talentName is NULL THEN 1
			ELSE hunter_talent_job_Talent_name like talentName
		END
ORDER BY
	A.hunter_talent_job_Status_update_time DESC
LIMIT
	offsetNum,
	limitNum
;
SELECT FOUND_ROWS() R_total_rows;
END */;;
DELIMITER ;
/*!50003 SET sql_mode              = @saved_sql_mode */ ;
/*!50003 SET character_set_client  = @saved_cs_client */ ;
/*!50003 SET character_set_results = @saved_cs_results */ ;
/*!50003 SET collation_connection  = @saved_col_connection */ ;
/*!50003 DROP PROCEDURE IF EXISTS `P_test` */;
/*!50003 SET @saved_cs_client      = @@character_set_client */ ;
/*!50003 SET @saved_cs_results     = @@character_set_results */ ;
/*!50003 SET @saved_col_connection = @@collation_connection */ ;
/*!50003 SET character_set_client  = utf8 */ ;
/*!50003 SET character_set_results = utf8 */ ;
/*!50003 SET collation_connection  = utf8_general_ci */ ;
/*!50003 SET @saved_sql_mode       = @@sql_mode */ ;
/*!50003 SET sql_mode              = '' */ ;
DELIMITER ;;
/*!50003 CREATE*/ /*!50020 DEFINER=`root`@`localhost`*/ /*!50003 PROCEDURE `P_test`()
    DETERMINISTIC
BEGIN
declare t varchar(255);


CALL P_test1;
CALL P_test2;
    END */;;
DELIMITER ;
/*!50003 SET sql_mode              = @saved_sql_mode */ ;
/*!50003 SET character_set_client  = @saved_cs_client */ ;
/*!50003 SET character_set_results = @saved_cs_results */ ;
/*!50003 SET collation_connection  = @saved_col_connection */ ;
/*!50003 DROP PROCEDURE IF EXISTS `P_test2` */;
/*!50003 SET @saved_cs_client      = @@character_set_client */ ;
/*!50003 SET @saved_cs_results     = @@character_set_results */ ;
/*!50003 SET @saved_col_connection = @@collation_connection */ ;
/*!50003 SET character_set_client  = utf8 */ ;
/*!50003 SET character_set_results = utf8 */ ;
/*!50003 SET collation_connection  = utf8_general_ci */ ;
/*!50003 SET @saved_sql_mode       = @@sql_mode */ ;
/*!50003 SET sql_mode              = '' */ ;
DELIMITER ;;
/*!50003 CREATE*/ /*!50020 DEFINER=`root`@`localhost`*/ /*!50003 PROCEDURE `P_test2`()
    DETERMINISTIC
BEGIN
update t_test set sex_name = "tttt" where sex_id = 20;
    END */;;
DELIMITER ;
/*!50003 SET sql_mode              = @saved_sql_mode */ ;
/*!50003 SET character_set_client  = @saved_cs_client */ ;
/*!50003 SET character_set_results = @saved_cs_results */ ;
/*!50003 SET collation_connection  = @saved_col_connection */ ;
/*!50003 DROP PROCEDURE IF EXISTS `P_updateJob` */;
/*!50003 SET @saved_cs_client      = @@character_set_client */ ;
/*!50003 SET @saved_cs_results     = @@character_set_results */ ;
/*!50003 SET @saved_col_connection = @@collation_connection */ ;
/*!50003 SET character_set_client  = utf8 */ ;
/*!50003 SET character_set_results = utf8 */ ;
/*!50003 SET collation_connection  = utf8_general_ci */ ;
/*!50003 SET @saved_sql_mode       = @@sql_mode */ ;
/*!50003 SET sql_mode              = '' */ ;
DELIMITER ;;
/*!50003 CREATE*/ /*!50020 DEFINER=`root`@`localhost`*/ /*!50003 PROCEDURE `P_updateJob`(IN_id INT(11), IN_time_updated DATETIME, IN_title VARCHAR(40), IN_simple_des VARCHAR(200), IN_detail_des MEDIUMTEXT, IN_enterprise_user_account VARCHAR(20), IN_type_id INT(11), IN_status_id INT(11), IN_recruit_num INT(11), IN_year_low INT(11), IN_year_high INT(11), IN_salary_type_id INT(11), IN_salary_less INT(11), IN_salary_high INT(11), IN_commission_type_id INT(11), IN_commission DECIMAL(8,2), IN_start_date DATE, IN_end_date DATE)
    DETERMINISTIC
BEGIN
DECLARE Result INT(11);
DECLARE newJobId INT(11);

SET IN_enterprise_user_account = IFNULL(IN_enterprise_user_account, 'systemDefault');
SET IN_type_id = IFNULL(IN_type_id, 10); /*id 10 in T_Job_type is '其他职位'*/
SET IN_status_id = 1; /*新建职位默认为1:激活状态*/
SET IN_salary_type_id = 1; /*新建职位默认为1:固定数额*/

UPDATE
	T_Job
SET 
	job_Title = IN_title,
	job_Simple_des = IN_simple_des, 
	job_Detail_des = IN_detail_des, 
	job_Enterprise_user_account = IN_enterprise_user_account, 
	job_Type_id = IN_type_id, 
	job_Status_id = IN_status_id, 
	job_Recruit_num = IN_recruit_num, 
	job_Year_low = IN_year_low, 
	job_Year_high = IN_year_high, 
	job_Salary_type_id = IN_salary_type_id,  
	job_Salary_less = IN_salary_less, 
	job_Salary_high = IN_salary_high, 
	job_Commission_type_id = IN_commission_type_id, 
	job_Commission = IN_commission, 
	job_Start_date = IN_start_date, 
	job_End_date = IN_end_date
WHERE
	job_Id = IN_id
AND
	time_updated = IN_time_updated;

IF (ROW_COUNT() = 1)
THEN	
		SET Result = 1;
ELSEIF (ROW_COUNT() = 0)
THEN
		SET Result = 0;
ELSE
		CALL RAISE_ERROR_P_updateJob;
END IF;
SELECT Result;
END */;;
DELIMITER ;
/*!50003 SET sql_mode              = @saved_sql_mode */ ;
/*!50003 SET character_set_client  = @saved_cs_client */ ;
/*!50003 SET character_set_results = @saved_cs_results */ ;
/*!50003 SET collation_connection  = @saved_col_connection */ ;

--
-- Final view structure for view `v_location`
--

/*!50001 DROP TABLE IF EXISTS `v_location`*/;
/*!50001 DROP VIEW IF EXISTS `v_location`*/;
/*!50001 SET @saved_cs_client          = @@character_set_client */;
/*!50001 SET @saved_cs_results         = @@character_set_results */;
/*!50001 SET @saved_col_connection     = @@collation_connection */;
/*!50001 SET character_set_client      = utf8 */;
/*!50001 SET character_set_results     = utf8 */;
/*!50001 SET collation_connection      = utf8_general_ci */;
/*!50001 CREATE ALGORITHM=UNDEFINED */
/*!50013 DEFINER=`root`@`localhost` SQL SECURITY DEFINER */
/*!50001 VIEW `v_location` AS select 1 AS `location_Type_id`,`t_province`.`province_Id` AS `location_Id`,`t_province`.`province_Name` AS `location_Name`,NULL AS `R_city_id`,NULL AS `R_city_name`,NULL AS `R_province_id`,NULL AS `R_province_name` from `t_province` union select 2 AS `location_Type`,`t_city`.`city_Id` AS `location_Id`,`t_city`.`city_Name` AS `location_Name`,NULL AS `R_city_id`,NULL AS `R_city_Name`,`t_city`.`city_Province_id` AS `R_province_id`,`t_province`.`province_Name` AS `R_province_name` from (`t_city` join `t_province` on((`t_city`.`city_Province_id` = `t_province`.`province_Id`))) union select 3 AS `location_type`,`t_area`.`area_Id` AS `location_Id`,`t_area`.`area_Name` AS `location_Name`,`t_area`.`area_City_id` AS `R_city_id`,`t_city`.`city_Name` AS `R_city_Name`,`t_city`.`city_Province_id` AS `R_province_id`,`t_province`.`province_Name` AS `R_province_name` from ((`t_area` join `t_city` on((`t_area`.`area_City_id` = `t_city`.`city_Id`))) join `t_province` on((`t_city`.`city_Province_id` = `t_province`.`province_Id`))) */;
/*!50001 SET character_set_client      = @saved_cs_client */;
/*!50001 SET character_set_results     = @saved_cs_results */;
/*!50001 SET collation_connection      = @saved_col_connection */;

--
-- Final view structure for view `v_location_info`
--

/*!50001 DROP TABLE IF EXISTS `v_location_info`*/;
/*!50001 DROP VIEW IF EXISTS `v_location_info`*/;
/*!50001 SET @saved_cs_client          = @@character_set_client */;
/*!50001 SET @saved_cs_results         = @@character_set_results */;
/*!50001 SET @saved_col_connection     = @@collation_connection */;
/*!50001 SET character_set_client      = utf8 */;
/*!50001 SET character_set_results     = utf8 */;
/*!50001 SET collation_connection      = utf8_general_ci */;
/*!50001 CREATE ALGORITHM=UNDEFINED */
/*!50013 DEFINER=`root`@`localhost` SQL SECURITY DEFINER */
/*!50001 VIEW `v_location_info` AS select 1 AS `location_type_id`,`t_province`.`province_Id` AS `location_id`,`t_province`.`province_Name` AS `location_name`,NULL AS `r_area_id`,NULL AS `r_area_name`,NULL AS `r_city_id`,NULL AS `r_city_name`,`t_province`.`province_Id` AS `r_province_id`,`t_province`.`province_Name` AS `r_province_name` from `t_province` union select 2 AS `location_type`,`t_city`.`city_Id` AS `location_id`,`t_city`.`city_Name` AS `location_name`,NULL AS `r_area_id`,NULL AS `r_area_name`,`t_city`.`city_Id` AS `r_city_id`,`t_city`.`city_Name` AS `r_city_name`,`t_city`.`city_Province_id` AS `r_province_id`,`t_province`.`province_Name` AS `r_province_name` from (`t_city` join `t_province` on((`t_city`.`city_Province_id` = `t_province`.`province_Id`))) union select 3 AS `location_type`,`t_area`.`area_Id` AS `location_id`,`t_area`.`area_Name` AS `location_name`,`t_area`.`area_Id` AS `r_area_id`,`t_area`.`area_Name` AS `r_area_name`,`t_area`.`area_City_id` AS `r_city_id`,`t_city`.`city_Name` AS `r_city_name`,`t_city`.`city_Province_id` AS `r_province_id`,`t_province`.`province_Name` AS `r_province_name` from ((`t_area` join `t_city` on((`t_area`.`area_City_id` = `t_city`.`city_Id`))) join `t_province` on((`t_city`.`city_Province_id` = `t_province`.`province_Id`))) */;
/*!50001 SET character_set_client      = @saved_cs_client */;
/*!50001 SET character_set_results     = @saved_cs_results */;
/*!50001 SET collation_connection      = @saved_col_connection */;
/*!40103 SET TIME_ZONE=@OLD_TIME_ZONE */;

/*!40101 SET SQL_MODE=@OLD_SQL_MODE */;
/*!40014 SET FOREIGN_KEY_CHECKS=@OLD_FOREIGN_KEY_CHECKS */;
/*!40014 SET UNIQUE_CHECKS=@OLD_UNIQUE_CHECKS */;
/*!40101 SET CHARACTER_SET_CLIENT=@OLD_CHARACTER_SET_CLIENT */;
/*!40101 SET CHARACTER_SET_RESULTS=@OLD_CHARACTER_SET_RESULTS */;
/*!40101 SET COLLATION_CONNECTION=@OLD_COLLATION_CONNECTION */;
/*!40111 SET SQL_NOTES=@OLD_SQL_NOTES */;

-- Dump completed on 2011-09-15 17:13:01
